timestamp, power.draw [W]
2026/07/24 12:12:37.718, 6.07 W
2026/07/24 12:12:38.726, 6.07 W
2026/07/24 12:12:39.726, 6.22 W
2026/07/24 12:12:40.726, 6.17 W
2026/07/24 12:12:41.726, 6.17 W
2026/07/24 12:12:42.726, 6.22 W
2026/07/24 12:12:43.726, 6.07 W
2026/07/24 12:12:44.726, 6.12 W
2026/07/24 12:12:45.726, 6.17 W
2026/07/24 12:12:46.727, 6.07 W
2026/07/24 12:12:47.727, 6.12 W
2026/07/24 12:12:48.727, 6.17 W
2026/07/24 12:12:49.727, 6.07 W
2026/07/24 12:12:50.727, 6.12 W
2026/07/24 12:12:51.727, 6.12 W
2026/07/24 12:12:52.727, 6.12 W
2026/07/24 12:12:53.727, 6.17 W
2026/07/24 12:12:54.727, 6.07 W
2026/07/24 12:12:55.727, 6.17 W
2026/07/24 12:12:56.727, 6.22 W
2026/07/24 12:12:57.728, 6.07 W
2026/07/24 12:12:58.728, 6.07 W
2026/07/24 12:12:59.728, 6.07 W
2026/07/24 12:13:00.728, 6.03 W
2026/07/24 12:13:01.728, 6.07 W
2026/07/24 12:13:02.728, 6.07 W
2026/07/24 12:13:03.728, 6.12 W
2026/07/24 12:13:04.728, 6.17 W
2026/07/24 12:13:05.728, 6.12 W
2026/07/24 12:13:06.728, 6.17 W
2026/07/24 12:13:07.728, 6.12 W
2026/07/24 12:13:08.729, 6.07 W
2026/07/24 12:13:09.729, 6.17 W
2026/07/24 12:13:10.729, 6.12 W
2026/07/24 12:13:11.729, 6.07 W
2026/07/24 12:13:12.729, 6.22 W
2026/07/24 12:13:13.729, 6.32 W
2026/07/24 12:13:14.729, 11.44 W
2026/07/24 12:13:15.729, 21.21 W
2026/07/24 12:13:16.729, 21.31 W
2026/07/24 12:13:17.730, 20.83 W
2026/07/24 12:13:18.730, 57.39 W
2026/07/24 12:13:19.730, 59.10 W
2026/07/24 12:13:20.730, 59.52 W
2026/07/24 12:13:21.730, 60.16 W
2026/07/24 12:13:22.730, 60.62 W
2026/07/24 12:13:23.730, 59.61 W
2026/07/24 12:13:24.730, 59.90 W
2026/07/24 12:13:25.730, 59.67 W
2026/07/24 12:13:26.730, 59.95 W
2026/07/24 12:13:27.730, 59.12 W
2026/07/24 12:13:28.730, 60.06 W
2026/07/24 12:13:29.730, 60.47 W
2026/07/24 12:13:30.731, 60.42 W
2026/07/24 12:13:31.731, 60.21 W
2026/07/24 12:13:32.731, 60.47 W
2026/07/24 12:13:33.731, 60.38 W
2026/07/24 12:13:34.731, 60.31 W
2026/07/24 12:13:35.731, 60.11 W
2026/07/24 12:13:36.731, 60.70 W
2026/07/24 12:13:37.731, 60.23 W
2026/07/24 12:13:38.731, 60.03 W
2026/07/24 12:13:39.731, 60.15 W
2026/07/24 12:13:40.732, 59.93 W
2026/07/24 12:13:41.732, 60.12 W
2026/07/24 12:13:42.732, 60.28 W
2026/07/24 12:13:43.732, 60.56 W
2026/07/24 12:13:44.732, 60.08 W
2026/07/24 12:13:45.732, 59.91 W
2026/07/24 12:13:46.732, 60.62 W
2026/07/24 12:13:47.732, 60.06 W
2026/07/24 12:13:48.732, 60.24 W
2026/07/24 12:13:49.732, 59.99 W
2026/07/24 12:13:50.733, 60.13 W
2026/07/24 12:13:51.733, 59.69 W
2026/07/24 12:13:52.733, 60.01 W
2026/07/24 12:13:53.733, 60.21 W
2026/07/24 12:13:54.733, 60.22 W
2026/07/24 12:13:55.733, 59.64 W
2026/07/24 12:13:56.733, 60.69 W
2026/07/24 12:13:57.733, 60.70 W
2026/07/24 12:13:58.733, 59.70 W
2026/07/24 12:13:59.733, 59.97 W
2026/07/24 12:14:00.733, 59.81 W
2026/07/24 12:14:01.734, 60.09 W
2026/07/24 12:14:02.734, 60.66 W
2026/07/24 12:14:03.734, 60.03 W
2026/07/24 12:14:04.734, 59.48 W
2026/07/24 12:14:05.734, 59.77 W
2026/07/24 12:14:06.734, 59.73 W
2026/07/24 12:14:07.734, 59.79 W
2026/07/24 12:14:08.734, 60.25 W
2026/07/24 12:14:09.734, 60.53 W
2026/07/24 12:14:10.734, 60.79 W
2026/07/24 12:14:11.735, 60.74 W
2026/07/24 12:14:12.735, 59.79 W
2026/07/24 12:14:13.735, 59.78 W
2026/07/24 12:14:14.735, 59.79 W
2026/07/24 12:14:15.735, 60.13 W
2026/07/24 12:14:16.735, 60.32 W
2026/07/24 12:14:17.735, 59.91 W
2026/07/24 12:14:18.735, 59.82 W
2026/07/24 12:14:19.735, 60.11 W
2026/07/24 12:14:20.736, 60.49 W
2026/07/24 12:14:21.736, 60.07 W
2026/07/24 12:14:22.736, 59.91 W
2026/07/24 12:14:23.736, 60.38 W
2026/07/24 12:14:24.736, 60.53 W
2026/07/24 12:14:25.736, 59.85 W
2026/07/24 12:14:26.736, 59.75 W
2026/07/24 12:14:27.736, 60.50 W
2026/07/24 12:14:28.736, 60.17 W
2026/07/24 12:14:29.736, 59.86 W
2026/07/24 12:14:30.737, 60.65 W
2026/07/24 12:14:31.737, 60.12 W
2026/07/24 12:14:32.737, 59.53 W
2026/07/24 12:14:33.737, 60.02 W
2026/07/24 12:14:34.737, 60.38 W
2026/07/24 12:14:35.737, 59.85 W
2026/07/24 12:14:36.737, 60.06 W
2026/07/24 12:14:37.737, 59.99 W
2026/07/24 12:14:38.737, 59.94 W
2026/07/24 12:14:39.737, 60.47 W
2026/07/24 12:14:40.738, 60.38 W
2026/07/24 12:14:41.738, 60.10 W
2026/07/24 12:14:42.738, 60.20 W
2026/07/24 12:14:43.738, 60.59 W
2026/07/24 12:14:44.738, 60.04 W
2026/07/24 12:14:45.738, 60.17 W
2026/07/24 12:14:46.738, 60.33 W
2026/07/24 12:14:47.738, 60.11 W
2026/07/24 12:14:48.738, 59.83 W
2026/07/24 12:14:49.738, 59.99 W
2026/07/24 12:14:50.739, 60.31 W
2026/07/24 12:14:51.739, 59.90 W
2026/07/24 12:14:52.739, 60.23 W
2026/07/24 12:14:53.739, 60.35 W
2026/07/24 12:14:54.739, 60.34 W
2026/07/24 12:14:55.739, 60.36 W
2026/07/24 12:14:56.739, 59.98 W
2026/07/24 12:14:57.739, 60.25 W
2026/07/24 12:14:58.739, 60.19 W
2026/07/24 12:14:59.739, 60.08 W
2026/07/24 12:15:00.740, 60.44 W
2026/07/24 12:15:01.740, 60.09 W
2026/07/24 12:15:02.740, 60.31 W
2026/07/24 12:15:03.740, 60.12 W
2026/07/24 12:15:04.740, 60.06 W
2026/07/24 12:15:05.740, 59.96 W
2026/07/24 12:15:06.740, 60.15 W
2026/07/24 12:15:07.740, 60.24 W
2026/07/24 12:15:08.740, 60.09 W
2026/07/24 12:15:09.740, 60.17 W
2026/07/24 12:15:10.741, 60.17 W
2026/07/24 12:15:11.741, 60.17 W
2026/07/24 12:15:12.741, 60.38 W
2026/07/24 12:15:13.741, 60.35 W
2026/07/24 12:15:14.741, 60.28 W
2026/07/24 12:15:15.741, 59.87 W
2026/07/24 12:15:16.741, 60.44 W
2026/07/24 12:15:17.741, 60.37 W
2026/07/24 12:15:18.742, 59.88 W
2026/07/24 12:15:19.742, 60.41 W
2026/07/24 12:15:20.742, 60.28 W
2026/07/24 12:15:21.742, 59.80 W
2026/07/24 12:15:22.742, 59.98 W
2026/07/24 12:15:23.742, 60.12 W
2026/07/24 12:15:24.742, 60.07 W
2026/07/24 12:15:25.742, 60.24 W
2026/07/24 12:15:26.742, 60.02 W
2026/07/24 12:15:27.742, 60.00 W
2026/07/24 12:15:28.743, 60.40 W
2026/07/24 12:15:29.743, 59.98 W
2026/07/24 12:15:30.743, 60.04 W
2026/07/24 12:15:31.743, 60.26 W
2026/07/24 12:15:32.743, 60.72 W
2026/07/24 12:15:33.743, 60.04 W
2026/07/24 12:15:34.743, 59.95 W
2026/07/24 12:15:35.743, 60.45 W
2026/07/24 12:15:36.743, 60.05 W
2026/07/24 12:15:37.744, 60.40 W
2026/07/24 12:15:38.744, 60.27 W
2026/07/24 12:15:39.744, 60.06 W
2026/07/24 12:15:40.744, 60.00 W
2026/07/24 12:15:41.744, 60.22 W
2026/07/24 12:15:42.744, 60.21 W
2026/07/24 12:15:43.744, 60.12 W
2026/07/24 12:15:44.744, 60.00 W
2026/07/24 12:15:45.744, 60.11 W
2026/07/24 12:15:46.744, 59.97 W
2026/07/24 12:15:47.745, 60.39 W
2026/07/24 12:15:48.745, 60.14 W
2026/07/24 12:15:49.745, 59.88 W
2026/07/24 12:15:50.745, 60.13 W
2026/07/24 12:15:51.745, 60.24 W
2026/07/24 12:15:52.745, 59.98 W
2026/07/24 12:15:53.745, 60.23 W
2026/07/24 12:15:54.745, 60.29 W
2026/07/24 12:15:55.745, 60.35 W
2026/07/24 12:15:56.745, 60.40 W
2026/07/24 12:15:57.746, 60.27 W
2026/07/24 12:15:58.746, 60.27 W
2026/07/24 12:15:59.746, 60.26 W
2026/07/24 12:16:00.746, 59.84 W
2026/07/24 12:16:01.746, 60.14 W
2026/07/24 12:16:02.746, 60.13 W
2026/07/24 12:16:03.746, 60.31 W
2026/07/24 12:16:04.746, 60.33 W
2026/07/24 12:16:05.746, 60.17 W
2026/07/24 12:16:06.747, 60.28 W
2026/07/24 12:16:07.747, 60.29 W
2026/07/24 12:16:08.747, 60.35 W
2026/07/24 12:16:09.747, 60.30 W
2026/07/24 12:16:10.747, 60.05 W
2026/07/24 12:16:11.747, 60.15 W
2026/07/24 12:16:12.747, 60.50 W
2026/07/24 12:16:13.747, 60.29 W
2026/07/24 12:16:14.747, 60.17 W
2026/07/24 12:16:15.748, 60.17 W
2026/07/24 12:16:16.748, 59.85 W
2026/07/24 12:16:17.748, 60.04 W
2026/07/24 12:16:18.748, 60.31 W
2026/07/24 12:16:19.748, 60.09 W
2026/07/24 12:16:20.748, 60.29 W
2026/07/24 12:16:21.748, 60.26 W
2026/07/24 12:16:22.748, 60.23 W
2026/07/24 12:16:23.748, 59.83 W
2026/07/24 12:16:24.749, 59.86 W
2026/07/24 12:16:25.749, 60.20 W
2026/07/24 12:16:26.749, 60.16 W
2026/07/24 12:16:27.749, 60.23 W
2026/07/24 12:16:28.749, 60.14 W
2026/07/24 12:16:29.749, 60.23 W
2026/07/24 12:16:30.749, 60.16 W
2026/07/24 12:16:31.749, 59.98 W
2026/07/24 12:16:32.749, 60.14 W
2026/07/24 12:16:33.749, 60.29 W
2026/07/24 12:16:34.749, 60.18 W
2026/07/24 12:16:35.749, 59.87 W
2026/07/24 12:16:36.749, 59.95 W
2026/07/24 12:16:37.750, 59.77 W
2026/07/24 12:16:38.750, 59.97 W
2026/07/24 12:16:39.750, 60.26 W
2026/07/24 12:16:40.750, 60.57 W
2026/07/24 12:16:41.750, 59.90 W
2026/07/24 12:16:42.750, 60.06 W
2026/07/24 12:16:43.750, 60.08 W
2026/07/24 12:16:44.750, 59.98 W
2026/07/24 12:16:45.750, 60.09 W
2026/07/24 12:16:46.750, 59.92 W
2026/07/24 12:16:47.751, 60.32 W
2026/07/24 12:16:48.751, 60.25 W
2026/07/24 12:16:49.751, 60.04 W
2026/07/24 12:16:50.751, 60.17 W
2026/07/24 12:16:51.751, 59.79 W
2026/07/24 12:16:52.751, 59.93 W
2026/07/24 12:16:53.751, 60.03 W
2026/07/24 12:16:54.751, 60.22 W
2026/07/24 12:16:55.751, 60.18 W
2026/07/24 12:16:56.751, 60.14 W
2026/07/24 12:16:57.752, 59.96 W
2026/07/24 12:16:58.752, 59.95 W
2026/07/24 12:16:59.752, 60.55 W
2026/07/24 12:17:00.752, 60.32 W
2026/07/24 12:17:01.752, 60.07 W
2026/07/24 12:17:02.752, 60.17 W
2026/07/24 12:17:03.752, 60.04 W
2026/07/24 12:17:04.752, 60.05 W
2026/07/24 12:17:05.753, 60.07 W
2026/07/24 12:17:06.753, 59.98 W
2026/07/24 12:17:07.753, 60.05 W
2026/07/24 12:17:08.753, 60.08 W
2026/07/24 12:17:09.753, 60.15 W
2026/07/24 12:17:10.753, 60.08 W
2026/07/24 12:17:11.753, 60.00 W
2026/07/24 12:17:12.753, 59.85 W
2026/07/24 12:17:13.753, 60.16 W
2026/07/24 12:17:14.754, 60.08 W
2026/07/24 12:17:15.754, 59.99 W
2026/07/24 12:17:16.754, 60.09 W
2026/07/24 12:17:17.754, 59.92 W
2026/07/24 12:17:18.754, 60.53 W
2026/07/24 12:17:19.754, 60.09 W
2026/07/24 12:17:20.754, 60.21 W
2026/07/24 12:17:21.754, 60.09 W
2026/07/24 12:17:22.754, 60.22 W
2026/07/24 12:17:23.755, 59.97 W
2026/07/24 12:17:24.755, 60.28 W
2026/07/24 12:17:25.755, 60.01 W
2026/07/24 12:17:26.755, 60.37 W
2026/07/24 12:17:27.755, 60.38 W
2026/07/24 12:17:28.755, 60.13 W
2026/07/24 12:17:29.755, 60.33 W
2026/07/24 12:17:30.755, 60.23 W
2026/07/24 12:17:31.756, 59.98 W
2026/07/24 12:17:32.756, 60.09 W
2026/07/24 12:17:33.756, 60.03 W
2026/07/24 12:17:34.756, 60.62 W
2026/07/24 12:17:35.756, 60.15 W
2026/07/24 12:17:36.756, 60.17 W
2026/07/24 12:17:37.756, 60.01 W
2026/07/24 12:17:38.756, 60.21 W
2026/07/24 12:17:39.756, 60.13 W
2026/07/24 12:17:40.757, 60.14 W
2026/07/24 12:17:41.757, 60.10 W
2026/07/24 12:17:42.757, 60.29 W
2026/07/24 12:17:43.757, 59.97 W
2026/07/24 12:17:44.757, 60.21 W
2026/07/24 12:17:45.757, 60.12 W
2026/07/24 12:17:46.757, 60.05 W
2026/07/24 12:17:47.757, 60.11 W
2026/07/24 12:17:48.757, 60.02 W
2026/07/24 12:17:49.758, 60.07 W
2026/07/24 12:17:50.758, 60.10 W
2026/07/24 12:17:51.758, 60.12 W
2026/07/24 12:17:52.758, 60.37 W
2026/07/24 12:17:53.758, 60.22 W
2026/07/24 12:17:54.758, 60.42 W
2026/07/24 12:17:55.758, 60.20 W
2026/07/24 12:17:56.758, 60.16 W
2026/07/24 12:17:57.758, 60.20 W
2026/07/24 12:17:58.758, 60.15 W
2026/07/24 12:17:59.758, 51.00 W
2026/07/24 12:18:00.759, 61.11 W
2026/07/24 12:18:01.759, 61.20 W
2026/07/24 12:18:02.759, 60.57 W
2026/07/24 12:18:03.759, 59.95 W
2026/07/24 12:18:04.759, 60.86 W
2026/07/24 12:18:05.759, 59.84 W
2026/07/24 12:18:06.759, 60.02 W
2026/07/24 12:18:07.759, 60.63 W
2026/07/24 12:18:08.759, 59.78 W
2026/07/24 12:18:09.760, 59.88 W
2026/07/24 12:18:10.760, 60.65 W
2026/07/24 12:18:11.760, 60.37 W
2026/07/24 12:18:12.760, 59.73 W
2026/07/24 12:18:13.760, 60.33 W
2026/07/24 12:18:14.760, 60.50 W
2026/07/24 12:18:15.760, 59.64 W
2026/07/24 12:18:16.760, 60.17 W
2026/07/24 12:18:17.761, 60.60 W
2026/07/24 12:18:18.761, 59.62 W
2026/07/24 12:18:19.761, 59.79 W
2026/07/24 12:18:20.761, 59.80 W
2026/07/24 12:18:21.761, 60.03 W
2026/07/24 12:18:22.761, 60.09 W
2026/07/24 12:18:23.761, 60.23 W
2026/07/24 12:18:24.761, 60.44 W
2026/07/24 12:18:25.761, 60.13 W
2026/07/24 12:18:26.761, 60.33 W
2026/07/24 12:18:27.762, 59.92 W
2026/07/24 12:18:28.762, 60.39 W
2026/07/24 12:18:29.762, 60.10 W
2026/07/24 12:18:30.762, 60.06 W
2026/07/24 12:18:31.762, 60.00 W
2026/07/24 12:18:32.762, 60.32 W
2026/07/24 12:18:33.762, 60.02 W
2026/07/24 12:18:34.762, 60.26 W
2026/07/24 12:18:35.762, 60.34 W
2026/07/24 12:18:36.762, 59.77 W
2026/07/24 12:18:37.763, 60.42 W
2026/07/24 12:18:38.763, 60.17 W
2026/07/24 12:18:39.763, 60.01 W
2026/07/24 12:18:40.763, 60.32 W
2026/07/24 12:18:41.763, 60.44 W
2026/07/24 12:18:42.763, 60.18 W
2026/07/24 12:18:43.763, 59.94 W
2026/07/24 12:18:44.763, 59.90 W
2026/07/24 12:18:45.763, 60.26 W
2026/07/24 12:18:46.763, 60.05 W
2026/07/24 12:18:47.764, 60.42 W
2026/07/24 12:18:48.764, 59.99 W
2026/07/24 12:18:49.764, 60.02 W
2026/07/24 12:18:50.764, 60.27 W
2026/07/24 12:18:51.764, 59.99 W
2026/07/24 12:18:52.764, 60.22 W
2026/07/24 12:18:53.764, 60.33 W
2026/07/24 12:18:54.764, 60.32 W
2026/07/24 12:18:55.764, 60.44 W
2026/07/24 12:18:56.764, 60.10 W
2026/07/24 12:18:57.764, 60.26 W
2026/07/24 12:18:58.765, 59.93 W
2026/07/24 12:18:59.765, 60.34 W
2026/07/24 12:19:00.765, 60.29 W
2026/07/24 12:19:01.765, 60.29 W
2026/07/24 12:19:02.765, 60.16 W
2026/07/24 12:19:03.765, 60.22 W
2026/07/24 12:19:04.765, 60.08 W
2026/07/24 12:19:05.765, 60.20 W
2026/07/24 12:19:06.765, 59.98 W
2026/07/24 12:19:07.765, 60.33 W
2026/07/24 12:19:08.766, 60.15 W
2026/07/24 12:19:09.766, 60.13 W
2026/07/24 12:19:10.766, 59.98 W
2026/07/24 12:19:11.766, 60.18 W
2026/07/24 12:19:12.766, 60.16 W
2026/07/24 12:19:13.766, 60.26 W
2026/07/24 12:19:14.766, 59.96 W
2026/07/24 12:19:15.766, 60.30 W
2026/07/24 12:19:16.766, 60.03 W
2026/07/24 12:19:17.767, 60.04 W
2026/07/24 12:19:18.767, 59.97 W
2026/07/24 12:19:19.767, 60.17 W
2026/07/24 12:19:20.767, 60.20 W
2026/07/24 12:19:21.767, 60.16 W
2026/07/24 12:19:22.767, 60.15 W
2026/07/24 12:19:23.767, 60.07 W
2026/07/24 12:19:24.768, 60.31 W
2026/07/24 12:19:25.768, 60.33 W
2026/07/24 12:19:26.768, 59.99 W
2026/07/24 12:19:27.768, 59.81 W
2026/07/24 12:19:28.768, 60.07 W
2026/07/24 12:19:29.768, 60.06 W
2026/07/24 12:19:30.768, 59.90 W
2026/07/24 12:19:31.768, 59.71 W
2026/07/24 12:19:32.768, 59.82 W
2026/07/24 12:19:33.769, 59.91 W
2026/07/24 12:19:34.769, 59.98 W
2026/07/24 12:19:35.769, 60.23 W
2026/07/24 12:19:36.769, 59.98 W
2026/07/24 12:19:37.769, 60.39 W
2026/07/24 12:19:38.769, 60.40 W
2026/07/24 12:19:39.769, 60.16 W
2026/07/24 12:19:40.769, 60.33 W
2026/07/24 12:19:41.769, 60.04 W
2026/07/24 12:19:42.770, 60.13 W
2026/07/24 12:19:43.770, 60.30 W
2026/07/24 12:19:44.770, 60.12 W
2026/07/24 12:19:45.770, 60.22 W
2026/07/24 12:19:46.770, 60.02 W
2026/07/24 12:19:47.770, 60.27 W
2026/07/24 12:19:48.770, 60.02 W
2026/07/24 12:19:49.770, 60.46 W
2026/07/24 12:19:50.770, 60.18 W
2026/07/24 12:19:51.770, 59.96 W
2026/07/24 12:19:52.771, 60.13 W
2026/07/24 12:19:53.771, 60.22 W
2026/07/24 12:19:54.771, 60.25 W
2026/07/24 12:19:55.771, 60.09 W
2026/07/24 12:19:56.771, 60.03 W
2026/07/24 12:19:57.771, 60.26 W
2026/07/24 12:19:58.771, 59.99 W
2026/07/24 12:19:59.771, 60.30 W
2026/07/24 12:20:00.771, 60.18 W
2026/07/24 12:20:01.771, 60.13 W
2026/07/24 12:20:02.772, 60.20 W
2026/07/24 12:20:03.772, 60.25 W
2026/07/24 12:20:04.772, 60.30 W
2026/07/24 12:20:05.772, 60.02 W
2026/07/24 12:20:06.772, 60.07 W
2026/07/24 12:20:07.772, 60.03 W
2026/07/24 12:20:08.772, 60.06 W
2026/07/24 12:20:09.772, 60.07 W
2026/07/24 12:20:10.772, 60.24 W
2026/07/24 12:20:11.773, 60.28 W
2026/07/24 12:20:12.773, 60.06 W
2026/07/24 12:20:13.773, 60.28 W
2026/07/24 12:20:14.773, 60.18 W
2026/07/24 12:20:15.773, 59.82 W
2026/07/24 12:20:16.773, 60.26 W
2026/07/24 12:20:17.773, 59.88 W
2026/07/24 12:20:18.773, 60.13 W
2026/07/24 12:20:19.773, 60.07 W
2026/07/24 12:20:20.773, 60.33 W
2026/07/24 12:20:21.774, 60.14 W
2026/07/24 12:20:22.774, 60.00 W
2026/07/24 12:20:23.774, 60.20 W
2026/07/24 12:20:24.774, 59.88 W
2026/07/24 12:20:25.774, 60.02 W
2026/07/24 12:20:26.774, 60.24 W
2026/07/24 12:20:27.774, 60.11 W
2026/07/24 12:20:28.774, 60.01 W
2026/07/24 12:20:29.774, 60.47 W
2026/07/24 12:20:30.775, 60.18 W
2026/07/24 12:20:31.775, 60.21 W
2026/07/24 12:20:32.775, 60.28 W
2026/07/24 12:20:33.775, 59.94 W
2026/07/24 12:20:34.775, 60.05 W
2026/07/24 12:20:35.775, 60.23 W
2026/07/24 12:20:36.775, 60.11 W
2026/07/24 12:20:37.775, 60.20 W
2026/07/24 12:20:38.775, 59.98 W
2026/07/24 12:20:39.776, 60.25 W
2026/07/24 12:20:40.776, 60.06 W
2026/07/24 12:20:41.776, 60.17 W
2026/07/24 12:20:42.776, 60.21 W
2026/07/24 12:20:43.776, 60.28 W
2026/07/24 12:20:44.776, 60.25 W
2026/07/24 12:20:45.776, 60.33 W
2026/07/24 12:20:46.776, 59.97 W
2026/07/24 12:20:47.776, 60.31 W
2026/07/24 12:20:48.776, 59.97 W
2026/07/24 12:20:49.777, 60.06 W
2026/07/24 12:20:50.777, 60.19 W
2026/07/24 12:20:51.777, 60.19 W
2026/07/24 12:20:52.777, 59.81 W
2026/07/24 12:20:53.777, 60.05 W
2026/07/24 12:20:54.777, 60.08 W
2026/07/24 12:20:55.777, 59.97 W
2026/07/24 12:20:56.777, 60.15 W
2026/07/24 12:20:57.777, 60.15 W
2026/07/24 12:20:58.777, 60.08 W
2026/07/24 12:20:59.777, 60.34 W
2026/07/24 12:21:00.777, 60.24 W
2026/07/24 12:21:01.778, 60.27 W
2026/07/24 12:21:02.778, 60.33 W
2026/07/24 12:21:03.778, 60.12 W
2026/07/24 12:21:04.778, 60.05 W
2026/07/24 12:21:05.778, 60.33 W
2026/07/24 12:21:06.778, 59.99 W
2026/07/24 12:21:07.778, 60.24 W
2026/07/24 12:21:08.778, 60.41 W
2026/07/24 12:21:09.778, 60.15 W
2026/07/24 12:21:10.778, 60.00 W
2026/07/24 12:21:11.778, 60.19 W
2026/07/24 12:21:12.779, 60.15 W
2026/07/24 12:21:13.779, 60.04 W
2026/07/24 12:21:14.779, 60.20 W
2026/07/24 12:21:15.779, 60.28 W
2026/07/24 12:21:16.779, 60.13 W
2026/07/24 12:21:17.779, 60.11 W
2026/07/24 12:21:18.779, 60.14 W
2026/07/24 12:21:19.779, 60.27 W
2026/07/24 12:21:20.779, 60.28 W
2026/07/24 12:21:21.780, 60.43 W
2026/07/24 12:21:22.780, 60.20 W
2026/07/24 12:21:23.780, 60.10 W
2026/07/24 12:21:24.780, 60.14 W
2026/07/24 12:21:25.780, 60.07 W
2026/07/24 12:21:26.780, 60.24 W
2026/07/24 12:21:27.780, 60.21 W
2026/07/24 12:21:28.780, 60.31 W
2026/07/24 12:21:29.780, 60.09 W
2026/07/24 12:21:30.781, 60.15 W
2026/07/24 12:21:31.781, 60.09 W
2026/07/24 12:21:32.781, 59.99 W
2026/07/24 12:21:33.781, 60.03 W
2026/07/24 12:21:34.781, 60.14 W
2026/07/24 12:21:35.781, 60.28 W
2026/07/24 12:21:36.781, 60.10 W
2026/07/24 12:21:37.781, 60.21 W
2026/07/24 12:21:38.781, 60.16 W
2026/07/24 12:21:39.782, 60.22 W
2026/07/24 12:21:40.782, 60.37 W
2026/07/24 12:21:41.782, 60.26 W
2026/07/24 12:21:42.782, 60.37 W
2026/07/24 12:21:43.782, 60.25 W
2026/07/24 12:21:44.782, 60.36 W
2026/07/24 12:21:45.782, 60.49 W
2026/07/24 12:21:46.782, 60.03 W
2026/07/24 12:21:47.782, 60.37 W
2026/07/24 12:21:48.782, 60.24 W
2026/07/24 12:21:49.783, 59.92 W
2026/07/24 12:21:50.783, 60.21 W
2026/07/24 12:21:51.783, 60.35 W
2026/07/24 12:21:52.783, 60.22 W
2026/07/24 12:21:53.783, 59.99 W
2026/07/24 12:21:54.783, 60.13 W
2026/07/24 12:21:55.783, 60.08 W
2026/07/24 12:21:56.783, 60.16 W
2026/07/24 12:21:57.783, 60.10 W
2026/07/24 12:21:58.783, 60.29 W
2026/07/24 12:21:59.784, 60.44 W
2026/07/24 12:22:00.784, 60.17 W
2026/07/24 12:22:01.784, 60.31 W
2026/07/24 12:22:02.784, 60.08 W
2026/07/24 12:22:03.784, 60.02 W
2026/07/24 12:22:04.784, 60.26 W
2026/07/24 12:22:05.784, 60.19 W
2026/07/24 12:22:06.784, 60.18 W
2026/07/24 12:22:07.784, 60.15 W
2026/07/24 12:22:08.785, 60.37 W
2026/07/24 12:22:09.785, 60.24 W
2026/07/24 12:22:10.785, 60.22 W
2026/07/24 12:22:11.785, 60.17 W
2026/07/24 12:22:12.785, 60.24 W
2026/07/24 12:22:13.785, 60.22 W
2026/07/24 12:22:14.785, 60.04 W
2026/07/24 12:22:15.785, 60.13 W
2026/07/24 12:22:16.785, 60.03 W
2026/07/24 12:22:17.785, 60.13 W
2026/07/24 12:22:18.786, 60.24 W
2026/07/24 12:22:19.786, 60.13 W
2026/07/24 12:22:20.786, 60.16 W
2026/07/24 12:22:21.786, 60.14 W
2026/07/24 12:22:22.786, 60.30 W
2026/07/24 12:22:23.786, 59.72 W
2026/07/24 12:22:24.786, 60.27 W
2026/07/24 12:22:25.786, 60.15 W
2026/07/24 12:22:26.786, 60.15 W
2026/07/24 12:22:27.787, 60.01 W
2026/07/24 12:22:28.787, 60.28 W
2026/07/24 12:22:29.787, 60.23 W
2026/07/24 12:22:30.787, 60.17 W
2026/07/24 12:22:31.787, 60.38 W
2026/07/24 12:22:32.787, 60.36 W
2026/07/24 12:22:33.787, 60.19 W
2026/07/24 12:22:34.787, 60.16 W
2026/07/24 12:22:35.788, 60.12 W
2026/07/24 12:22:36.788, 60.07 W
2026/07/24 12:22:37.788, 60.16 W
2026/07/24 12:22:38.788, 60.25 W
2026/07/24 12:22:39.788, 60.15 W
2026/07/24 12:22:40.788, 60.15 W
2026/07/24 12:22:41.788, 60.01 W
2026/07/24 12:22:42.788, 60.25 W
2026/07/24 12:22:43.789, 60.14 W
2026/07/24 12:22:44.789, 60.24 W
2026/07/24 12:22:45.789, 60.01 W
2026/07/24 12:22:46.789, 60.12 W
2026/07/24 12:22:47.789, 60.24 W
2026/07/24 12:22:48.789, 59.85 W
2026/07/24 12:22:49.789, 60.25 W
2026/07/24 12:22:50.789, 60.31 W
2026/07/24 12:22:51.789, 60.34 W
2026/07/24 12:22:52.790, 60.01 W
2026/07/24 12:22:53.790, 60.10 W
2026/07/24 12:22:54.790, 60.26 W
2026/07/24 12:22:55.790, 59.94 W
2026/07/24 12:22:56.790, 60.23 W
2026/07/24 12:22:57.790, 60.28 W
2026/07/24 12:22:58.790, 60.18 W
2026/07/24 12:22:59.790, 60.17 W
2026/07/24 12:23:00.790, 60.09 W
2026/07/24 12:23:01.791, 59.67 W
2026/07/24 12:23:02.791, 60.13 W
2026/07/24 12:23:03.791, 60.14 W
2026/07/24 12:23:04.791, 60.15 W
2026/07/24 12:23:05.791, 60.29 W
2026/07/24 12:23:06.791, 60.21 W
2026/07/24 12:23:07.791, 50.57 W
2026/07/24 12:23:08.791, 59.04 W
2026/07/24 12:23:09.792, 60.09 W
2026/07/24 12:23:10.792, 58.47 W
2026/07/24 12:23:11.792, 60.58 W
2026/07/24 12:23:12.792, 60.69 W
2026/07/24 12:23:13.792, 60.04 W
2026/07/24 12:23:14.792, 59.75 W
2026/07/24 12:23:15.792, 59.82 W
2026/07/24 12:23:16.792, 60.78 W
2026/07/24 12:23:17.792, 60.67 W
2026/07/24 12:23:18.793, 60.09 W
2026/07/24 12:23:19.793, 59.97 W
2026/07/24 12:23:20.793, 60.03 W
2026/07/24 12:23:21.793, 60.59 W
2026/07/24 12:23:22.793, 60.24 W
2026/07/24 12:23:23.793, 59.67 W
2026/07/24 12:23:24.793, 59.71 W
2026/07/24 12:23:25.793, 60.01 W
2026/07/24 12:23:26.794, 60.70 W
2026/07/24 12:23:27.794, 60.07 W
2026/07/24 12:23:28.794, 59.83 W
2026/07/24 12:23:29.794, 59.99 W
2026/07/24 12:23:30.794, 60.75 W
2026/07/24 12:23:31.794, 60.23 W
2026/07/24 12:23:32.794, 60.10 W
2026/07/24 12:23:33.794, 60.13 W
2026/07/24 12:23:34.795, 60.08 W
2026/07/24 12:23:35.795, 60.08 W
2026/07/24 12:23:36.795, 60.01 W
2026/07/24 12:23:37.795, 60.12 W
2026/07/24 12:23:38.795, 59.99 W
2026/07/24 12:23:39.795, 60.16 W
2026/07/24 12:23:40.795, 60.34 W
2026/07/24 12:23:41.795, 60.12 W
2026/07/24 12:23:42.796, 60.26 W
2026/07/24 12:23:43.796, 59.92 W
2026/07/24 12:23:44.796, 59.94 W
2026/07/24 12:23:45.796, 60.06 W
2026/07/24 12:23:46.796, 59.97 W
2026/07/24 12:23:47.796, 60.04 W
2026/07/24 12:23:48.796, 60.47 W
2026/07/24 12:23:49.796, 60.25 W
2026/07/24 12:23:50.796, 60.17 W
2026/07/24 12:23:51.796, 60.09 W
2026/07/24 12:23:52.797, 60.62 W
2026/07/24 12:23:53.797, 60.29 W
2026/07/24 12:23:54.797, 60.47 W
2026/07/24 12:23:55.797, 60.28 W
2026/07/24 12:23:56.797, 60.12 W
2026/07/24 12:23:57.797, 60.31 W
2026/07/24 12:23:58.797, 60.11 W
2026/07/24 12:23:59.797, 60.30 W
2026/07/24 12:24:00.798, 60.00 W
2026/07/24 12:24:01.798, 60.15 W
2026/07/24 12:24:02.798, 60.40 W
2026/07/24 12:24:03.798, 60.12 W
2026/07/24 12:24:04.798, 60.37 W
2026/07/24 12:24:05.798, 60.22 W
2026/07/24 12:24:06.798, 60.34 W
2026/07/24 12:24:07.798, 60.32 W
2026/07/24 12:24:08.798, 60.28 W
2026/07/24 12:24:09.799, 60.21 W
2026/07/24 12:24:10.799, 60.30 W
2026/07/24 12:24:11.799, 59.80 W
2026/07/24 12:24:12.799, 60.31 W
2026/07/24 12:24:13.799, 60.39 W
2026/07/24 12:24:14.799, 60.22 W
2026/07/24 12:24:15.799, 60.31 W
2026/07/24 12:24:16.799, 60.21 W
2026/07/24 12:24:17.799, 60.03 W
2026/07/24 12:24:18.800, 60.33 W
2026/07/24 12:24:19.800, 60.06 W
2026/07/24 12:24:20.800, 60.30 W
2026/07/24 12:24:21.800, 60.21 W
2026/07/24 12:24:22.800, 60.28 W
2026/07/24 12:24:23.800, 60.09 W
2026/07/24 12:24:24.800, 60.12 W
2026/07/24 12:24:25.800, 59.86 W
2026/07/24 12:24:26.800, 60.02 W
2026/07/24 12:24:27.800, 60.19 W
2026/07/24 12:24:28.801, 60.06 W
2026/07/24 12:24:29.801, 60.12 W
2026/07/24 12:24:30.801, 60.09 W
2026/07/24 12:24:31.801, 60.28 W
2026/07/24 12:24:32.801, 60.44 W
2026/07/24 12:24:33.801, 60.50 W
2026/07/24 12:24:34.801, 60.57 W
2026/07/24 12:24:35.801, 60.00 W
2026/07/24 12:24:36.802, 60.08 W
2026/07/24 12:24:37.802, 60.10 W
2026/07/24 12:24:38.802, 60.04 W
2026/07/24 12:24:39.802, 60.44 W
2026/07/24 12:24:40.802, 60.25 W
2026/07/24 12:24:41.802, 60.27 W
2026/07/24 12:24:42.802, 60.55 W
2026/07/24 12:24:43.802, 60.06 W
2026/07/24 12:24:44.802, 60.05 W
2026/07/24 12:24:45.802, 59.91 W
2026/07/24 12:24:46.803, 59.85 W
2026/07/24 12:24:47.803, 60.06 W
2026/07/24 12:24:48.803, 60.20 W
2026/07/24 12:24:49.803, 60.04 W
2026/07/24 12:24:50.803, 60.08 W
2026/07/24 12:24:51.803, 60.54 W
2026/07/24 12:24:52.803, 60.02 W
2026/07/24 12:24:53.803, 60.19 W
2026/07/24 12:24:54.803, 60.00 W
2026/07/24 12:24:55.803, 60.38 W
2026/07/24 12:24:56.804, 60.03 W
2026/07/24 12:24:57.804, 60.11 W
2026/07/24 12:24:58.804, 59.95 W
2026/07/24 12:24:59.804, 60.11 W
2026/07/24 12:25:00.804, 60.11 W
2026/07/24 12:25:01.804, 59.86 W
2026/07/24 12:25:02.804, 60.22 W
2026/07/24 12:25:03.804, 59.97 W
2026/07/24 12:25:04.804, 60.23 W
2026/07/24 12:25:05.805, 60.23 W
2026/07/24 12:25:06.805, 60.01 W
2026/07/24 12:25:07.805, 60.19 W
2026/07/24 12:25:08.805, 60.02 W
2026/07/24 12:25:09.805, 60.32 W
2026/07/24 12:25:10.805, 60.14 W
2026/07/24 12:25:11.805, 60.34 W
2026/07/24 12:25:12.805, 59.92 W
2026/07/24 12:25:13.805, 60.20 W
2026/07/24 12:25:14.806, 60.13 W
2026/07/24 12:25:15.806, 59.92 W
2026/07/24 12:25:16.806, 60.40 W
2026/07/24 12:25:17.806, 60.25 W
2026/07/24 12:25:18.806, 60.16 W
2026/07/24 12:25:19.806, 60.14 W
2026/07/24 12:25:20.806, 60.33 W
2026/07/24 12:25:21.806, 60.10 W
2026/07/24 12:25:22.806, 60.32 W
2026/07/24 12:25:23.806, 59.93 W
2026/07/24 12:25:24.807, 60.21 W
2026/07/24 12:25:25.807, 60.33 W
2026/07/24 12:25:26.807, 60.22 W
2026/07/24 12:25:27.807, 60.26 W
2026/07/24 12:25:28.807, 60.26 W
2026/07/24 12:25:29.807, 60.16 W
2026/07/24 12:25:30.807, 60.04 W
2026/07/24 12:25:31.807, 59.83 W
2026/07/24 12:25:32.807, 60.53 W
2026/07/24 12:25:33.808, 60.00 W
2026/07/24 12:25:34.808, 60.01 W
2026/07/24 12:25:35.808, 60.29 W
2026/07/24 12:25:36.808, 60.08 W
2026/07/24 12:25:37.808, 60.29 W
2026/07/24 12:25:38.808, 60.08 W
2026/07/24 12:25:39.808, 60.04 W
2026/07/24 12:25:40.808, 60.21 W
2026/07/24 12:25:41.808, 60.09 W
2026/07/24 12:25:42.809, 59.91 W
2026/07/24 12:25:43.809, 60.17 W
2026/07/24 12:25:44.809, 59.96 W
2026/07/24 12:25:45.809, 60.29 W
2026/07/24 12:25:46.809, 60.04 W
2026/07/24 12:25:47.809, 60.15 W
2026/07/24 12:25:48.809, 60.27 W
2026/07/24 12:25:49.809, 60.01 W
2026/07/24 12:25:50.809, 60.06 W
2026/07/24 12:25:51.809, 60.11 W
2026/07/24 12:25:52.810, 60.06 W
2026/07/24 12:25:53.810, 60.14 W
2026/07/24 12:25:54.810, 60.18 W
2026/07/24 12:25:55.810, 60.21 W
2026/07/24 12:25:56.810, 60.31 W
2026/07/24 12:25:57.810, 60.15 W
2026/07/24 12:25:58.810, 60.22 W
2026/07/24 12:25:59.810, 60.27 W
2026/07/24 12:26:00.810, 59.99 W
2026/07/24 12:26:01.810, 60.02 W
2026/07/24 12:26:02.810, 59.92 W
2026/07/24 12:26:03.811, 60.04 W
2026/07/24 12:26:04.811, 59.90 W
2026/07/24 12:26:05.811, 59.93 W
2026/07/24 12:26:06.811, 60.07 W
2026/07/24 12:26:07.811, 60.05 W
2026/07/24 12:26:08.811, 60.07 W
2026/07/24 12:26:09.811, 60.11 W
2026/07/24 12:26:10.811, 60.45 W
2026/07/24 12:26:11.812, 60.25 W
2026/07/24 12:26:12.812, 60.38 W
2026/07/24 12:26:13.812, 60.12 W
2026/07/24 12:26:14.812, 60.13 W
2026/07/24 12:26:15.812, 60.37 W
2026/07/24 12:26:16.812, 60.09 W
2026/07/24 12:26:17.812, 60.08 W
2026/07/24 12:26:18.812, 60.11 W
2026/07/24 12:26:19.812, 60.37 W
2026/07/24 12:26:20.812, 60.17 W
2026/07/24 12:26:21.813, 59.82 W
2026/07/24 12:26:22.813, 60.62 W
2026/07/24 12:26:23.813, 60.14 W
2026/07/24 12:26:24.813, 60.14 W
2026/07/24 12:26:25.813, 60.44 W
2026/07/24 12:26:26.813, 60.11 W
2026/07/24 12:26:27.813, 60.08 W
2026/07/24 12:26:28.813, 60.45 W
2026/07/24 12:26:29.813, 60.37 W
2026/07/24 12:26:30.813, 60.04 W
2026/07/24 12:26:31.814, 60.44 W
2026/07/24 12:26:32.814, 60.09 W
2026/07/24 12:26:33.814, 60.15 W
2026/07/24 12:26:34.814, 60.29 W
2026/07/24 12:26:35.814, 60.06 W
2026/07/24 12:26:36.814, 60.22 W
2026/07/24 12:26:37.814, 60.19 W
2026/07/24 12:26:38.815, 60.39 W
2026/07/24 12:26:39.815, 60.03 W
2026/07/24 12:26:40.815, 60.12 W
2026/07/24 12:26:41.815, 60.41 W
2026/07/24 12:26:42.815, 60.05 W
2026/07/24 12:26:43.815, 60.17 W
2026/07/24 12:26:44.815, 60.08 W
2026/07/24 12:26:45.815, 60.08 W
2026/07/24 12:26:46.815, 60.14 W
2026/07/24 12:26:47.816, 60.14 W
2026/07/24 12:26:48.816, 60.01 W
2026/07/24 12:26:49.816, 60.14 W
2026/07/24 12:26:50.816, 60.19 W
2026/07/24 12:26:51.816, 60.12 W
2026/07/24 12:26:52.816, 60.14 W
2026/07/24 12:26:53.816, 60.33 W
2026/07/24 12:26:54.816, 60.06 W
2026/07/24 12:26:55.816, 60.23 W
2026/07/24 12:26:56.816, 60.24 W
2026/07/24 12:26:57.816, 60.42 W
2026/07/24 12:26:58.817, 60.12 W
2026/07/24 12:26:59.817, 60.09 W
2026/07/24 12:27:00.817, 60.29 W
2026/07/24 12:27:01.817, 59.89 W
2026/07/24 12:27:02.817, 60.17 W
2026/07/24 12:27:03.817, 60.15 W
2026/07/24 12:27:04.817, 59.71 W
2026/07/24 12:27:05.817, 60.19 W
2026/07/24 12:27:06.817, 60.29 W
2026/07/24 12:27:07.818, 60.29 W
2026/07/24 12:27:08.818, 60.04 W
2026/07/24 12:27:09.818, 60.06 W
2026/07/24 12:27:10.818, 60.13 W
2026/07/24 12:27:11.818, 60.10 W
2026/07/24 12:27:12.818, 60.22 W
2026/07/24 12:27:13.818, 60.04 W
2026/07/24 12:27:14.818, 60.19 W
2026/07/24 12:27:15.818, 60.28 W
2026/07/24 12:27:16.818, 60.19 W
2026/07/24 12:27:17.818, 60.21 W
2026/07/24 12:27:18.819, 60.00 W
2026/07/24 12:27:19.819, 60.06 W
2026/07/24 12:27:20.819, 60.10 W
2026/07/24 12:27:21.819, 60.01 W
2026/07/24 12:27:22.819, 60.21 W
2026/07/24 12:27:23.819, 59.98 W
2026/07/24 12:27:24.819, 60.24 W
2026/07/24 12:27:25.819, 60.08 W
2026/07/24 12:27:26.819, 60.15 W
2026/07/24 12:27:27.820, 60.20 W
2026/07/24 12:27:28.820, 60.23 W
2026/07/24 12:27:29.820, 60.20 W
2026/07/24 12:27:30.820, 60.20 W
2026/07/24 12:27:31.820, 60.08 W
2026/07/24 12:27:32.820, 60.22 W
2026/07/24 12:27:33.820, 60.19 W
2026/07/24 12:27:34.820, 60.33 W
2026/07/24 12:27:35.820, 60.20 W
2026/07/24 12:27:36.820, 60.15 W
2026/07/24 12:27:37.821, 60.35 W
2026/07/24 12:27:38.821, 60.14 W
2026/07/24 12:27:39.821, 60.36 W
2026/07/24 12:27:40.821, 59.99 W
2026/07/24 12:27:41.821, 60.03 W
2026/07/24 12:27:42.821, 60.20 W
2026/07/24 12:27:43.821, 60.21 W
2026/07/24 12:27:44.821, 60.07 W
2026/07/24 12:27:45.822, 60.03 W
2026/07/24 12:27:46.822, 60.19 W
2026/07/24 12:27:47.822, 60.32 W
2026/07/24 12:27:48.822, 60.33 W
2026/07/24 12:27:49.822, 60.07 W
2026/07/24 12:27:50.822, 59.97 W
2026/07/24 12:27:51.822, 60.06 W
2026/07/24 12:27:52.822, 60.04 W
2026/07/24 12:27:53.822, 60.17 W
2026/07/24 12:27:54.822, 60.08 W
2026/07/24 12:27:55.823, 60.23 W
2026/07/24 12:27:56.823, 60.08 W
2026/07/24 12:27:57.823, 60.25 W
2026/07/24 12:27:58.823, 60.28 W
2026/07/24 12:27:59.823, 60.15 W
2026/07/24 12:28:00.823, 60.30 W
2026/07/24 12:28:01.823, 59.98 W
2026/07/24 12:28:02.824, 60.19 W
2026/07/24 12:28:03.824, 60.22 W
2026/07/24 12:28:04.824, 60.18 W
2026/07/24 12:28:05.824, 60.26 W
2026/07/24 12:28:06.824, 60.31 W
2026/07/24 12:28:07.824, 60.21 W
2026/07/24 12:28:08.824, 60.08 W
2026/07/24 12:28:09.824, 60.16 W
2026/07/24 12:28:10.825, 60.13 W
2026/07/24 12:28:11.825, 60.15 W
2026/07/24 12:28:12.825, 60.14 W
2026/07/24 12:28:13.825, 60.21 W
2026/07/24 12:28:14.825, 60.11 W
2026/07/24 12:28:15.825, 60.03 W
2026/07/24 12:28:16.825, 60.07 W
2026/07/24 12:28:17.825, 60.08 W
2026/07/24 12:28:18.826, 60.26 W
2026/07/24 12:28:19.826, 60.32 W
2026/07/24 12:28:20.826, 59.94 W
2026/07/24 12:28:21.826, 60.37 W
2026/07/24 12:28:22.826, 60.20 W
2026/07/24 12:28:23.826, 60.15 W
2026/07/24 12:28:24.826, 60.08 W
2026/07/24 12:28:25.826, 60.19 W
2026/07/24 12:28:26.827, 60.16 W
2026/07/24 12:28:27.827, 60.22 W
2026/07/24 12:28:28.827, 60.10 W
2026/07/24 12:28:29.827, 60.34 W
2026/07/24 12:28:30.827, 60.17 W
2026/07/24 12:28:31.827, 60.13 W
2026/07/24 12:28:32.827, 60.19 W
2026/07/24 12:28:33.828, 59.97 W
2026/07/24 12:28:34.828, 60.14 W
2026/07/24 12:28:35.828, 60.34 W
2026/07/24 12:28:36.828, 59.85 W
2026/07/24 12:28:37.828, 60.24 W
2026/07/24 12:28:38.828, 59.97 W
2026/07/24 12:28:39.828, 60.04 W
2026/07/24 12:28:40.828, 60.19 W
2026/07/24 12:28:41.828, 60.06 W
2026/07/24 12:28:42.829, 60.22 W
2026/07/24 12:28:43.829, 59.97 W
2026/07/24 12:28:44.829, 60.08 W
2026/07/24 12:28:45.829, 60.04 W
2026/07/24 12:28:46.829, 60.12 W
2026/07/24 12:28:47.829, 60.29 W
2026/07/24 12:28:48.829, 60.16 W
2026/07/24 12:28:49.829, 59.99 W
2026/07/24 12:28:50.829, 59.99 W
2026/07/24 12:28:51.829, 60.13 W
2026/07/24 12:28:52.830, 60.33 W
2026/07/24 12:28:53.830, 60.09 W
2026/07/24 12:28:54.830, 60.18 W
2026/07/24 12:28:55.830, 60.26 W
2026/07/24 12:28:56.830, 60.28 W
2026/07/24 12:28:57.830, 60.23 W
2026/07/24 12:28:58.830, 60.05 W
2026/07/24 12:28:59.830, 60.37 W
2026/07/24 12:29:00.830, 60.22 W
2026/07/24 12:29:01.831, 60.19 W
2026/07/24 12:29:02.831, 60.24 W
2026/07/24 12:29:03.831, 60.06 W
2026/07/24 12:29:04.831, 60.26 W
2026/07/24 12:29:05.831, 60.20 W
2026/07/24 12:29:06.831, 60.37 W
2026/07/24 12:29:07.831, 60.23 W
2026/07/24 12:29:08.831, 60.27 W
2026/07/24 12:29:09.832, 59.96 W
2026/07/24 12:29:10.832, 60.17 W
2026/07/24 12:29:11.832, 60.40 W
2026/07/24 12:29:12.832, 60.02 W
2026/07/24 12:29:13.832, 60.25 W
2026/07/24 12:29:14.832, 60.13 W
2026/07/24 12:29:15.832, 60.13 W
2026/07/24 12:29:16.832, 60.39 W
2026/07/24 12:29:17.832, 60.02 W
2026/07/24 12:29:18.832, 60.30 W
2026/07/24 12:29:19.833, 60.23 W
2026/07/24 12:29:20.833, 60.16 W
2026/07/24 12:29:21.833, 59.89 W
2026/07/24 12:29:22.833, 60.22 W
2026/07/24 12:29:23.833, 60.29 W
2026/07/24 12:29:24.833, 60.12 W
2026/07/24 12:29:25.833, 60.25 W
2026/07/24 12:29:26.833, 60.24 W
2026/07/24 12:29:27.833, 60.12 W
2026/07/24 12:29:28.834, 60.02 W
2026/07/24 12:29:29.834, 60.21 W
2026/07/24 12:29:30.834, 60.30 W
2026/07/24 12:29:31.834, 60.20 W
2026/07/24 12:29:32.834, 60.10 W
2026/07/24 12:29:33.834, 60.37 W
2026/07/24 12:29:34.834, 60.24 W
2026/07/24 12:29:35.834, 60.21 W
2026/07/24 12:29:36.834, 60.12 W
2026/07/24 12:29:37.834, 60.08 W
2026/07/24 12:29:38.835, 60.25 W
2026/07/24 12:29:39.835, 60.13 W
2026/07/24 12:29:40.835, 60.10 W
2026/07/24 12:29:41.835, 60.04 W
2026/07/24 12:29:42.835, 59.91 W
2026/07/24 12:29:43.835, 60.27 W
2026/07/24 12:29:44.835, 60.26 W
2026/07/24 12:29:45.835, 60.18 W
2026/07/24 12:29:46.835, 60.16 W
2026/07/24 12:29:47.836, 60.06 W
2026/07/24 12:29:48.836, 60.13 W
2026/07/24 12:29:49.836, 60.34 W
2026/07/24 12:29:50.836, 60.20 W
2026/07/24 12:29:51.836, 60.23 W
2026/07/24 12:29:52.836, 59.90 W
2026/07/24 12:29:53.836, 59.94 W
2026/07/24 12:29:54.836, 60.03 W
2026/07/24 12:29:55.836, 60.08 W
2026/07/24 12:29:56.837, 60.15 W
2026/07/24 12:29:57.837, 60.13 W
2026/07/24 12:29:58.837, 60.01 W
2026/07/24 12:29:59.837, 60.24 W
2026/07/24 12:30:00.837, 60.15 W
2026/07/24 12:30:01.837, 60.27 W
2026/07/24 12:30:02.837, 60.43 W
2026/07/24 12:30:03.838, 60.44 W
2026/07/24 12:30:04.838, 60.39 W
2026/07/24 12:30:05.838, 60.24 W
2026/07/24 12:30:06.838, 60.31 W
2026/07/24 12:30:07.838, 60.04 W
2026/07/24 12:30:08.838, 59.96 W
2026/07/24 12:30:09.838, 59.96 W
2026/07/24 12:30:10.838, 59.84 W
2026/07/24 12:30:11.838, 59.81 W
2026/07/24 12:30:12.838, 60.08 W
2026/07/24 12:30:13.839, 60.01 W
2026/07/24 12:30:14.839, 60.56 W
2026/07/24 12:30:15.839, 60.21 W
2026/07/24 12:30:16.839, 60.34 W
2026/07/24 12:30:17.839, 60.36 W
2026/07/24 12:30:18.839, 60.31 W
2026/07/24 12:30:19.839, 60.12 W
2026/07/24 12:30:20.839, 60.17 W
2026/07/24 12:30:21.839, 60.35 W
2026/07/24 12:30:22.840, 60.22 W
2026/07/24 12:30:23.840, 60.17 W
2026/07/24 12:30:24.840, 60.37 W
2026/07/24 12:30:25.840, 60.31 W
2026/07/24 12:30:26.840, 60.25 W
2026/07/24 12:30:27.840, 60.04 W
2026/07/24 12:30:28.840, 60.06 W
2026/07/24 12:30:29.840, 60.24 W
2026/07/24 12:30:30.841, 59.71 W
2026/07/24 12:30:31.841, 60.20 W
2026/07/24 12:30:32.841, 59.93 W
2026/07/24 12:30:33.841, 60.28 W
2026/07/24 12:30:34.841, 60.04 W
2026/07/24 12:30:35.841, 60.02 W
2026/07/24 12:30:36.841, 60.32 W
2026/07/24 12:30:37.841, 50.17 W
2026/07/24 12:30:38.841, 61.49 W
2026/07/24 12:30:39.842, 60.07 W
2026/07/24 12:30:40.842, 60.09 W
2026/07/24 12:30:41.842, 59.89 W
2026/07/24 12:30:42.842, 60.08 W
2026/07/24 12:30:43.842, 60.05 W
2026/07/24 12:30:44.842, 60.33 W
2026/07/24 12:30:45.842, 60.88 W
2026/07/24 12:30:46.842, 60.57 W
2026/07/24 12:30:47.842, 60.76 W
2026/07/24 12:30:48.842, 60.57 W
2026/07/24 12:30:49.843, 59.66 W
2026/07/24 12:30:50.843, 59.48 W
2026/07/24 12:30:51.843, 59.69 W
2026/07/24 12:30:52.843, 59.90 W
2026/07/24 12:30:53.843, 59.60 W
2026/07/24 12:30:54.843, 59.77 W
2026/07/24 12:30:55.843, 60.01 W
2026/07/24 12:30:56.843, 60.46 W
2026/07/24 12:30:57.843, 60.24 W
2026/07/24 12:30:58.843, 60.07 W
2026/07/24 12:30:59.844, 60.18 W
2026/07/24 12:31:00.844, 60.36 W
2026/07/24 12:31:01.844, 60.12 W
2026/07/24 12:31:02.844, 59.99 W
2026/07/24 12:31:03.844, 60.45 W
2026/07/24 12:31:04.844, 60.33 W
2026/07/24 12:31:05.844, 59.93 W
2026/07/24 12:31:06.844, 59.97 W
2026/07/24 12:31:07.844, 59.99 W
2026/07/24 12:31:08.844, 60.34 W
2026/07/24 12:31:09.844, 60.40 W
2026/07/24 12:31:10.845, 59.83 W
2026/07/24 12:31:11.845, 59.76 W
2026/07/24 12:31:12.845, 59.88 W
2026/07/24 12:31:13.845, 59.64 W
2026/07/24 12:31:14.845, 60.71 W
2026/07/24 12:31:15.845, 60.72 W
2026/07/24 12:31:16.845, 60.03 W
2026/07/24 12:31:17.845, 59.85 W
2026/07/24 12:31:18.845, 60.04 W
2026/07/24 12:31:19.846, 60.39 W
2026/07/24 12:31:20.846, 59.96 W
2026/07/24 12:31:21.846, 60.08 W
2026/07/24 12:31:22.846, 59.72 W
2026/07/24 12:31:23.846, 60.50 W
2026/07/24 12:31:24.846, 59.78 W
2026/07/24 12:31:25.846, 60.29 W
2026/07/24 12:31:26.846, 60.08 W
2026/07/24 12:31:27.847, 60.46 W
2026/07/24 12:31:28.847, 60.31 W
2026/07/24 12:31:29.847, 60.44 W
2026/07/24 12:31:30.847, 59.76 W
2026/07/24 12:31:31.847, 60.48 W
2026/07/24 12:31:32.847, 59.85 W
2026/07/24 12:31:33.847, 60.22 W
2026/07/24 12:31:34.847, 59.93 W
2026/07/24 12:31:35.847, 60.06 W
2026/07/24 12:31:36.848, 60.02 W
2026/07/24 12:31:37.848, 60.15 W
2026/07/24 12:31:38.848, 60.39 W
2026/07/24 12:31:39.848, 60.19 W
2026/07/24 12:31:40.848, 60.30 W
2026/07/24 12:31:41.848, 60.06 W
2026/07/24 12:31:42.848, 60.23 W
2026/07/24 12:31:43.848, 60.31 W
2026/07/24 12:31:44.848, 60.26 W
2026/07/24 12:31:45.849, 60.30 W
2026/07/24 12:31:46.849, 60.02 W
2026/07/24 12:31:47.849, 60.23 W
2026/07/24 12:31:48.849, 60.05 W
2026/07/24 12:31:49.849, 60.40 W
2026/07/24 12:31:50.849, 60.43 W
2026/07/24 12:31:51.849, 60.28 W
2026/07/24 12:31:52.849, 60.33 W
2026/07/24 12:31:53.849, 60.38 W
2026/07/24 12:31:54.850, 60.48 W
2026/07/24 12:31:55.850, 60.17 W
2026/07/24 12:31:56.850, 60.10 W
2026/07/24 12:31:57.850, 60.11 W
2026/07/24 12:31:58.850, 60.25 W
2026/07/24 12:31:59.850, 60.12 W
2026/07/24 12:32:00.850, 60.27 W
2026/07/24 12:32:01.850, 60.41 W
2026/07/24 12:32:02.850, 60.34 W
2026/07/24 12:32:03.850, 60.19 W
2026/07/24 12:32:04.851, 60.42 W
2026/07/24 12:32:05.851, 60.35 W
2026/07/24 12:32:06.851, 60.17 W
2026/07/24 12:32:07.851, 60.21 W
2026/07/24 12:32:08.851, 60.21 W
2026/07/24 12:32:09.851, 59.87 W
2026/07/24 12:32:10.851, 59.96 W
2026/07/24 12:32:11.851, 60.21 W
2026/07/24 12:32:12.851, 59.89 W
2026/07/24 12:32:13.851, 59.83 W
2026/07/24 12:32:14.852, 60.27 W
2026/07/24 12:32:15.852, 60.03 W
2026/07/24 12:32:16.852, 60.00 W
2026/07/24 12:32:17.852, 60.16 W
2026/07/24 12:32:18.852, 60.49 W
2026/07/24 12:32:19.852, 60.43 W
2026/07/24 12:32:20.852, 60.03 W
2026/07/24 12:32:21.852, 59.94 W
2026/07/24 12:32:22.852, 59.90 W
2026/07/24 12:32:23.853, 60.48 W
2026/07/24 12:32:24.853, 60.39 W
2026/07/24 12:32:25.853, 60.26 W
2026/07/24 12:32:26.853, 60.13 W
2026/07/24 12:32:27.853, 59.77 W
2026/07/24 12:32:28.853, 60.25 W
2026/07/24 12:32:29.853, 60.28 W
2026/07/24 12:32:30.853, 60.26 W
2026/07/24 12:32:31.854, 60.39 W
2026/07/24 12:32:32.854, 60.25 W
2026/07/24 12:32:33.854, 60.38 W
2026/07/24 12:32:34.854, 60.32 W
2026/07/24 12:32:35.854, 59.72 W
2026/07/24 12:32:36.854, 59.85 W
2026/07/24 12:32:37.854, 59.89 W
2026/07/24 12:32:38.854, 59.79 W
2026/07/24 12:32:39.854, 60.15 W
2026/07/24 12:32:40.854, 60.30 W
2026/07/24 12:32:41.855, 60.19 W
2026/07/24 12:32:42.855, 60.17 W
2026/07/24 12:32:43.855, 60.27 W
2026/07/24 12:32:44.855, 60.03 W
2026/07/24 12:32:45.855, 60.23 W
2026/07/24 12:32:46.855, 60.19 W
2026/07/24 12:32:47.855, 60.10 W
2026/07/24 12:32:48.855, 60.08 W
2026/07/24 12:32:49.855, 60.15 W
2026/07/24 12:32:50.855, 60.39 W
2026/07/24 12:32:51.855, 60.22 W
2026/07/24 12:32:52.856, 60.21 W
2026/07/24 12:32:53.856, 60.41 W
2026/07/24 12:32:54.856, 59.98 W
2026/07/24 12:32:55.856, 60.37 W
2026/07/24 12:32:56.856, 60.14 W
2026/07/24 12:32:57.856, 59.77 W
2026/07/24 12:32:58.856, 60.09 W
2026/07/24 12:32:59.856, 60.05 W
2026/07/24 12:33:00.856, 60.08 W
2026/07/24 12:33:01.856, 60.30 W
2026/07/24 12:33:02.857, 60.23 W
2026/07/24 12:33:03.857, 60.15 W
2026/07/24 12:33:04.857, 59.94 W
2026/07/24 12:33:05.857, 60.18 W
2026/07/24 12:33:06.857, 60.31 W
2026/07/24 12:33:07.857, 60.20 W
2026/07/24 12:33:08.857, 60.20 W
2026/07/24 12:33:09.857, 60.08 W
2026/07/24 12:33:10.857, 60.23 W
2026/07/24 12:33:11.857, 60.32 W
2026/07/24 12:33:12.858, 60.00 W
2026/07/24 12:33:13.858, 60.14 W
2026/07/24 12:33:14.858, 60.33 W
2026/07/24 12:33:15.858, 60.17 W
2026/07/24 12:33:16.858, 60.27 W
2026/07/24 12:33:17.858, 60.01 W
2026/07/24 12:33:18.858, 60.22 W
2026/07/24 12:33:19.858, 59.92 W
2026/07/24 12:33:20.858, 60.19 W
2026/07/24 12:33:21.859, 60.51 W
2026/07/24 12:33:22.859, 60.12 W
2026/07/24 12:33:23.859, 60.19 W
2026/07/24 12:33:24.859, 60.10 W
2026/07/24 12:33:25.859, 60.24 W
2026/07/24 12:33:26.859, 60.46 W
2026/07/24 12:33:27.859, 60.03 W
2026/07/24 12:33:28.859, 60.29 W
2026/07/24 12:33:29.859, 60.04 W
2026/07/24 12:33:30.859, 60.01 W
2026/07/24 12:33:31.859, 60.28 W
2026/07/24 12:33:32.860, 60.06 W
2026/07/24 12:33:33.860, 60.24 W
2026/07/24 12:33:34.860, 60.31 W
2026/07/24 12:33:35.860, 60.10 W
2026/07/24 12:33:36.860, 60.40 W
2026/07/24 12:33:37.860, 60.17 W
2026/07/24 12:33:38.860, 59.84 W
2026/07/24 12:33:39.860, 60.01 W
2026/07/24 12:33:40.860, 59.87 W
2026/07/24 12:33:41.860, 60.22 W
2026/07/24 12:33:42.861, 60.09 W
2026/07/24 12:33:43.861, 60.01 W
2026/07/24 12:33:44.861, 60.13 W
2026/07/24 12:33:45.861, 60.15 W
2026/07/24 12:33:46.861, 60.08 W
2026/07/24 12:33:47.861, 60.06 W
2026/07/24 12:33:48.861, 60.06 W
2026/07/24 12:33:49.861, 60.13 W
2026/07/24 12:33:50.861, 60.12 W
2026/07/24 12:33:51.861, 60.21 W
2026/07/24 12:33:52.862, 60.21 W
2026/07/24 12:33:53.862, 60.06 W
2026/07/24 12:33:54.862, 60.10 W
2026/07/24 12:33:55.862, 60.15 W
2026/07/24 12:33:56.862, 60.22 W
2026/07/24 12:33:57.862, 60.21 W
2026/07/24 12:33:58.862, 60.18 W
2026/07/24 12:33:59.862, 60.27 W
2026/07/24 12:34:00.862, 60.02 W
2026/07/24 12:34:01.862, 60.60 W
2026/07/24 12:34:02.862, 60.14 W
2026/07/24 12:34:03.863, 60.32 W
2026/07/24 12:34:04.863, 60.42 W
2026/07/24 12:34:05.863, 60.18 W
2026/07/24 12:34:06.863, 59.94 W
2026/07/24 12:34:07.863, 60.32 W
2026/07/24 12:34:08.863, 60.23 W
2026/07/24 12:34:09.863, 59.68 W
2026/07/24 12:34:10.863, 60.16 W
2026/07/24 12:34:11.863, 60.17 W
2026/07/24 12:34:12.863, 60.03 W
2026/07/24 12:34:13.864, 60.10 W
2026/07/24 12:34:14.864, 60.26 W
2026/07/24 12:34:15.864, 60.16 W
2026/07/24 12:34:16.864, 59.96 W
2026/07/24 12:34:17.864, 60.48 W
2026/07/24 12:34:18.864, 60.24 W
2026/07/24 12:34:19.864, 60.09 W
2026/07/24 12:34:20.864, 60.15 W
2026/07/24 12:34:21.864, 60.11 W
2026/07/24 12:34:22.864, 59.57 W
2026/07/24 12:34:23.864, 60.01 W
2026/07/24 12:34:24.865, 60.18 W
2026/07/24 12:34:25.865, 60.32 W
2026/07/24 12:34:26.865, 60.28 W
2026/07/24 12:34:27.865, 60.25 W
2026/07/24 12:34:28.865, 60.27 W
2026/07/24 12:34:29.865, 60.11 W
2026/07/24 12:34:30.865, 60.19 W
2026/07/24 12:34:31.865, 60.33 W
2026/07/24 12:34:32.865, 60.13 W
2026/07/24 12:34:33.865, 60.10 W
2026/07/24 12:34:34.865, 60.26 W
2026/07/24 12:34:35.866, 60.15 W
2026/07/24 12:34:36.866, 60.15 W
2026/07/24 12:34:37.866, 60.23 W
2026/07/24 12:34:38.866, 60.15 W
2026/07/24 12:34:39.866, 59.97 W
2026/07/24 12:34:40.866, 59.89 W
2026/07/24 12:34:41.866, 60.11 W
2026/07/24 12:34:42.866, 60.33 W
2026/07/24 12:34:43.866, 60.28 W
2026/07/24 12:34:44.866, 60.27 W
2026/07/24 12:34:45.867, 60.30 W
2026/07/24 12:34:46.867, 60.32 W
2026/07/24 12:34:47.867, 60.18 W
2026/07/24 12:34:48.867, 60.17 W
2026/07/24 12:34:49.867, 60.39 W
2026/07/24 12:34:50.867, 60.14 W
2026/07/24 12:34:51.867, 60.36 W
2026/07/24 12:34:52.867, 60.23 W
2026/07/24 12:34:53.867, 60.04 W
2026/07/24 12:34:54.868, 60.26 W
2026/07/24 12:34:55.868, 60.29 W
2026/07/24 12:34:56.868, 60.16 W
2026/07/24 12:34:57.868, 60.21 W
2026/07/24 12:34:58.868, 60.25 W
2026/07/24 12:34:59.868, 60.25 W
2026/07/24 12:35:00.868, 60.05 W
2026/07/24 12:35:01.868, 60.04 W
2026/07/24 12:35:02.868, 60.07 W
2026/07/24 12:35:03.868, 60.17 W
2026/07/24 12:35:04.869, 60.21 W
2026/07/24 12:35:05.869, 59.98 W
2026/07/24 12:35:06.869, 60.11 W
2026/07/24 12:35:07.869, 60.26 W
2026/07/24 12:35:08.869, 60.10 W
2026/07/24 12:35:09.869, 60.19 W
2026/07/24 12:35:10.869, 59.83 W
2026/07/24 12:35:11.869, 60.06 W
2026/07/24 12:35:12.869, 60.37 W
2026/07/24 12:35:13.870, 60.19 W
2026/07/24 12:35:14.870, 60.26 W
2026/07/24 12:35:15.870, 60.31 W
2026/07/24 12:35:16.870, 60.30 W
2026/07/24 12:35:17.870, 60.29 W
2026/07/24 12:35:18.870, 60.32 W
2026/07/24 12:35:19.870, 60.60 W
2026/07/24 12:35:20.870, 60.38 W
2026/07/24 12:35:21.870, 60.22 W
2026/07/24 12:35:22.870, 60.22 W
2026/07/24 12:35:23.871, 60.20 W
2026/07/24 12:35:24.871, 60.22 W
2026/07/24 12:35:25.871, 60.21 W
2026/07/24 12:35:26.871, 59.99 W
2026/07/24 12:35:27.871, 60.29 W
2026/07/24 12:35:28.871, 60.37 W
2026/07/24 12:35:29.871, 60.45 W
2026/07/24 12:35:30.871, 60.09 W
2026/07/24 12:35:31.871, 60.11 W
2026/07/24 12:35:32.871, 60.27 W
2026/07/24 12:35:33.872, 60.04 W
2026/07/24 12:35:34.872, 60.14 W
2026/07/24 12:35:35.872, 60.00 W
2026/07/24 12:35:36.872, 59.98 W
2026/07/24 12:35:37.872, 60.30 W
2026/07/24 12:35:38.872, 60.15 W
2026/07/24 12:35:39.872, 59.93 W
2026/07/24 12:35:40.872, 60.28 W
2026/07/24 12:35:41.872, 60.08 W
2026/07/24 12:35:42.872, 60.02 W
2026/07/24 12:35:43.872, 60.30 W
2026/07/24 12:35:44.873, 60.28 W
2026/07/24 12:35:45.873, 60.11 W
2026/07/24 12:35:46.873, 60.22 W
2026/07/24 12:35:47.873, 60.28 W
2026/07/24 12:35:48.873, 60.19 W
2026/07/24 12:35:49.873, 60.44 W
2026/07/24 12:35:50.873, 60.27 W
2026/07/24 12:35:51.873, 60.18 W
2026/07/24 12:35:52.873, 60.13 W
2026/07/24 12:35:53.873, 60.21 W
2026/07/24 12:35:54.873, 60.27 W
2026/07/24 12:35:55.874, 60.31 W
2026/07/24 12:35:56.874, 60.19 W
2026/07/24 12:35:57.874, 60.51 W
2026/07/24 12:35:58.874, 60.05 W
2026/07/24 12:35:59.874, 60.42 W
2026/07/24 12:36:00.874, 60.42 W
2026/07/24 12:36:01.874, 59.97 W
2026/07/24 12:36:02.874, 59.81 W
2026/07/24 12:36:03.874, 60.30 W
2026/07/24 12:36:04.874, 60.07 W
2026/07/24 12:36:05.875, 60.27 W
2026/07/24 12:36:06.875, 60.47 W
2026/07/24 12:36:07.875, 60.17 W
2026/07/24 12:36:08.875, 60.29 W
2026/07/24 12:36:09.875, 60.10 W
2026/07/24 12:36:10.875, 60.06 W
2026/07/24 12:36:11.875, 60.37 W
2026/07/24 12:36:12.875, 60.18 W
2026/07/24 12:36:13.875, 60.12 W
2026/07/24 12:36:14.875, 60.12 W
2026/07/24 12:36:15.876, 60.26 W
2026/07/24 12:36:16.876, 60.21 W
2026/07/24 12:36:17.876, 60.28 W
2026/07/24 12:36:18.876, 60.19 W
2026/07/24 12:36:19.876, 60.51 W
2026/07/24 12:36:20.876, 60.13 W
2026/07/24 12:36:21.876, 60.26 W
2026/07/24 12:36:22.876, 60.26 W
2026/07/24 12:36:23.877, 60.40 W
2026/07/24 12:36:24.877, 60.28 W
2026/07/24 12:36:25.877, 60.24 W
2026/07/24 12:36:26.877, 60.34 W
2026/07/24 12:36:27.877, 60.05 W
2026/07/24 12:36:28.877, 60.15 W
2026/07/24 12:36:29.877, 60.33 W
2026/07/24 12:36:30.877, 59.96 W
2026/07/24 12:36:31.877, 60.12 W
2026/07/24 12:36:32.877, 60.22 W
2026/07/24 12:36:33.878, 60.30 W
2026/07/24 12:36:34.878, 60.08 W
2026/07/24 12:36:35.878, 60.21 W
2026/07/24 12:36:36.878, 60.30 W
2026/07/24 12:36:37.878, 60.04 W
2026/07/24 12:36:38.878, 60.31 W
2026/07/24 12:36:39.878, 60.16 W
2026/07/24 12:36:40.878, 59.99 W
2026/07/24 12:36:41.879, 59.99 W
2026/07/24 12:36:42.879, 60.28 W
2026/07/24 12:36:43.879, 60.15 W
2026/07/24 12:36:44.879, 60.25 W
2026/07/24 12:36:45.879, 60.16 W
2026/07/24 12:36:46.879, 50.99 W
2026/07/24 12:36:47.879, 60.11 W
2026/07/24 12:36:48.879, 60.80 W
2026/07/24 12:36:49.879, 59.91 W
2026/07/24 12:36:50.880, 61.18 W
2026/07/24 12:36:51.880, 59.67 W
2026/07/24 12:36:52.880, 59.96 W
2026/07/24 12:36:53.880, 60.44 W
2026/07/24 12:36:54.880, 60.79 W
2026/07/24 12:36:55.880, 59.97 W
2026/07/24 12:36:56.880, 59.79 W
2026/07/24 12:36:57.880, 59.87 W
2026/07/24 12:36:58.881, 60.50 W
2026/07/24 12:36:59.881, 59.92 W
2026/07/24 12:37:00.881, 60.50 W
2026/07/24 12:37:01.881, 60.05 W
2026/07/24 12:37:02.881, 59.73 W
2026/07/24 12:37:03.881, 60.07 W
2026/07/24 12:37:04.881, 60.26 W
2026/07/24 12:37:05.881, 60.05 W
2026/07/24 12:37:06.882, 60.26 W
2026/07/24 12:37:07.882, 59.51 W
2026/07/24 12:37:08.882, 60.22 W
2026/07/24 12:37:09.882, 60.07 W
2026/07/24 12:37:10.882, 60.61 W
2026/07/24 12:37:11.882, 60.00 W
2026/07/24 12:37:12.882, 60.35 W
2026/07/24 12:37:13.882, 59.94 W
2026/07/24 12:37:14.882, 60.20 W
2026/07/24 12:37:15.882, 60.07 W
2026/07/24 12:37:16.882, 60.24 W
2026/07/24 12:37:17.883, 60.56 W
2026/07/24 12:37:18.883, 60.28 W
2026/07/24 12:37:19.883, 60.12 W
2026/07/24 12:37:20.883, 60.46 W
2026/07/24 12:37:21.883, 60.02 W
2026/07/24 12:37:22.883, 60.04 W
2026/07/24 12:37:23.883, 60.19 W
2026/07/24 12:37:24.883, 60.26 W
2026/07/24 12:37:25.883, 60.41 W
2026/07/24 12:37:26.883, 59.94 W
2026/07/24 12:37:27.883, 60.35 W
2026/07/24 12:37:28.884, 60.30 W
2026/07/24 12:37:29.884, 60.34 W
2026/07/24 12:37:30.884, 60.06 W
2026/07/24 12:37:31.884, 60.27 W
2026/07/24 12:37:32.884, 60.49 W
2026/07/24 12:37:33.884, 60.08 W
2026/07/24 12:37:34.884, 60.01 W
2026/07/24 12:37:35.884, 60.06 W
2026/07/24 12:37:36.884, 60.32 W
2026/07/24 12:37:37.884, 59.72 W
2026/07/24 12:37:38.884, 59.83 W
2026/07/24 12:37:39.885, 60.14 W
2026/07/24 12:37:40.885, 59.85 W
2026/07/24 12:37:41.885, 60.14 W
2026/07/24 12:37:42.885, 60.09 W
2026/07/24 12:37:43.885, 60.15 W
2026/07/24 12:37:44.885, 60.09 W
2026/07/24 12:37:45.885, 59.97 W
2026/07/24 12:37:46.885, 60.13 W
2026/07/24 12:37:47.885, 60.09 W
2026/07/24 12:37:48.886, 60.16 W
2026/07/24 12:37:49.886, 60.18 W
2026/07/24 12:37:50.886, 60.24 W
2026/07/24 12:37:51.886, 60.00 W
2026/07/24 12:37:52.886, 59.94 W
2026/07/24 12:37:53.886, 60.24 W
2026/07/24 12:37:54.886, 60.08 W
2026/07/24 12:37:55.886, 60.28 W
2026/07/24 12:37:56.886, 59.94 W
2026/07/24 12:37:57.887, 60.26 W
2026/07/24 12:37:58.887, 60.45 W
2026/07/24 12:37:59.887, 60.18 W
2026/07/24 12:38:00.887, 59.94 W
2026/07/24 12:38:01.887, 59.90 W
2026/07/24 12:38:02.887, 59.98 W
2026/07/24 12:38:03.887, 60.24 W
2026/07/24 12:38:04.887, 60.22 W
2026/07/24 12:38:05.887, 60.09 W
2026/07/24 12:38:06.888, 60.40 W
2026/07/24 12:38:07.888, 60.42 W
2026/07/24 12:38:08.888, 60.57 W
2026/07/24 12:38:09.888, 60.03 W
2026/07/24 12:38:10.888, 59.85 W
2026/07/24 12:38:11.888, 59.74 W
2026/07/24 12:38:12.888, 59.94 W
2026/07/24 12:38:13.888, 60.30 W
2026/07/24 12:38:14.888, 60.39 W
2026/07/24 12:38:15.889, 60.35 W
2026/07/24 12:38:16.889, 60.28 W
2026/07/24 12:38:17.889, 59.94 W
2026/07/24 12:38:18.889, 59.92 W
2026/07/24 12:38:19.889, 60.21 W
2026/07/24 12:38:20.889, 60.21 W
2026/07/24 12:38:21.889, 60.32 W
2026/07/24 12:38:22.889, 60.15 W
2026/07/24 12:38:23.890, 60.31 W
2026/07/24 12:38:24.890, 60.13 W
2026/07/24 12:38:25.890, 59.96 W
2026/07/24 12:38:26.890, 59.85 W
2026/07/24 12:38:27.890, 60.11 W
2026/07/24 12:38:28.890, 60.01 W
2026/07/24 12:38:29.890, 59.98 W
2026/07/24 12:38:30.890, 59.96 W
2026/07/24 12:38:31.890, 60.51 W
2026/07/24 12:38:32.891, 59.97 W
2026/07/24 12:38:33.891, 60.38 W
2026/07/24 12:38:34.891, 60.14 W
2026/07/24 12:38:35.891, 60.08 W
2026/07/24 12:38:36.891, 59.93 W
2026/07/24 12:38:37.891, 59.98 W
2026/07/24 12:38:38.891, 59.98 W
2026/07/24 12:38:39.891, 60.38 W
2026/07/24 12:38:40.892, 60.01 W
2026/07/24 12:38:41.892, 60.23 W
2026/07/24 12:38:42.892, 60.10 W
2026/07/24 12:38:43.892, 60.21 W
2026/07/24 12:38:44.892, 60.19 W
2026/07/24 12:38:45.892, 59.96 W
2026/07/24 12:38:46.892, 60.37 W
2026/07/24 12:38:47.892, 60.36 W
2026/07/24 12:38:48.892, 60.13 W
2026/07/24 12:38:49.892, 60.28 W
2026/07/24 12:38:50.893, 60.26 W
2026/07/24 12:38:51.893, 60.38 W
2026/07/24 12:38:52.893, 60.29 W
2026/07/24 12:38:53.893, 60.21 W
2026/07/24 12:38:54.893, 60.17 W
2026/07/24 12:38:55.893, 60.07 W
2026/07/24 12:38:56.893, 60.03 W
2026/07/24 12:38:57.894, 60.21 W
2026/07/24 12:38:58.894, 59.74 W
2026/07/24 12:38:59.894, 60.32 W
2026/07/24 12:39:00.894, 60.10 W
2026/07/24 12:39:01.894, 60.09 W
2026/07/24 12:39:02.894, 59.91 W
2026/07/24 12:39:03.894, 59.74 W
2026/07/24 12:39:04.894, 60.14 W
2026/07/24 12:39:05.894, 60.21 W
2026/07/24 12:39:06.895, 60.05 W
2026/07/24 12:39:07.895, 60.00 W
2026/07/24 12:39:08.895, 60.16 W
2026/07/24 12:39:09.895, 59.88 W
2026/07/24 12:39:10.895, 60.07 W
2026/07/24 12:39:11.895, 60.04 W
2026/07/24 12:39:12.895, 60.13 W
2026/07/24 12:39:13.895, 60.29 W
2026/07/24 12:39:14.895, 60.25 W
2026/07/24 12:39:15.895, 60.01 W
2026/07/24 12:39:16.896, 60.19 W
2026/07/24 12:39:17.896, 60.12 W
2026/07/24 12:39:18.896, 59.99 W
2026/07/24 12:39:19.896, 60.24 W
2026/07/24 12:39:20.896, 60.13 W
2026/07/24 12:39:21.896, 60.12 W
2026/07/24 12:39:22.896, 60.13 W
2026/07/24 12:39:23.896, 60.05 W
2026/07/24 12:39:24.896, 60.01 W
2026/07/24 12:39:25.896, 60.30 W
2026/07/24 12:39:26.897, 60.16 W
2026/07/24 12:39:27.897, 59.99 W
2026/07/24 12:39:28.897, 60.22 W
2026/07/24 12:39:29.897, 60.12 W
2026/07/24 12:39:30.897, 60.05 W
2026/07/24 12:39:31.897, 60.29 W
2026/07/24 12:39:32.897, 60.20 W
2026/07/24 12:39:33.897, 60.11 W
2026/07/24 12:39:34.897, 60.00 W
2026/07/24 12:39:35.897, 60.09 W
2026/07/24 12:39:36.898, 59.84 W
2026/07/24 12:39:37.898, 59.90 W
2026/07/24 12:39:38.898, 59.96 W
2026/07/24 12:39:39.898, 60.20 W
2026/07/24 12:39:40.898, 60.31 W
2026/07/24 12:39:41.898, 59.97 W
2026/07/24 12:39:42.898, 60.19 W
2026/07/24 12:39:43.898, 60.39 W
2026/07/24 12:39:44.898, 60.10 W
2026/07/24 12:39:45.899, 60.24 W
2026/07/24 12:39:46.899, 60.00 W
2026/07/24 12:39:47.899, 60.39 W
2026/07/24 12:39:48.899, 60.02 W
2026/07/24 12:39:49.899, 60.26 W
2026/07/24 12:39:50.899, 60.44 W
2026/07/24 12:39:51.899, 59.99 W
2026/07/24 12:39:52.899, 60.26 W
2026/07/24 12:39:53.899, 60.19 W
2026/07/24 12:39:54.900, 59.99 W
2026/07/24 12:39:55.900, 59.78 W
2026/07/24 12:39:56.900, 60.21 W
2026/07/24 12:39:57.900, 60.33 W
2026/07/24 12:39:58.900, 60.08 W
2026/07/24 12:39:59.900, 60.39 W
2026/07/24 12:40:00.900, 60.24 W
2026/07/24 12:40:01.900, 60.54 W
2026/07/24 12:40:02.901, 60.32 W
2026/07/24 12:40:03.901, 60.06 W
2026/07/24 12:40:04.901, 60.18 W
2026/07/24 12:40:05.901, 60.39 W
2026/07/24 12:40:06.901, 60.22 W
2026/07/24 12:40:07.901, 60.49 W
2026/07/24 12:40:08.901, 60.19 W
2026/07/24 12:40:09.901, 60.36 W
2026/07/24 12:40:10.901, 60.17 W
2026/07/24 12:40:11.902, 59.93 W
2026/07/24 12:40:12.902, 60.16 W
2026/07/24 12:40:13.902, 60.32 W
2026/07/24 12:40:14.902, 60.22 W
2026/07/24 12:40:15.902, 60.40 W
2026/07/24 12:40:16.902, 60.19 W
2026/07/24 12:40:17.902, 60.03 W
2026/07/24 12:40:18.902, 60.13 W
2026/07/24 12:40:19.902, 60.19 W
2026/07/24 12:40:20.903, 60.28 W
2026/07/24 12:40:21.903, 60.22 W
2026/07/24 12:40:22.903, 60.17 W
2026/07/24 12:40:23.903, 60.03 W
2026/07/24 12:40:24.903, 60.33 W
2026/07/24 12:40:25.903, 60.20 W
2026/07/24 12:40:26.903, 59.55 W
2026/07/24 12:40:27.903, 59.59 W
2026/07/24 12:40:28.903, 60.36 W
2026/07/24 12:40:29.904, 60.06 W
2026/07/24 12:40:30.904, 60.17 W
2026/07/24 12:40:31.904, 60.22 W
2026/07/24 12:40:32.904, 60.19 W
2026/07/24 12:40:33.904, 59.95 W
2026/07/24 12:40:34.904, 60.12 W
2026/07/24 12:40:35.904, 60.31 W
2026/07/24 12:40:36.904, 60.14 W
2026/07/24 12:40:37.904, 60.15 W
2026/07/24 12:40:38.905, 60.12 W
2026/07/24 12:40:39.905, 60.22 W
2026/07/24 12:40:40.905, 60.15 W
2026/07/24 12:40:41.905, 60.06 W
2026/07/24 12:40:42.905, 60.22 W
2026/07/24 12:40:43.905, 59.91 W
2026/07/24 12:40:44.905, 60.17 W
2026/07/24 12:40:45.905, 60.06 W
2026/07/24 12:40:46.905, 60.05 W
2026/07/24 12:40:47.905, 60.22 W
2026/07/24 12:40:48.906, 60.18 W
2026/07/24 12:40:49.906, 60.16 W
2026/07/24 12:40:50.906, 60.14 W
2026/07/24 12:40:51.906, 60.09 W
2026/07/24 12:40:52.906, 60.36 W
2026/07/24 12:40:53.906, 60.20 W
2026/07/24 12:40:54.906, 60.23 W
2026/07/24 12:40:55.906, 60.42 W
2026/07/24 12:40:56.906, 60.18 W
2026/07/24 12:40:57.906, 60.34 W
2026/07/24 12:40:58.906, 60.33 W
2026/07/24 12:40:59.906, 59.97 W
2026/07/24 12:41:00.907, 60.08 W
2026/07/24 12:41:01.907, 60.39 W
2026/07/24 12:41:02.907, 60.00 W
2026/07/24 12:41:03.907, 60.10 W
2026/07/24 12:41:04.907, 60.03 W
2026/07/24 12:41:05.907, 60.09 W
2026/07/24 12:41:06.907, 60.06 W
2026/07/24 12:41:07.907, 60.13 W
2026/07/24 12:41:08.907, 60.09 W
2026/07/24 12:41:09.907, 60.07 W
2026/07/24 12:41:10.907, 60.13 W
2026/07/24 12:41:11.908, 60.19 W
2026/07/24 12:41:12.908, 60.21 W
2026/07/24 12:41:13.908, 60.44 W
2026/07/24 12:41:14.908, 60.53 W
2026/07/24 12:41:15.908, 60.37 W
2026/07/24 12:41:16.908, 60.19 W
2026/07/24 12:41:17.908, 60.20 W
2026/07/24 12:41:18.908, 60.31 W
2026/07/24 12:41:19.908, 60.04 W
2026/07/24 12:41:20.908, 60.43 W
2026/07/24 12:41:21.909, 60.49 W
2026/07/24 12:41:22.909, 60.73 W
2026/07/24 12:41:23.909, 60.06 W
2026/07/24 12:41:24.909, 60.30 W
2026/07/24 12:41:25.909, 59.78 W
2026/07/24 12:41:26.909, 60.16 W
2026/07/24 12:41:27.909, 60.19 W
2026/07/24 12:41:28.909, 60.19 W
2026/07/24 12:41:29.909, 60.11 W
2026/07/24 12:41:30.909, 60.28 W
2026/07/24 12:41:31.910, 60.14 W
2026/07/24 12:41:32.910, 60.26 W
2026/07/24 12:41:33.910, 60.20 W
2026/07/24 12:41:34.910, 60.05 W
2026/07/24 12:41:35.910, 60.18 W
2026/07/24 12:41:36.910, 59.80 W
2026/07/24 12:41:37.910, 60.11 W
2026/07/24 12:41:38.910, 60.30 W
2026/07/24 12:41:39.910, 60.21 W
2026/07/24 12:41:40.911, 60.10 W
2026/07/24 12:41:41.911, 60.13 W
2026/07/24 12:41:42.911, 60.05 W
2026/07/24 12:41:43.911, 60.34 W
2026/07/24 12:41:44.911, 60.18 W
2026/07/24 12:41:45.911, 60.26 W
2026/07/24 12:41:46.911, 60.17 W
2026/07/24 12:41:47.911, 60.21 W
2026/07/24 12:41:48.911, 60.27 W
2026/07/24 12:41:49.912, 60.31 W
2026/07/24 12:41:50.912, 60.35 W
2026/07/24 12:41:51.912, 60.03 W
2026/07/24 12:41:52.912, 60.15 W
2026/07/24 12:41:53.912, 60.02 W
2026/07/24 12:41:54.912, 60.19 W
2026/07/24 12:41:55.912, 59.97 W
2026/07/24 12:41:56.912, 60.12 W
2026/07/24 12:41:57.912, 60.20 W
2026/07/24 12:41:58.913, 60.12 W
2026/07/24 12:41:59.913, 60.08 W
2026/07/24 12:42:00.913, 60.35 W
2026/07/24 12:42:01.913, 59.89 W
2026/07/24 12:42:02.913, 52.76 W
2026/07/24 12:42:03.913, 61.27 W
2026/07/24 12:42:04.913, 59.69 W
2026/07/24 12:42:05.913, 59.73 W
2026/07/24 12:42:06.914, 59.74 W
2026/07/24 12:42:07.914, 60.86 W
2026/07/24 12:42:08.914, 60.32 W
2026/07/24 12:42:09.914, 59.78 W
2026/07/24 12:42:10.914, 59.92 W
2026/07/24 12:42:11.914, 59.96 W
2026/07/24 12:42:12.914, 60.92 W
2026/07/24 12:42:13.914, 60.55 W
2026/07/24 12:42:14.914, 60.11 W
2026/07/24 12:42:15.914, 59.87 W
2026/07/24 12:42:16.915, 60.08 W
2026/07/24 12:42:17.915, 60.82 W
2026/07/24 12:42:18.915, 60.29 W
2026/07/24 12:42:19.915, 59.37 W
2026/07/24 12:42:20.915, 59.40 W
2026/07/24 12:42:21.915, 60.11 W
2026/07/24 12:42:22.915, 60.01 W
2026/07/24 12:42:23.915, 60.19 W
2026/07/24 12:42:24.916, 60.45 W
2026/07/24 12:42:25.916, 59.56 W
2026/07/24 12:42:26.916, 60.12 W
2026/07/24 12:42:27.916, 59.90 W
2026/07/24 12:42:28.916, 60.54 W
2026/07/24 12:42:29.916, 59.81 W
2026/07/24 12:42:30.916, 60.16 W
2026/07/24 12:42:31.916, 59.81 W
2026/07/24 12:42:32.916, 60.40 W
2026/07/24 12:42:33.917, 59.95 W
2026/07/24 12:42:34.917, 60.34 W
2026/07/24 12:42:35.917, 60.12 W
2026/07/24 12:42:36.917, 60.40 W
2026/07/24 12:42:37.917, 59.98 W
2026/07/24 12:42:38.917, 60.41 W
2026/07/24 12:42:39.917, 60.11 W
2026/07/24 12:42:40.917, 60.34 W
2026/07/24 12:42:41.917, 60.09 W
2026/07/24 12:42:42.918, 60.06 W
2026/07/24 12:42:43.918, 60.39 W
2026/07/24 12:42:44.918, 60.09 W
2026/07/24 12:42:45.918, 60.37 W
2026/07/24 12:42:46.918, 60.38 W
2026/07/24 12:42:47.918, 60.55 W
2026/07/24 12:42:48.918, 60.29 W
2026/07/24 12:42:49.918, 60.28 W
2026/07/24 12:42:50.918, 60.38 W
2026/07/24 12:42:51.918, 60.05 W
2026/07/24 12:42:52.919, 60.28 W
2026/07/24 12:42:53.919, 59.92 W
2026/07/24 12:42:54.919, 60.37 W
2026/07/24 12:42:55.919, 60.27 W
2026/07/24 12:42:56.919, 60.28 W
2026/07/24 12:42:57.919, 60.27 W
2026/07/24 12:42:58.919, 59.97 W
2026/07/24 12:42:59.919, 60.36 W
2026/07/24 12:43:00.919, 60.04 W
2026/07/24 12:43:01.919, 60.20 W
2026/07/24 12:43:02.920, 60.09 W
2026/07/24 12:43:03.920, 60.12 W
2026/07/24 12:43:04.920, 60.49 W
2026/07/24 12:43:05.920, 59.78 W
2026/07/24 12:43:06.920, 60.01 W
2026/07/24 12:43:07.920, 60.11 W
2026/07/24 12:43:08.920, 59.99 W
2026/07/24 12:43:09.920, 60.14 W
2026/07/24 12:43:10.920, 60.21 W
2026/07/24 12:43:11.921, 60.23 W
2026/07/24 12:43:12.921, 60.26 W
2026/07/24 12:43:13.921, 60.50 W
2026/07/24 12:43:14.921, 60.25 W
2026/07/24 12:43:15.921, 60.35 W
2026/07/24 12:43:16.921, 59.93 W
2026/07/24 12:43:17.921, 60.21 W
2026/07/24 12:43:18.921, 60.27 W
2026/07/24 12:43:19.921, 60.03 W
2026/07/24 12:43:20.922, 59.40 W
2026/07/24 12:43:21.922, 60.14 W
2026/07/24 12:43:22.922, 60.00 W
2026/07/24 12:43:23.922, 60.00 W
2026/07/24 12:43:24.922, 60.30 W
2026/07/24 12:43:25.922, 60.43 W
2026/07/24 12:43:26.922, 60.54 W
2026/07/24 12:43:27.922, 60.32 W
2026/07/24 12:43:28.922, 60.38 W
2026/07/24 12:43:29.922, 60.00 W
2026/07/24 12:43:30.922, 59.60 W
2026/07/24 12:43:31.922, 59.92 W
2026/07/24 12:43:32.922, 60.07 W
2026/07/24 12:43:33.922, 60.46 W
2026/07/24 12:43:34.923, 60.69 W
2026/07/24 12:43:35.923, 60.36 W
2026/07/24 12:43:36.923, 60.26 W
2026/07/24 12:43:37.923, 59.89 W
2026/07/24 12:43:38.923, 59.83 W
2026/07/24 12:43:39.923, 60.28 W
2026/07/24 12:43:40.923, 60.35 W
2026/07/24 12:43:41.923, 59.85 W
2026/07/24 12:43:42.923, 60.02 W
2026/07/24 12:43:43.923, 60.20 W
2026/07/24 12:43:44.923, 60.46 W
2026/07/24 12:43:45.924, 60.39 W
2026/07/24 12:43:46.924, 60.42 W
2026/07/24 12:43:47.924, 59.97 W
2026/07/24 12:43:48.924, 60.23 W
2026/07/24 12:43:49.924, 60.05 W
2026/07/24 12:43:50.924, 59.87 W
2026/07/24 12:43:51.924, 60.35 W
2026/07/24 12:43:52.924, 60.44 W
2026/07/24 12:43:53.924, 60.17 W
2026/07/24 12:43:54.925, 60.17 W
2026/07/24 12:43:55.925, 60.17 W
2026/07/24 12:43:56.925, 60.07 W
2026/07/24 12:43:57.925, 59.90 W
2026/07/24 12:43:58.925, 60.15 W
2026/07/24 12:43:59.925, 60.13 W
2026/07/24 12:44:00.925, 60.23 W
2026/07/24 12:44:01.925, 59.89 W
2026/07/24 12:44:02.925, 59.93 W
2026/07/24 12:44:03.926, 60.07 W
2026/07/24 12:44:04.926, 59.82 W
2026/07/24 12:44:05.926, 59.96 W
2026/07/24 12:44:06.926, 60.15 W
2026/07/24 12:44:07.926, 60.15 W
2026/07/24 12:44:08.926, 60.14 W
2026/07/24 12:44:09.926, 60.40 W
2026/07/24 12:44:10.926, 60.12 W
2026/07/24 12:44:11.926, 60.17 W
2026/07/24 12:44:12.926, 60.37 W
2026/07/24 12:44:13.926, 60.09 W
2026/07/24 12:44:14.926, 59.96 W
2026/07/24 12:44:15.927, 60.36 W
2026/07/24 12:44:16.927, 60.25 W
2026/07/24 12:44:17.927, 60.02 W
2026/07/24 12:44:18.927, 60.44 W
2026/07/24 12:44:19.927, 60.19 W
2026/07/24 12:44:20.927, 60.12 W
2026/07/24 12:44:21.927, 60.47 W
2026/07/24 12:44:22.927, 60.20 W
2026/07/24 12:44:23.927, 60.22 W
2026/07/24 12:44:24.928, 59.96 W
2026/07/24 12:44:25.928, 59.93 W
2026/07/24 12:44:26.928, 60.13 W
2026/07/24 12:44:27.928, 60.19 W
2026/07/24 12:44:28.928, 60.13 W
2026/07/24 12:44:29.928, 60.38 W
2026/07/24 12:44:30.928, 60.19 W
2026/07/24 12:44:31.928, 59.87 W
2026/07/24 12:44:32.928, 60.14 W
2026/07/24 12:44:33.929, 59.98 W
2026/07/24 12:44:34.929, 59.95 W
2026/07/24 12:44:35.929, 60.30 W
2026/07/24 12:44:36.929, 60.23 W
2026/07/24 12:44:37.929, 60.02 W
2026/07/24 12:44:38.929, 60.38 W
2026/07/24 12:44:39.929, 60.22 W
2026/07/24 12:44:40.929, 60.12 W
2026/07/24 12:44:41.929, 60.22 W
2026/07/24 12:44:42.929, 60.03 W
2026/07/24 12:44:43.930, 60.27 W
2026/07/24 12:44:44.930, 60.26 W
2026/07/24 12:44:45.930, 60.27 W
2026/07/24 12:44:46.930, 60.04 W
2026/07/24 12:44:47.930, 60.18 W
2026/07/24 12:44:48.930, 60.24 W
2026/07/24 12:44:49.930, 60.09 W
2026/07/24 12:44:50.930, 60.08 W
2026/07/24 12:44:51.930, 59.95 W
2026/07/24 12:44:52.931, 60.16 W
2026/07/24 12:44:53.931, 60.08 W
2026/07/24 12:44:54.931, 59.97 W
2026/07/24 12:44:55.931, 60.15 W
2026/07/24 12:44:56.931, 60.12 W
2026/07/24 12:44:57.931, 60.12 W
2026/07/24 12:44:58.931, 60.09 W
2026/07/24 12:44:59.931, 60.03 W
2026/07/24 12:45:00.931, 60.08 W
2026/07/24 12:45:01.932, 60.21 W
2026/07/24 12:45:02.932, 60.31 W
2026/07/24 12:45:03.932, 60.20 W
2026/07/24 12:45:04.932, 60.03 W
2026/07/24 12:45:05.932, 60.24 W
2026/07/24 12:45:06.932, 60.20 W
2026/07/24 12:45:07.932, 60.28 W
2026/07/24 12:45:08.932, 60.28 W
2026/07/24 12:45:09.932, 60.09 W
2026/07/24 12:45:10.932, 60.24 W
2026/07/24 12:45:11.933, 60.37 W
2026/07/24 12:45:12.933, 60.13 W
2026/07/24 12:45:13.933, 60.00 W
2026/07/24 12:45:14.933, 60.05 W
2026/07/24 12:45:15.933, 60.11 W
2026/07/24 12:45:16.933, 60.15 W
2026/07/24 12:45:17.933, 60.22 W
2026/07/24 12:45:18.933, 60.26 W
2026/07/24 12:45:19.934, 60.15 W
2026/07/24 12:45:20.934, 60.40 W
2026/07/24 12:45:21.934, 60.08 W
2026/07/24 12:45:22.934, 60.13 W
2026/07/24 12:45:23.934, 60.30 W
2026/07/24 12:45:24.934, 60.16 W
2026/07/24 12:45:25.934, 60.14 W
2026/07/24 12:45:26.934, 60.18 W
2026/07/24 12:45:27.934, 60.36 W
2026/07/24 12:45:28.934, 60.15 W
2026/07/24 12:45:29.934, 60.45 W
2026/07/24 12:45:30.934, 60.37 W
2026/07/24 12:45:31.935, 60.10 W
2026/07/24 12:45:32.935, 60.36 W
2026/07/24 12:45:33.935, 60.48 W
2026/07/24 12:45:34.935, 59.85 W
2026/07/24 12:45:35.935, 60.24 W
2026/07/24 12:45:36.935, 59.83 W
2026/07/24 12:45:37.935, 60.41 W
2026/07/24 12:45:38.935, 60.11 W
2026/07/24 12:45:39.935, 60.37 W
2026/07/24 12:45:40.935, 60.25 W
2026/07/24 12:45:41.935, 59.91 W
2026/07/24 12:45:42.935, 60.20 W
2026/07/24 12:45:43.936, 60.15 W
2026/07/24 12:45:44.936, 60.21 W
2026/07/24 12:45:45.936, 60.11 W
2026/07/24 12:45:46.936, 60.42 W
2026/07/24 12:45:47.936, 60.63 W
2026/07/24 12:45:48.936, 60.32 W
2026/07/24 12:45:49.936, 60.37 W
2026/07/24 12:45:50.936, 59.88 W
2026/07/24 12:45:51.936, 60.02 W
2026/07/24 12:45:52.937, 60.12 W
2026/07/24 12:45:53.937, 60.38 W
2026/07/24 12:45:54.937, 60.13 W
2026/07/24 12:45:55.937, 60.32 W
2026/07/24 12:45:56.937, 60.06 W
2026/07/24 12:45:57.937, 60.00 W
2026/07/24 12:45:58.937, 60.04 W
2026/07/24 12:45:59.937, 60.27 W
2026/07/24 12:46:00.937, 60.35 W
2026/07/24 12:46:01.937, 60.05 W
2026/07/24 12:46:02.938, 60.42 W
2026/07/24 12:46:03.938, 60.33 W
2026/07/24 12:46:04.938, 60.14 W
2026/07/24 12:46:05.938, 60.35 W
2026/07/24 12:46:06.938, 59.39 W
2026/07/24 12:46:07.938, 60.12 W
2026/07/24 12:46:08.938, 60.26 W
2026/07/24 12:46:09.938, 60.15 W
2026/07/24 12:46:10.939, 60.08 W
2026/07/24 12:46:11.939, 60.25 W
2026/07/24 12:46:12.939, 60.00 W
2026/07/24 12:46:13.939, 60.10 W
2026/07/24 12:46:14.939, 60.30 W
2026/07/24 12:46:15.939, 60.01 W
2026/07/24 12:46:16.939, 60.20 W
2026/07/24 12:46:17.939, 60.28 W
2026/07/24 12:46:18.940, 60.32 W
2026/07/24 12:46:19.940, 60.25 W
2026/07/24 12:46:20.940, 60.54 W
2026/07/24 12:46:21.940, 60.23 W
2026/07/24 12:46:22.940, 60.14 W
2026/07/24 12:46:23.940, 60.18 W
2026/07/24 12:46:24.940, 60.12 W
2026/07/24 12:46:25.941, 60.38 W
2026/07/24 12:46:26.941, 60.56 W
2026/07/24 12:46:27.941, 60.52 W
2026/07/24 12:46:28.941, 59.76 W
2026/07/24 12:46:29.941, 60.38 W
2026/07/24 12:46:30.941, 60.14 W
2026/07/24 12:46:31.941, 60.14 W
2026/07/24 12:46:32.941, 60.35 W
2026/07/24 12:46:33.941, 60.21 W
2026/07/24 12:46:34.941, 60.18 W
2026/07/24 12:46:35.942, 59.92 W
2026/07/24 12:46:36.942, 59.90 W
2026/07/24 12:46:37.942, 60.10 W
2026/07/24 12:46:38.942, 60.18 W
2026/07/24 12:46:39.942, 60.22 W
2026/07/24 12:46:40.942, 60.06 W
2026/07/24 12:46:41.942, 60.21 W
2026/07/24 12:46:42.942, 60.27 W
2026/07/24 12:46:43.942, 60.32 W
2026/07/24 12:46:44.942, 60.07 W
2026/07/24 12:46:45.943, 60.12 W
2026/07/24 12:46:46.943, 60.31 W
2026/07/24 12:46:47.943, 60.18 W
2026/07/24 12:46:48.943, 60.41 W
2026/07/24 12:46:49.943, 60.13 W
2026/07/24 12:46:50.943, 60.42 W
2026/07/24 12:46:51.943, 59.94 W
2026/07/24 12:46:52.943, 60.12 W
2026/07/24 12:46:53.944, 60.26 W
2026/07/24 12:46:54.944, 60.17 W
2026/07/24 12:46:55.944, 60.21 W
2026/07/24 12:46:56.944, 60.19 W
2026/07/24 12:46:57.944, 60.31 W
2026/07/24 12:46:58.944, 60.00 W
2026/07/24 12:46:59.944, 60.06 W
2026/07/24 12:47:00.944, 60.28 W
2026/07/24 12:47:01.944, 60.08 W
2026/07/24 12:47:02.945, 60.39 W
2026/07/24 12:47:03.945, 60.22 W
2026/07/24 12:47:04.945, 60.02 W
2026/07/24 12:47:05.945, 60.29 W
2026/07/24 12:47:06.945, 60.32 W
2026/07/24 12:47:07.945, 60.47 W
2026/07/24 12:47:08.945, 60.26 W
2026/07/24 12:47:09.945, 60.07 W
2026/07/24 12:47:10.945, 60.41 W
2026/07/24 12:47:11.945, 60.05 W
2026/07/24 12:47:12.946, 60.01 W
2026/07/24 12:47:13.946, 60.26 W
2026/07/24 12:47:14.946, 60.11 W
2026/07/24 12:47:15.946, 60.10 W
2026/07/24 12:47:16.946, 60.36 W
2026/07/24 12:47:17.946, 60.45 W
2026/07/24 12:47:18.946, 60.24 W
2026/07/24 12:47:19.946, 60.29 W
2026/07/24 12:47:20.946, 60.29 W
2026/07/24 12:47:21.946, 60.20 W
2026/07/24 12:47:22.946, 60.18 W
2026/07/24 12:47:23.946, 60.20 W
2026/07/24 12:47:24.947, 60.11 W
2026/07/24 12:47:25.947, 60.12 W
2026/07/24 12:47:26.947, 59.90 W
2026/07/24 12:47:27.947, 60.03 W
2026/07/24 12:47:28.947, 60.20 W
2026/07/24 12:47:29.947, 60.11 W
2026/07/24 12:47:30.947, 60.25 W
2026/07/24 12:47:31.947, 60.14 W
2026/07/24 12:47:32.947, 60.07 W
2026/07/24 12:47:33.948, 60.17 W
2026/07/24 12:47:34.948, 60.06 W
2026/07/24 12:47:35.948, 60.28 W
2026/07/24 12:47:36.948, 60.23 W
2026/07/24 12:47:37.948, 60.15 W
2026/07/24 12:47:38.948, 59.83 W
2026/07/24 12:47:39.948, 60.18 W
2026/07/24 12:47:40.948, 60.14 W
2026/07/24 12:47:41.948, 60.22 W
2026/07/24 12:47:42.949, 60.46 W
2026/07/24 12:47:43.949, 60.38 W
2026/07/24 12:47:44.949, 60.06 W
2026/07/24 12:47:45.949, 59.95 W
2026/07/24 12:47:46.949, 60.33 W
2026/07/24 12:47:47.949, 60.42 W
2026/07/24 12:47:48.949, 60.33 W
2026/07/24 12:47:49.949, 60.51 W
2026/07/24 12:47:50.950, 60.07 W
2026/07/24 12:47:51.950, 60.22 W
2026/07/24 12:47:52.950, 60.12 W
2026/07/24 12:47:53.950, 60.19 W
2026/07/24 12:47:54.950, 60.20 W
2026/07/24 12:47:55.950, 60.39 W
2026/07/24 12:47:56.950, 59.93 W
2026/07/24 12:47:57.950, 60.01 W
2026/07/24 12:47:58.950, 60.24 W
2026/07/24 12:47:59.951, 60.49 W
2026/07/24 12:48:00.951, 60.11 W
2026/07/24 12:48:01.951, 60.35 W
2026/07/24 12:48:02.951, 60.30 W
2026/07/24 12:48:03.951, 60.12 W
2026/07/24 12:48:04.951, 60.09 W
2026/07/24 12:48:05.951, 60.07 W
2026/07/24 12:48:06.951, 60.36 W
2026/07/24 12:48:07.951, 60.20 W
2026/07/24 12:48:08.951, 60.55 W
2026/07/24 12:48:09.952, 60.20 W
2026/07/24 12:48:10.952, 59.90 W
2026/07/24 12:48:11.952, 60.19 W
2026/07/24 12:48:12.952, 60.17 W
2026/07/24 12:48:13.952, 60.31 W
2026/07/24 12:48:14.952, 60.25 W
2026/07/24 12:48:15.952, 60.30 W
2026/07/24 12:48:16.952, 60.44 W
2026/07/24 12:48:17.952, 60.22 W
2026/07/24 12:48:18.952, 59.69 W
2026/07/24 12:48:19.953, 60.20 W
2026/07/24 12:48:20.953, 60.14 W
2026/07/24 12:48:21.953, 59.97 W
2026/07/24 12:48:22.953, 60.12 W
2026/07/24 12:48:23.953, 60.22 W
2026/07/24 12:48:24.953, 60.40 W
2026/07/24 12:48:25.953, 60.12 W
2026/07/24 12:48:26.953, 60.41 W
2026/07/24 12:48:27.953, 60.31 W
2026/07/24 12:48:28.953, 60.18 W
2026/07/24 12:48:29.954, 60.26 W
2026/07/24 12:48:30.954, 60.39 W
2026/07/24 12:48:31.954, 59.86 W
2026/07/24 12:48:32.954, 59.99 W
2026/07/24 12:48:33.954, 60.01 W
2026/07/24 12:48:34.954, 60.17 W
2026/07/24 12:48:35.954, 60.03 W
2026/07/24 12:48:36.954, 60.05 W
2026/07/24 12:48:37.954, 60.26 W
2026/07/24 12:48:38.954, 60.28 W
2026/07/24 12:48:39.955, 60.22 W
2026/07/24 12:48:40.955, 60.39 W
2026/07/24 12:48:41.955, 60.40 W
2026/07/24 12:48:42.955, 60.50 W
2026/07/24 12:48:43.955, 60.47 W
2026/07/24 12:48:44.955, 60.26 W
2026/07/24 12:48:45.955, 60.27 W
2026/07/24 12:48:46.955, 60.47 W
2026/07/24 12:48:47.955, 59.81 W
2026/07/24 12:48:48.956, 60.12 W
2026/07/24 12:48:49.956, 59.84 W
2026/07/24 12:48:50.956, 60.02 W
2026/07/24 12:48:51.956, 60.07 W
2026/07/24 12:48:52.956, 59.81 W
2026/07/24 12:48:53.956, 60.20 W
2026/07/24 12:48:54.956, 59.86 W
2026/07/24 12:48:55.956, 60.16 W
2026/07/24 12:48:56.956, 59.86 W
2026/07/24 12:48:57.957, 60.02 W
2026/07/24 12:48:58.957, 59.94 W
2026/07/24 12:48:59.957, 59.85 W
2026/07/24 12:49:00.957, 60.24 W
2026/07/24 12:49:01.957, 60.16 W
2026/07/24 12:49:02.957, 60.43 W
2026/07/24 12:49:03.957, 60.31 W
2026/07/24 12:49:04.957, 60.15 W
2026/07/24 12:49:05.957, 59.94 W
2026/07/24 12:49:06.958, 60.27 W
2026/07/24 12:49:07.958, 60.17 W
2026/07/24 12:49:08.958, 60.25 W
2026/07/24 12:49:09.958, 60.33 W
2026/07/24 12:49:10.958, 60.47 W
2026/07/24 12:49:11.958, 59.94 W
2026/07/24 12:49:12.958, 60.41 W
2026/07/24 12:49:13.959, 59.97 W
2026/07/24 12:49:14.959, 60.11 W
2026/07/24 12:49:15.959, 60.03 W
2026/07/24 12:49:16.959, 60.22 W
2026/07/24 12:49:17.959, 53.15 W
2026/07/24 12:49:18.959, 58.08 W
2026/07/24 12:49:19.959, 60.10 W
2026/07/24 12:49:20.960, 60.36 W
2026/07/24 12:49:21.960, 59.09 W
2026/07/24 12:49:22.960, 60.19 W
2026/07/24 12:49:23.960, 60.38 W
2026/07/24 12:49:24.960, 60.22 W
2026/07/24 12:49:25.960, 60.03 W
2026/07/24 12:49:26.960, 59.80 W
2026/07/24 12:49:27.960, 60.06 W
2026/07/24 12:49:28.961, 60.23 W
2026/07/24 12:49:29.961, 60.43 W
2026/07/24 12:49:30.961, 60.34 W
2026/07/24 12:49:31.961, 59.87 W
2026/07/24 12:49:32.961, 60.40 W
2026/07/24 12:49:33.961, 60.26 W
2026/07/24 12:49:34.961, 60.51 W
2026/07/24 12:49:35.961, 59.87 W
2026/07/24 12:49:36.961, 60.10 W
2026/07/24 12:49:37.962, 60.38 W
2026/07/24 12:49:38.962, 60.49 W
2026/07/24 12:49:39.962, 60.14 W
2026/07/24 12:49:40.962, 60.26 W
2026/07/24 12:49:41.962, 59.75 W
2026/07/24 12:49:42.962, 60.12 W
2026/07/24 12:49:43.962, 60.09 W
2026/07/24 12:49:44.962, 60.37 W
2026/07/24 12:49:45.962, 60.23 W
2026/07/24 12:49:46.962, 59.96 W
2026/07/24 12:49:47.963, 60.12 W
2026/07/24 12:49:48.963, 60.14 W
2026/07/24 12:49:49.963, 60.06 W
2026/07/24 12:49:50.963, 60.00 W
2026/07/24 12:49:51.963, 60.39 W
2026/07/24 12:49:52.963, 60.28 W
2026/07/24 12:49:53.963, 60.33 W
2026/07/24 12:49:54.963, 60.23 W
2026/07/24 12:49:55.963, 59.87 W
2026/07/24 12:49:56.964, 59.97 W
2026/07/24 12:49:57.964, 59.93 W
2026/07/24 12:49:58.964, 59.81 W
2026/07/24 12:49:59.964, 59.79 W
2026/07/24 12:50:00.964, 60.08 W
2026/07/24 12:50:01.964, 60.19 W
2026/07/24 12:50:02.964, 60.37 W
2026/07/24 12:50:03.964, 60.25 W
2026/07/24 12:50:04.965, 60.48 W
2026/07/24 12:50:05.965, 60.23 W
2026/07/24 12:50:06.965, 60.24 W
2026/07/24 12:50:07.965, 60.23 W
2026/07/24 12:50:08.965, 60.36 W
2026/07/24 12:50:09.965, 60.33 W
2026/07/24 12:50:10.965, 60.40 W
2026/07/24 12:50:11.965, 60.26 W
2026/07/24 12:50:12.965, 59.96 W
2026/07/24 12:50:13.966, 59.87 W
2026/07/24 12:50:14.966, 59.83 W
2026/07/24 12:50:15.966, 60.08 W
2026/07/24 12:50:16.966, 60.32 W
2026/07/24 12:50:17.966, 60.08 W
2026/07/24 12:50:18.966, 60.50 W
2026/07/24 12:50:19.966, 60.05 W
2026/07/24 12:50:20.966, 60.23 W
2026/07/24 12:50:21.966, 60.20 W
2026/07/24 12:50:22.966, 60.31 W
2026/07/24 12:50:23.967, 60.43 W
2026/07/24 12:50:24.967, 60.14 W
2026/07/24 12:50:25.967, 60.44 W
2026/07/24 12:50:26.967, 60.46 W
2026/07/24 12:50:27.967, 60.41 W
2026/07/24 12:50:28.967, 60.28 W
2026/07/24 12:50:29.967, 60.26 W
2026/07/24 12:50:30.967, 60.05 W
2026/07/24 12:50:31.967, 60.03 W
2026/07/24 12:50:32.967, 60.32 W
2026/07/24 12:50:33.968, 60.26 W
2026/07/24 12:50:34.968, 60.01 W
2026/07/24 12:50:35.968, 60.31 W
2026/07/24 12:50:36.968, 60.48 W
2026/07/24 12:50:37.968, 60.32 W
2026/07/24 12:50:38.968, 60.18 W
2026/07/24 12:50:39.968, 60.41 W
2026/07/24 12:50:40.968, 60.12 W
2026/07/24 12:50:41.969, 60.19 W
2026/07/24 12:50:42.969, 59.98 W
2026/07/24 12:50:43.969, 60.21 W
2026/07/24 12:50:44.969, 60.02 W
2026/07/24 12:50:45.969, 60.30 W
2026/07/24 12:50:46.969, 60.14 W
2026/07/24 12:50:47.969, 59.80 W
2026/07/24 12:50:48.969, 59.65 W
2026/07/24 12:50:49.969, 59.96 W
2026/07/24 12:50:50.970, 60.28 W
2026/07/24 12:50:51.970, 60.15 W
2026/07/24 12:50:52.970, 59.75 W
2026/07/24 12:50:53.970, 60.18 W
2026/07/24 12:50:54.970, 60.12 W
2026/07/24 12:50:55.970, 60.25 W
2026/07/24 12:50:56.970, 60.01 W
2026/07/24 12:50:57.970, 60.26 W
2026/07/24 12:50:58.970, 60.13 W
2026/07/24 12:50:59.970, 59.82 W
2026/07/24 12:51:00.971, 60.13 W
2026/07/24 12:51:01.971, 60.30 W
2026/07/24 12:51:02.971, 59.89 W
2026/07/24 12:51:03.971, 60.13 W
2026/07/24 12:51:04.971, 60.36 W
2026/07/24 12:51:05.971, 60.19 W
2026/07/24 12:51:06.971, 60.13 W
2026/07/24 12:51:07.971, 60.66 W
2026/07/24 12:51:08.971, 60.17 W
2026/07/24 12:51:09.971, 60.29 W
2026/07/24 12:51:10.972, 59.85 W
2026/07/24 12:51:11.972, 59.85 W
2026/07/24 12:51:12.972, 60.17 W
2026/07/24 12:51:13.972, 60.71 W
2026/07/24 12:51:14.972, 60.23 W
2026/07/24 12:51:15.972, 60.08 W
2026/07/24 12:51:16.972, 59.89 W
2026/07/24 12:51:17.972, 60.22 W
2026/07/24 12:51:18.972, 60.16 W
2026/07/24 12:51:19.973, 60.18 W
2026/07/24 12:51:20.973, 60.13 W
2026/07/24 12:51:21.973, 60.19 W
2026/07/24 12:51:22.973, 60.21 W
2026/07/24 12:51:23.973, 60.33 W
2026/07/24 12:51:24.973, 60.16 W
2026/07/24 12:51:25.973, 60.15 W
2026/07/24 12:51:26.973, 60.26 W
2026/07/24 12:51:27.973, 60.25 W
2026/07/24 12:51:28.974, 60.20 W
2026/07/24 12:51:29.974, 60.37 W
2026/07/24 12:51:30.974, 60.18 W
2026/07/24 12:51:31.974, 60.19 W
2026/07/24 12:51:32.974, 60.22 W
2026/07/24 12:51:33.974, 60.33 W
2026/07/24 12:51:34.974, 60.26 W
2026/07/24 12:51:35.974, 60.43 W
2026/07/24 12:51:36.974, 60.67 W
2026/07/24 12:51:37.974, 60.10 W
2026/07/24 12:51:38.975, 60.32 W
2026/07/24 12:51:39.975, 60.29 W
2026/07/24 12:51:40.975, 60.28 W
2026/07/24 12:51:41.975, 60.15 W
2026/07/24 12:51:42.975, 60.43 W
2026/07/24 12:51:43.975, 59.93 W
2026/07/24 12:51:44.975, 59.98 W
2026/07/24 12:51:45.975, 60.22 W
2026/07/24 12:51:46.975, 59.94 W
2026/07/24 12:51:47.975, 60.23 W
2026/07/24 12:51:48.975, 60.57 W
2026/07/24 12:51:49.976, 32.15 W
2026/07/24 12:51:50.976, 25.27 W
2026/07/24 12:51:51.976, 21.60 W
2026/07/24 12:51:52.976, 21.50 W
2026/07/24 12:51:53.976, 21.40 W
2026/07/24 12:51:54.976, 21.35 W
2026/07/24 12:51:55.976, 21.25 W
2026/07/24 12:51:56.976, 21.21 W
2026/07/24 12:51:57.976, 21.16 W
2026/07/24 12:51:58.977, 21.11 W
2026/07/24 12:51:59.977, 21.06 W
2026/07/24 12:52:00.977, 21.01 W
2026/07/24 12:52:01.977, 21.01 W
2026/07/24 12:52:02.977, 20.97 W
2026/07/24 12:52:03.977, 20.93 W
2026/07/24 12:52:04.977, 20.93 W
2026/07/24 12:52:05.977, 20.93 W
2026/07/24 12:52:06.977, 21.02 W
2026/07/24 12:52:07.977, 21.12 W
2026/07/24 12:52:08.978, 21.12 W
2026/07/24 12:52:09.978, 21.12 W
2026/07/24 12:52:10.978, 21.07 W
2026/07/24 12:52:11.978, 21.02 W
2026/07/24 12:52:12.978, 21.02 W
2026/07/24 12:52:13.978, 21.02 W
2026/07/24 12:52:14.978, 20.98 W
2026/07/24 12:52:15.978, 20.93 W
2026/07/24 12:52:16.978, 20.93 W
2026/07/24 12:52:17.978, 20.93 W
2026/07/24 12:52:18.979, 20.93 W
2026/07/24 12:52:19.979, 20.93 W
2026/07/24 12:52:20.979, 20.93 W
2026/07/24 12:52:21.979, 20.93 W
2026/07/24 12:52:22.979, 20.93 W
2026/07/24 12:52:23.979, 20.88 W
2026/07/24 12:52:24.979, 20.83 W
2026/07/24 12:52:25.979, 20.83 W
2026/07/24 12:52:26.979, 20.83 W
2026/07/24 12:52:27.979, 20.83 W
2026/07/24 12:52:28.979, 20.83 W
2026/07/24 12:52:29.980, 20.83 W
2026/07/24 12:52:30.980, 20.83 W
2026/07/24 12:52:31.980, 20.83 W
2026/07/24 12:52:32.980, 20.83 W
2026/07/24 12:52:33.980, 20.78 W
2026/07/24 12:52:34.980, 20.78 W
2026/07/24 12:52:35.980, 20.79 W
2026/07/24 12:52:36.980, 20.74 W
2026/07/24 12:52:37.980, 20.79 W
2026/07/24 12:52:38.981, 20.79 W
2026/07/24 12:52:39.981, 20.74 W
2026/07/24 12:52:40.981, 20.74 W
2026/07/24 12:52:41.981, 20.74 W
2026/07/24 12:52:42.981, 20.79 W
2026/07/24 12:52:43.981, 20.79 W
2026/07/24 12:52:44.981, 20.74 W
2026/07/24 12:52:45.981, 20.74 W
2026/07/24 12:52:46.981, 20.74 W
2026/07/24 12:52:47.982, 20.74 W
2026/07/24 12:52:48.982, 20.74 W
2026/07/24 12:52:49.982, 20.74 W
2026/07/24 12:52:50.982, 20.74 W
2026/07/24 12:52:51.982, 20.74 W
2026/07/24 12:52:52.982, 20.74 W
2026/07/24 12:52:53.982, 20.74 W
2026/07/24 12:52:54.982, 20.74 W
2026/07/24 12:52:55.982, 20.74 W
2026/07/24 12:52:56.982, 20.69 W
2026/07/24 12:52:57.983, 20.69 W
2026/07/24 12:52:58.983, 20.74 W
2026/07/24 12:52:59.983, 20.69 W
2026/07/24 12:53:00.983, 20.69 W
2026/07/24 12:53:01.983, 20.74 W
2026/07/24 12:53:02.983, 20.74 W
2026/07/24 12:53:03.983, 20.74 W
2026/07/24 12:53:04.983, 20.69 W
2026/07/24 12:53:05.983, 20.69 W
2026/07/24 12:53:06.983, 20.74 W
2026/07/24 12:53:07.983, 20.74 W
2026/07/24 12:53:08.984, 20.74 W
2026/07/24 12:53:09.984, 20.74 W
2026/07/24 12:53:10.984, 20.69 W
2026/07/24 12:53:11.984, 20.65 W
2026/07/24 12:53:12.984, 20.65 W
2026/07/24 12:53:13.984, 20.65 W
2026/07/24 12:53:14.984, 20.65 W
2026/07/24 12:53:15.984, 20.65 W
2026/07/24 12:53:16.985, 20.65 W
2026/07/24 12:53:17.985, 20.65 W
2026/07/24 12:53:18.985, 20.69 W
2026/07/24 12:53:19.985, 20.74 W
2026/07/24 12:53:20.985, 20.74 W
2026/07/24 12:53:21.985, 20.74 W
2026/07/24 12:53:22.985, 20.69 W
2026/07/24 12:53:23.985, 20.69 W
2026/07/24 12:53:24.985, 20.69 W
2026/07/24 12:53:25.985, 20.65 W
2026/07/24 12:53:26.985, 20.65 W
2026/07/24 12:53:27.985, 20.69 W
2026/07/24 12:53:28.986, 20.74 W
2026/07/24 12:53:29.986, 20.74 W
2026/07/24 12:53:30.986, 20.74 W
2026/07/24 12:53:31.986, 20.74 W
2026/07/24 12:53:32.986, 20.74 W
2026/07/24 12:53:33.986, 20.74 W
2026/07/24 12:53:34.986, 20.74 W
2026/07/24 12:53:35.986, 20.74 W
2026/07/24 12:53:36.986, 20.74 W
2026/07/24 12:53:37.986, 20.74 W
2026/07/24 12:53:38.986, 20.74 W
2026/07/24 12:53:39.987, 20.74 W
2026/07/24 12:53:40.987, 20.74 W
2026/07/24 12:53:41.987, 20.74 W
2026/07/24 12:53:42.987, 20.74 W
2026/07/24 12:53:43.987, 20.74 W
2026/07/24 12:53:44.987, 20.74 W
2026/07/24 12:53:45.987, 20.74 W
2026/07/24 12:53:46.987, 20.74 W
2026/07/24 12:53:47.987, 20.74 W
2026/07/24 12:53:48.987, 20.74 W
2026/07/24 12:53:49.988, 20.74 W
2026/07/24 12:53:50.988, 20.74 W
2026/07/24 12:53:51.988, 20.74 W
2026/07/24 12:53:52.988, 20.74 W
2026/07/24 12:53:53.988, 20.74 W
2026/07/24 12:53:54.988, 20.74 W
2026/07/24 12:53:55.988, 20.74 W
2026/07/24 12:53:56.988, 20.74 W
2026/07/24 12:53:57.989, 20.74 W
2026/07/24 12:53:58.989, 20.79 W
2026/07/24 12:53:59.989, 20.79 W
2026/07/24 12:54:00.989, 20.74 W
2026/07/24 12:54:01.989, 20.74 W
2026/07/24 12:54:02.989, 20.79 W
2026/07/24 12:54:03.989, 20.79 W
2026/07/24 12:54:04.989, 20.79 W
2026/07/24 12:54:05.989, 20.84 W
2026/07/24 12:54:06.989, 20.79 W
2026/07/24 12:54:07.990, 20.74 W
2026/07/24 12:54:08.990, 20.79 W
2026/07/24 12:54:09.990, 20.79 W
2026/07/24 12:54:10.990, 20.79 W
2026/07/24 12:54:11.990, 20.84 W
2026/07/24 12:54:12.990, 20.84 W
2026/07/24 12:54:13.990, 20.79 W
2026/07/24 12:54:14.990, 20.79 W
2026/07/24 12:54:15.990, 20.84 W
2026/07/24 12:54:16.990, 20.84 W
2026/07/24 12:54:17.991, 20.84 W
2026/07/24 12:54:18.991, 20.84 W
2026/07/24 12:54:19.991, 20.84 W
2026/07/24 12:54:20.991, 20.79 W
2026/07/24 12:54:21.991, 20.79 W
2026/07/24 12:54:22.991, 20.84 W
2026/07/24 12:54:23.991, 20.84 W
2026/07/24 12:54:24.991, 20.84 W
2026/07/24 12:54:25.991, 20.84 W
2026/07/24 12:54:26.992, 20.84 W
2026/07/24 12:54:27.992, 20.84 W
2026/07/24 12:54:28.992, 20.84 W
2026/07/24 12:54:29.992, 20.84 W
2026/07/24 12:54:30.992, 20.84 W
2026/07/24 12:54:31.992, 20.84 W
2026/07/24 12:54:32.992, 20.84 W
2026/07/24 12:54:33.992, 20.84 W
2026/07/24 12:54:34.992, 20.84 W
2026/07/24 12:54:35.992, 20.84 W
2026/07/24 12:54:36.993, 20.84 W
2026/07/24 12:54:37.993, 20.84 W
2026/07/24 12:54:38.993, 20.84 W
2026/07/24 12:54:39.993, 20.84 W
2026/07/24 12:54:40.993, 20.84 W
2026/07/24 12:54:41.993, 20.84 W
2026/07/24 12:54:42.993, 20.84 W
2026/07/24 12:54:43.993, 20.84 W
2026/07/24 12:54:44.993, 20.84 W
2026/07/24 12:54:45.993, 20.84 W
2026/07/24 12:54:46.994, 20.84 W
2026/07/24 12:54:47.994, 20.84 W
2026/07/24 12:54:48.994, 20.84 W
2026/07/24 12:54:49.994, 20.84 W
2026/07/24 12:54:50.994, 20.84 W
2026/07/24 12:54:51.994, 20.84 W
2026/07/24 12:54:52.994, 20.84 W
2026/07/24 12:54:53.994, 20.84 W
2026/07/24 12:54:54.995, 20.84 W
2026/07/24 12:54:55.995, 20.84 W
2026/07/24 12:54:56.995, 20.84 W
2026/07/24 12:54:57.995, 20.84 W
2026/07/24 12:54:58.995, 20.84 W
2026/07/24 12:54:59.995, 20.84 W
2026/07/24 12:55:00.995, 20.84 W
2026/07/24 12:55:01.995, 20.84 W
2026/07/24 12:55:02.995, 20.84 W
2026/07/24 12:55:03.996, 20.84 W
2026/07/24 12:55:04.996, 20.84 W
2026/07/24 12:55:05.996, 20.84 W
2026/07/24 12:55:06.996, 20.84 W
2026/07/24 12:55:07.996, 20.89 W
2026/07/24 12:55:08.996, 20.94 W
2026/07/24 12:55:09.996, 20.89 W
2026/07/24 12:55:10.996, 20.84 W
2026/07/24 12:55:11.996, 20.89 W
2026/07/24 12:55:12.996, 20.89 W
2026/07/24 12:55:13.997, 20.84 W
2026/07/24 12:55:14.997, 20.84 W
2026/07/24 12:55:15.997, 20.84 W
2026/07/24 12:55:16.997, 20.84 W
2026/07/24 12:55:17.997, 20.84 W
2026/07/24 12:55:18.997, 20.84 W
2026/07/24 12:55:19.997, 20.84 W
2026/07/24 12:55:20.997, 20.89 W
2026/07/24 12:55:21.997, 20.94 W
2026/07/24 12:55:22.997, 20.94 W
2026/07/24 12:55:23.998, 20.94 W
2026/07/24 12:55:24.998, 20.89 W
2026/07/24 12:55:25.998, 20.84 W
2026/07/24 12:55:26.998, 20.84 W
2026/07/24 12:55:27.998, 20.89 W
2026/07/24 12:55:28.998, 20.89 W
2026/07/24 12:55:29.998, 20.89 W
2026/07/24 12:55:30.998, 20.94 W
2026/07/24 12:55:31.998, 20.94 W
2026/07/24 12:55:32.999, 20.89 W
2026/07/24 12:55:33.999, 20.84 W
2026/07/24 12:55:34.999, 20.84 W
2026/07/24 12:55:35.999, 20.89 W
2026/07/24 12:55:36.999, 20.94 W
2026/07/24 12:55:37.999, 20.94 W
2026/07/24 12:55:38.999, 20.94 W
2026/07/24 12:55:39.999, 20.94 W
2026/07/24 12:55:40.999, 20.94 W
2026/07/24 12:55:42.000, 20.94 W
2026/07/24 12:55:43.000, 20.89 W
2026/07/24 12:55:44.000, 20.89 W
2026/07/24 12:55:45.000, 20.94 W
2026/07/24 12:55:46.000, 20.94 W
2026/07/24 12:55:47.000, 20.94 W
2026/07/24 12:55:48.000, 20.94 W
2026/07/24 12:55:49.000, 20.94 W
2026/07/24 12:55:50.000, 20.94 W
2026/07/24 12:55:51.001, 20.94 W
2026/07/24 12:55:52.001, 20.94 W
2026/07/24 12:55:53.001, 20.94 W
2026/07/24 12:55:54.001, 20.94 W
2026/07/24 12:55:55.001, 20.94 W
2026/07/24 12:55:56.001, 20.94 W
2026/07/24 12:55:57.001, 20.94 W
2026/07/24 12:55:58.001, 20.94 W
2026/07/24 12:55:59.001, 20.94 W
2026/07/24 12:56:00.002, 20.94 W
2026/07/24 12:56:01.002, 20.94 W
2026/07/24 12:56:02.002, 20.94 W
2026/07/24 12:56:03.002, 20.94 W
2026/07/24 12:56:04.002, 20.94 W
2026/07/24 12:56:05.002, 20.94 W
2026/07/24 12:56:06.002, 20.94 W
2026/07/24 12:56:07.002, 20.94 W
2026/07/24 12:56:08.002, 20.94 W
2026/07/24 12:56:09.002, 20.94 W
2026/07/24 12:56:10.002, 20.94 W
2026/07/24 12:56:11.003, 20.94 W
2026/07/24 12:56:12.003, 20.94 W
2026/07/24 12:56:13.003, 20.94 W
2026/07/24 12:56:14.003, 20.94 W
2026/07/24 12:56:15.003, 20.94 W
2026/07/24 12:56:16.003, 20.94 W
2026/07/24 12:56:17.003, 20.94 W
2026/07/24 12:56:18.003, 20.94 W
2026/07/24 12:56:19.003, 20.94 W
2026/07/24 12:56:20.003, 20.94 W
2026/07/24 12:56:21.003, 20.94 W
2026/07/24 12:56:22.004, 20.94 W
2026/07/24 12:56:23.004, 20.94 W
2026/07/24 12:56:24.004, 20.94 W
2026/07/24 12:56:25.004, 20.94 W
2026/07/24 12:56:26.004, 20.94 W
2026/07/24 12:56:27.004, 20.94 W
2026/07/24 12:56:28.004, 20.94 W
2026/07/24 12:56:29.004, 20.94 W
2026/07/24 12:56:30.004, 20.94 W
2026/07/24 12:56:31.004, 20.94 W
2026/07/24 12:56:32.004, 20.94 W
2026/07/24 12:56:33.004, 20.94 W
2026/07/24 12:56:34.005, 20.94 W
2026/07/24 12:56:35.005, 20.94 W
2026/07/24 12:56:36.005, 20.94 W
2026/07/24 12:56:37.005, 20.94 W
2026/07/24 12:56:38.005, 20.94 W
2026/07/24 12:56:39.005, 20.94 W
2026/07/24 12:56:40.005, 20.99 W
2026/07/24 12:56:41.005, 20.99 W
2026/07/24 12:56:42.005, 20.94 W
2026/07/24 12:56:43.005, 20.94 W
2026/07/24 12:56:44.006, 20.94 W
2026/07/24 12:56:45.006, 20.99 W
2026/07/24 12:56:46.006, 20.99 W
2026/07/24 12:56:47.006, 20.94 W
2026/07/24 12:56:48.006, 20.99 W
2026/07/24 12:56:49.006, 20.99 W
2026/07/24 12:56:50.006, 21.88 W
2026/07/24 12:56:51.006, 21.20 W
2026/07/24 12:56:52.006, 15.92 W
2026/07/24 12:56:53.006, 15.36 W
2026/07/24 12:56:54.007, 15.31 W
2026/07/24 12:56:55.007, 15.31 W
2026/07/24 12:56:56.007, 15.31 W
2026/07/24 12:56:57.007, 12.08 W
2026/07/24 12:56:58.007, 8.86 W
2026/07/24 12:56:59.007, 8.86 W
2026/07/24 12:57:00.007, 8.86 W
2026/07/24 12:57:01.007, 8.86 W
2026/07/24 12:57:02.007, 8.86 W
2026/07/24 12:57:03.007, 8.86 W
2026/07/24 12:57:04.008, 8.81 W
2026/07/24 12:57:05.008, 8.76 W
2026/07/24 12:57:06.008, 8.76 W
2026/07/24 12:57:07.008, 8.76 W
2026/07/24 12:57:08.008, 8.76 W
2026/07/24 12:57:09.008, 8.76 W
2026/07/24 12:57:10.008, 8.76 W
2026/07/24 12:57:11.008, 8.76 W
2026/07/24 12:57:12.008, 8.76 W
2026/07/24 12:57:13.008, 8.76 W
2026/07/24 12:57:14.008, 8.76 W
2026/07/24 12:57:15.009, 8.76 W
2026/07/24 12:57:16.009, 8.76 W
2026/07/24 12:57:17.009, 8.76 W
2026/07/24 12:57:18.009, 8.76 W
2026/07/24 12:57:19.009, 8.76 W
2026/07/24 12:57:20.009, 8.76 W
2026/07/24 12:57:21.009, 8.76 W
2026/07/24 12:57:22.009, 8.76 W
2026/07/24 12:57:23.009, 8.76 W
2026/07/24 12:57:24.009, 8.76 W
2026/07/24 12:57:25.010, 8.76 W
2026/07/24 12:57:26.010, 8.76 W
2026/07/24 12:57:27.010, 8.76 W
2026/07/24 12:57:28.010, 8.76 W
2026/07/24 12:57:29.010, 8.76 W
2026/07/24 12:57:30.010, 8.76 W
2026/07/24 12:57:31.010, 8.76 W
2026/07/24 12:57:32.010, 8.76 W
2026/07/24 12:57:33.010, 8.71 W
2026/07/24 12:57:34.010, 8.71 W
2026/07/24 12:57:35.010, 8.76 W
2026/07/24 12:57:36.011, 8.76 W
2026/07/24 12:57:37.011, 8.71 W
2026/07/24 12:57:38.011, 8.66 W
2026/07/24 12:57:39.011, 8.66 W
2026/07/24 12:57:40.011, 8.66 W
2026/07/24 12:57:41.011, 8.71 W
2026/07/24 12:57:42.011, 8.71 W
2026/07/24 12:57:43.011, 8.66 W
2026/07/24 12:57:44.011, 8.66 W
2026/07/24 12:57:45.011, 8.66 W
2026/07/24 12:57:46.012, 8.66 W
2026/07/24 12:57:47.012, 8.66 W
2026/07/24 12:57:48.012, 8.66 W
2026/07/24 12:57:49.012, 8.66 W
2026/07/24 12:57:50.012, 8.66 W
2026/07/24 12:57:51.012, 8.66 W
2026/07/24 12:57:52.012, 8.66 W
2026/07/24 12:57:53.012, 8.66 W
2026/07/24 12:57:54.012, 8.66 W
2026/07/24 12:57:55.012, 8.66 W
2026/07/24 12:57:56.012, 8.66 W
2026/07/24 12:57:57.013, 8.66 W
2026/07/24 12:57:58.013, 8.66 W
2026/07/24 12:57:59.013, 8.66 W
2026/07/24 12:58:00.013, 8.66 W
2026/07/24 12:58:01.013, 8.66 W
2026/07/24 12:58:02.013, 8.66 W
2026/07/24 12:58:03.013, 8.66 W
2026/07/24 12:58:04.013, 8.66 W
2026/07/24 12:58:05.013, 8.66 W
2026/07/24 12:58:06.014, 8.66 W
2026/07/24 12:58:07.014, 8.66 W
2026/07/24 12:58:08.014, 8.66 W
2026/07/24 12:58:09.014, 8.66 W
2026/07/24 12:58:10.014, 8.66 W
2026/07/24 12:58:11.014, 8.66 W
2026/07/24 12:58:12.014, 8.66 W
2026/07/24 12:58:13.014, 8.66 W
2026/07/24 12:58:14.014, 8.66 W
2026/07/24 12:58:15.014, 8.66 W
2026/07/24 12:58:16.014, 8.66 W
2026/07/24 12:58:17.015, 8.66 W
2026/07/24 12:58:18.015, 8.66 W
2026/07/24 12:58:19.015, 8.66 W
2026/07/24 12:58:20.015, 8.66 W
2026/07/24 12:58:21.015, 8.66 W
2026/07/24 12:58:22.015, 8.66 W
2026/07/24 12:58:23.015, 8.66 W
2026/07/24 12:58:24.015, 8.66 W
2026/07/24 12:58:25.015, 8.66 W
2026/07/24 12:58:26.015, 8.66 W
2026/07/24 12:58:27.015, 8.66 W
2026/07/24 12:58:28.015, 8.66 W
2026/07/24 12:58:29.016, 8.66 W
2026/07/24 12:58:30.016, 8.66 W
2026/07/24 12:58:31.016, 8.66 W
2026/07/24 12:58:32.016, 8.66 W
2026/07/24 12:58:33.016, 8.66 W
2026/07/24 12:58:34.016, 8.66 W
2026/07/24 12:58:35.016, 8.66 W
2026/07/24 12:58:36.016, 8.66 W
2026/07/24 12:58:37.016, 8.66 W
2026/07/24 12:58:38.016, 8.66 W
2026/07/24 12:58:39.016, 8.66 W
2026/07/24 12:58:40.017, 8.66 W
2026/07/24 12:58:41.017, 8.66 W
2026/07/24 12:58:42.017, 8.66 W
2026/07/24 12:58:43.017, 8.66 W
2026/07/24 12:58:44.017, 8.66 W
2026/07/24 12:58:45.017, 8.61 W
2026/07/24 12:58:46.017, 8.61 W
2026/07/24 12:58:47.017, 8.66 W
2026/07/24 12:58:48.017, 8.61 W
2026/07/24 12:58:49.017, 8.61 W
2026/07/24 12:58:50.017, 8.66 W
2026/07/24 12:58:51.018, 8.66 W
2026/07/24 12:58:52.018, 8.66 W
2026/07/24 12:58:53.018, 8.66 W
2026/07/24 12:58:54.018, 8.66 W
2026/07/24 12:58:55.018, 8.66 W
2026/07/24 12:58:56.018, 8.61 W
2026/07/24 12:58:57.018, 8.56 W
2026/07/24 12:58:58.018, 8.61 W
2026/07/24 12:58:59.018, 8.66 W
2026/07/24 12:59:00.018, 8.61 W
2026/07/24 12:59:01.019, 8.61 W
2026/07/24 12:59:02.019, 8.66 W
2026/07/24 12:59:03.019, 8.66 W
2026/07/24 12:59:04.019, 8.61 W
2026/07/24 12:59:05.019, 8.61 W
2026/07/24 12:59:06.019, 8.61 W
2026/07/24 12:59:07.019, 8.61 W
2026/07/24 12:59:08.019, 8.61 W
2026/07/24 12:59:09.019, 8.56 W
2026/07/24 12:59:10.019, 8.56 W
2026/07/24 12:59:11.020, 8.56 W
2026/07/24 12:59:12.020, 8.56 W
2026/07/24 12:59:13.020, 8.56 W
2026/07/24 12:59:14.020, 8.56 W
2026/07/24 12:59:15.020, 8.56 W
2026/07/24 12:59:16.020, 8.56 W
2026/07/24 12:59:17.020, 8.56 W
2026/07/24 12:59:18.020, 8.56 W
2026/07/24 12:59:19.020, 8.56 W
2026/07/24 12:59:20.021, 8.56 W
2026/07/24 12:59:21.021, 8.56 W
2026/07/24 12:59:22.021, 8.56 W
2026/07/24 12:59:23.021, 8.56 W
2026/07/24 12:59:24.021, 8.56 W
2026/07/24 12:59:25.021, 8.56 W
2026/07/24 12:59:26.021, 8.56 W
2026/07/24 12:59:27.021, 8.56 W
2026/07/24 12:59:28.022, 8.56 W
2026/07/24 12:59:29.022, 8.56 W
2026/07/24 12:59:30.022, 8.56 W
2026/07/24 12:59:31.022, 8.56 W
2026/07/24 12:59:32.022, 8.56 W
2026/07/24 12:59:33.022, 8.56 W
2026/07/24 12:59:34.022, 8.56 W
2026/07/24 12:59:35.022, 8.56 W
2026/07/24 12:59:36.022, 8.56 W
2026/07/24 12:59:37.023, 8.56 W
2026/07/24 12:59:38.023, 8.56 W
2026/07/24 12:59:39.023, 8.56 W
2026/07/24 12:59:40.023, 8.56 W
2026/07/24 12:59:41.023, 8.56 W
2026/07/24 12:59:42.023, 8.56 W
2026/07/24 12:59:43.023, 8.56 W
2026/07/24 12:59:44.023, 8.56 W
2026/07/24 12:59:45.023, 8.56 W
2026/07/24 12:59:46.024, 8.66 W
2026/07/24 12:59:47.024, 8.58 W
2026/07/24 12:59:48.024, 8.56 W
2026/07/24 12:59:49.024, 8.56 W
2026/07/24 12:59:50.024, 8.56 W
2026/07/24 12:59:51.024, 8.56 W
2026/07/24 12:59:52.024, 8.56 W
2026/07/24 12:59:53.025, 8.56 W
2026/07/24 12:59:54.025, 8.56 W
2026/07/24 12:59:55.025, 19.33 W
2026/07/24 12:59:56.025, 25.33 W
2026/07/24 12:59:57.025, 47.60 W
2026/07/24 12:59:58.025, 53.19 W
2026/07/24 12:59:59.025, 60.96 W
2026/07/24 13:00:00.025, 48.03 W
2026/07/24 13:00:01.025, 51.23 W
2026/07/24 13:00:02.026, 59.39 W
2026/07/24 13:00:03.026, 41.31 W
2026/07/24 13:00:04.026, 41.86 W
2026/07/24 13:00:05.026, 42.35 W
2026/07/24 13:00:06.026, 42.18 W
2026/07/24 13:00:07.026, 43.30 W
2026/07/24 13:00:08.026, 43.05 W
2026/07/24 13:00:09.026, 40.99 W
2026/07/24 13:00:10.026, 37.31 W
2026/07/24 13:00:11.026, 43.17 W
2026/07/24 13:00:12.026, 44.31 W
2026/07/24 13:00:13.027, 46.87 W
2026/07/24 13:00:14.027, 45.61 W
2026/07/24 13:00:15.027, 47.03 W
2026/07/24 13:00:16.027, 49.96 W
2026/07/24 13:00:17.028, 41.42 W
2026/07/24 13:00:18.028, 47.50 W
2026/07/24 13:00:19.028, 50.80 W
2026/07/24 13:00:20.028, 46.87 W
2026/07/24 13:00:21.029, 46.69 W
2026/07/24 13:00:22.029, 47.51 W
2026/07/24 13:00:23.029, 48.88 W
2026/07/24 13:00:24.030, 46.09 W
2026/07/24 13:00:25.030, 48.19 W
2026/07/24 13:00:26.030, 45.99 W
2026/07/24 13:00:27.030, 47.68 W
2026/07/24 13:00:28.030, 50.12 W
2026/07/24 13:00:29.030, 48.97 W
2026/07/24 13:00:30.031, 44.63 W
2026/07/24 13:00:31.031, 47.35 W
2026/07/24 13:00:32.031, 51.91 W
2026/07/24 13:00:33.032, 49.27 W
2026/07/24 13:00:34.032, 49.84 W
2026/07/24 13:00:35.032, 48.26 W
2026/07/24 13:00:36.032, 46.72 W
2026/07/24 13:00:37.032, 47.25 W
2026/07/24 13:00:38.034, 48.26 W
2026/07/24 13:00:39.034, 47.62 W
2026/07/24 13:00:40.034, 49.03 W
2026/07/24 13:00:41.035, 50.49 W
2026/07/24 13:00:42.035, 44.05 W
2026/07/24 13:00:43.035, 47.81 W
2026/07/24 13:00:44.035, 51.48 W
2026/07/24 13:00:45.035, 51.12 W
2026/07/24 13:00:46.035, 49.19 W
2026/07/24 13:00:47.035, 48.22 W
2026/07/24 13:00:48.036, 47.29 W
2026/07/24 13:00:49.036, 50.77 W
2026/07/24 13:00:50.036, 48.81 W
2026/07/24 13:00:51.037, 46.85 W
2026/07/24 13:00:52.037, 52.51 W
2026/07/24 13:00:53.037, 51.36 W
2026/07/24 13:00:54.037, 51.39 W
2026/07/24 13:00:55.037, 48.13 W
2026/07/24 13:00:56.037, 47.31 W
2026/07/24 13:00:57.037, 47.22 W
2026/07/24 13:00:58.039, 47.74 W
2026/07/24 13:00:59.039, 48.12 W
2026/07/24 13:01:00.039, 47.28 W
2026/07/24 13:01:01.040, 46.85 W
2026/07/24 13:01:02.040, 48.52 W
2026/07/24 13:01:03.040, 48.36 W
2026/07/24 13:01:04.040, 47.74 W
2026/07/24 13:01:05.041, 47.45 W
2026/07/24 13:01:06.041, 49.19 W
2026/07/24 13:01:07.041, 52.04 W
2026/07/24 13:01:08.042, 52.49 W
2026/07/24 13:01:09.042, 49.47 W
2026/07/24 13:01:10.042, 48.50 W
2026/07/24 13:01:11.042, 48.78 W
2026/07/24 13:01:12.042, 48.33 W
2026/07/24 13:01:13.042, 47.29 W
2026/07/24 13:01:14.042, 45.24 W
2026/07/24 13:01:15.043, 48.15 W
2026/07/24 13:01:16.044, 47.18 W
2026/07/24 13:01:17.044, 47.60 W
2026/07/24 13:01:18.044, 46.45 W
2026/07/24 13:01:19.044, 46.84 W
2026/07/24 13:01:20.044, 47.54 W
2026/07/24 13:01:21.045, 47.03 W
2026/07/24 13:01:22.045, 52.53 W
2026/07/24 13:01:23.045, 39.02 W
2026/07/24 13:01:24.046, 34.22 W
2026/07/24 13:01:25.046, 40.28 W
2026/07/24 13:01:26.046, 38.71 W
2026/07/24 13:01:27.046, 42.20 W
2026/07/24 13:01:28.046, 39.87 W
2026/07/24 13:01:29.046, 44.58 W
2026/07/24 13:01:30.046, 43.61 W
2026/07/24 13:01:31.047, 47.62 W
2026/07/24 13:01:32.047, 49.41 W
2026/07/24 13:01:33.047, 50.17 W
2026/07/24 13:01:34.048, 49.87 W
2026/07/24 13:01:35.048, 47.59 W
2026/07/24 13:01:36.048, 49.97 W
2026/07/24 13:01:37.048, 49.00 W
2026/07/24 13:01:38.048, 48.08 W
2026/07/24 13:01:39.048, 43.80 W
2026/07/24 13:01:40.048, 44.32 W
2026/07/24 13:01:41.048, 37.55 W
2026/07/24 13:01:42.048, 47.44 W
2026/07/24 13:01:43.049, 46.63 W
2026/07/24 13:01:44.049, 47.92 W
2026/07/24 13:01:45.049, 50.01 W
2026/07/24 13:01:46.050, 49.33 W
2026/07/24 13:01:47.050, 53.26 W
2026/07/24 13:01:48.050, 48.70 W
2026/07/24 13:01:49.051, 49.19 W
2026/07/24 13:01:50.051, 47.77 W
2026/07/24 13:01:51.051, 45.74 W
2026/07/24 13:01:52.051, 48.67 W
2026/07/24 13:01:53.051, 48.43 W
2026/07/24 13:01:54.051, 47.10 W
2026/07/24 13:01:55.051, 49.53 W
2026/07/24 13:01:56.051, 49.35 W
2026/07/24 13:01:57.051, 48.73 W
2026/07/24 13:01:58.052, 49.19 W
2026/07/24 13:01:59.052, 47.93 W
2026/07/24 13:02:00.052, 52.29 W
2026/07/24 13:02:01.052, 48.97 W
2026/07/24 13:02:02.052, 49.30 W
2026/07/24 13:02:03.052, 48.41 W
2026/07/24 13:02:04.055, 47.44 W
2026/07/24 13:02:05.055, 47.56 W
2026/07/24 13:02:06.055, 46.18 W
2026/07/24 13:02:07.055, 48.04 W
2026/07/24 13:02:08.056, 50.05 W
2026/07/24 13:02:09.057, 49.12 W
2026/07/24 13:02:10.057, 47.16 W
2026/07/24 13:02:11.057, 47.62 W
2026/07/24 13:02:12.058, 49.01 W
2026/07/24 13:02:13.058, 47.21 W
2026/07/24 13:02:14.058, 49.46 W
2026/07/24 13:02:15.060, 48.17 W
2026/07/24 13:02:16.060, 50.89 W
2026/07/24 13:02:17.060, 48.91 W
2026/07/24 13:02:18.061, 53.35 W
2026/07/24 13:02:19.061, 48.08 W
2026/07/24 13:02:20.061, 47.94 W
2026/07/24 13:02:21.062, 48.47 W
2026/07/24 13:02:22.062, 43.55 W
2026/07/24 13:02:23.064, 45.49 W
2026/07/24 13:02:24.064, 47.69 W
2026/07/24 13:02:25.064, 48.31 W
2026/07/24 13:02:26.064, 47.73 W
2026/07/24 13:02:27.065, 47.87 W
2026/07/24 13:02:28.065, 47.81 W
2026/07/24 13:02:29.065, 49.88 W
2026/07/24 13:02:30.065, 49.83 W
2026/07/24 13:02:31.066, 49.77 W
2026/07/24 13:02:32.066, 49.60 W
2026/07/24 13:02:33.066, 49.91 W
2026/07/24 13:02:34.068, 48.03 W
2026/07/24 13:02:35.068, 48.46 W
2026/07/24 13:02:36.068, 47.28 W
2026/07/24 13:02:37.068, 50.67 W
2026/07/24 13:02:38.068, 45.00 W
2026/07/24 13:02:39.068, 40.96 W
2026/07/24 13:02:40.068, 55.89 W
2026/07/24 13:02:41.068, 60.97 W
2026/07/24 13:02:42.069, 57.38 W
2026/07/24 13:02:43.069, 50.75 W
2026/07/24 13:02:44.069, 61.06 W
2026/07/24 13:02:45.069, 60.08 W
2026/07/24 13:02:46.069, 49.80 W
2026/07/24 13:02:47.069, 58.22 W
2026/07/24 13:02:48.069, 50.75 W
2026/07/24 13:02:49.070, 47.17 W
2026/07/24 13:02:50.070, 50.50 W
2026/07/24 13:02:51.071, 50.17 W
2026/07/24 13:02:52.071, 48.47 W
2026/07/24 13:02:53.071, 49.38 W
2026/07/24 13:02:54.071, 47.75 W
2026/07/24 13:02:55.072, 50.62 W
2026/07/24 13:02:56.072, 48.60 W
2026/07/24 13:02:57.072, 49.19 W
2026/07/24 13:02:58.072, 50.38 W
2026/07/24 13:02:59.072, 49.69 W
2026/07/24 13:03:00.073, 48.60 W
2026/07/24 13:03:01.073, 51.20 W
2026/07/24 13:03:02.073, 48.77 W
2026/07/24 13:03:03.073, 49.00 W
2026/07/24 13:03:04.073, 46.01 W
2026/07/24 13:03:05.073, 48.33 W
2026/07/24 13:03:06.075, 52.34 W
2026/07/24 13:03:07.075, 51.93 W
2026/07/24 13:03:08.075, 48.95 W
2026/07/24 13:03:09.076, 48.79 W
2026/07/24 13:03:10.076, 52.12 W
2026/07/24 13:03:11.076, 51.10 W
2026/07/24 13:03:12.076, 48.76 W
2026/07/24 13:03:13.076, 49.17 W
2026/07/24 13:03:14.076, 50.02 W
2026/07/24 13:03:15.077, 51.03 W
2026/07/24 13:03:16.077, 48.57 W
2026/07/24 13:03:17.077, 48.54 W
2026/07/24 13:03:18.078, 52.34 W
2026/07/24 13:03:19.078, 49.15 W
2026/07/24 13:03:20.078, 49.84 W
2026/07/24 13:03:21.078, 45.38 W
2026/07/24 13:03:22.079, 49.34 W
2026/07/24 13:03:23.079, 49.49 W
2026/07/24 13:03:24.079, 50.97 W
2026/07/24 13:03:25.081, 51.07 W
2026/07/24 13:03:26.081, 50.70 W
2026/07/24 13:03:27.081, 47.91 W
2026/07/24 13:03:28.081, 45.51 W
2026/07/24 13:03:29.082, 48.84 W
2026/07/24 13:03:30.082, 48.08 W
2026/07/24 13:03:31.082, 48.55 W
2026/07/24 13:03:32.082, 46.90 W
2026/07/24 13:03:33.082, 51.35 W
2026/07/24 13:03:34.082, 47.61 W
2026/07/24 13:03:35.082, 48.02 W
2026/07/24 13:03:36.083, 48.54 W
2026/07/24 13:03:37.084, 47.72 W
2026/07/24 13:03:38.084, 48.55 W
2026/07/24 13:03:39.084, 48.99 W
2026/07/24 13:03:40.085, 47.35 W
2026/07/24 13:03:41.085, 44.25 W
2026/07/24 13:03:42.085, 52.84 W
2026/07/24 13:03:43.085, 50.54 W
2026/07/24 13:03:44.085, 50.77 W
2026/07/24 13:03:45.085, 48.88 W
2026/07/24 13:03:46.086, 47.00 W
2026/07/24 13:03:47.086, 49.15 W
2026/07/24 13:03:48.086, 47.66 W
2026/07/24 13:03:49.087, 47.49 W
2026/07/24 13:03:50.087, 47.31 W
2026/07/24 13:03:51.087, 49.80 W
2026/07/24 13:03:52.088, 47.45 W
2026/07/24 13:03:53.090, 47.67 W
2026/07/24 13:03:54.090, 47.47 W
2026/07/24 13:03:55.090, 50.60 W
2026/07/24 13:03:56.090, 45.20 W
2026/07/24 13:03:57.091, 48.27 W
2026/07/24 13:03:58.091, 48.42 W
2026/07/24 13:03:59.091, 50.41 W
2026/07/24 13:04:00.092, 51.18 W
2026/07/24 13:04:01.092, 52.83 W
2026/07/24 13:04:02.092, 47.82 W
2026/07/24 13:04:03.092, 47.78 W
2026/07/24 13:04:04.093, 48.32 W
2026/07/24 13:04:05.094, 48.34 W
2026/07/24 13:04:06.094, 48.43 W
2026/07/24 13:04:07.094, 49.76 W
2026/07/24 13:04:08.094, 48.80 W
2026/07/24 13:04:09.095, 46.82 W
2026/07/24 13:04:10.095, 53.03 W
2026/07/24 13:04:11.095, 49.48 W
2026/07/24 13:04:12.095, 47.52 W
2026/07/24 13:04:13.095, 49.57 W
2026/07/24 13:04:14.098, 49.47 W
2026/07/24 13:04:15.098, 47.84 W
2026/07/24 13:04:16.098, 49.70 W
2026/07/24 13:04:17.099, 52.17 W
2026/07/24 13:04:18.099, 49.15 W
2026/07/24 13:04:19.099, 48.70 W
2026/07/24 13:04:20.100, 49.89 W
2026/07/24 13:04:21.100, 49.42 W
2026/07/24 13:04:22.100, 50.04 W
2026/07/24 13:04:23.100, 48.51 W
2026/07/24 13:04:24.100, 43.74 W
2026/07/24 13:04:25.100, 47.78 W
2026/07/24 13:04:26.100, 45.85 W
2026/07/24 13:04:27.100, 47.75 W
2026/07/24 13:04:28.102, 48.95 W
2026/07/24 13:04:29.102, 48.69 W
2026/07/24 13:04:30.102, 49.04 W
2026/07/24 13:04:31.102, 49.38 W
2026/07/24 13:04:32.103, 49.04 W
2026/07/24 13:04:33.103, 48.99 W
2026/07/24 13:04:34.103, 45.19 W
2026/07/24 13:04:35.103, 50.27 W
2026/07/24 13:04:36.103, 47.27 W
2026/07/24 13:04:37.103, 49.12 W
2026/07/24 13:04:38.104, 51.91 W
2026/07/24 13:04:39.104, 48.87 W
2026/07/24 13:04:40.104, 47.52 W
2026/07/24 13:04:41.107, 47.58 W
2026/07/24 13:04:42.107, 47.07 W
2026/07/24 13:04:43.107, 49.37 W
2026/07/24 13:04:44.108, 49.27 W
2026/07/24 13:04:45.108, 48.72 W
2026/07/24 13:04:46.109, 43.33 W
2026/07/24 13:04:47.109, 53.14 W
2026/07/24 13:04:48.109, 51.62 W
2026/07/24 13:04:49.109, 50.50 W
2026/07/24 13:04:50.111, 51.76 W
2026/07/24 13:04:51.111, 49.14 W
2026/07/24 13:04:52.111, 47.78 W
2026/07/24 13:04:53.114, 49.19 W
2026/07/24 13:04:54.114, 47.41 W
2026/07/24 13:04:55.114, 45.99 W
2026/07/24 13:04:56.114, 48.41 W
2026/07/24 13:04:57.115, 49.65 W
2026/07/24 13:04:58.115, 49.72 W
2026/07/24 13:04:59.115, 47.97 W
2026/07/24 13:05:00.115, 51.33 W
2026/07/24 13:05:01.115, 48.60 W
2026/07/24 13:05:02.117, 48.74 W
2026/07/24 13:05:03.117, 48.49 W
2026/07/24 13:05:04.117, 48.63 W
2026/07/24 13:05:05.119, 50.17 W
2026/07/24 13:05:06.119, 48.25 W
2026/07/24 13:05:07.119, 47.05 W
2026/07/24 13:05:08.119, 47.56 W
2026/07/24 13:05:09.120, 47.97 W
2026/07/24 13:05:10.121, 52.82 W
2026/07/24 13:05:11.121, 48.68 W
2026/07/24 13:05:12.122, 47.46 W
2026/07/24 13:05:13.122, 48.54 W
2026/07/24 13:05:14.122, 43.45 W
2026/07/24 13:05:15.122, 48.07 W
2026/07/24 13:05:16.123, 46.92 W
2026/07/24 13:05:17.123, 43.20 W
2026/07/24 13:05:18.123, 44.49 W
2026/07/24 13:05:19.124, 49.00 W
2026/07/24 13:05:20.125, 48.84 W
2026/07/24 13:05:21.125, 47.13 W
2026/07/24 13:05:22.125, 48.06 W
2026/07/24 13:05:23.125, 48.01 W
2026/07/24 13:05:24.127, 47.16 W
2026/07/24 13:05:25.127, 45.89 W
2026/07/24 13:05:26.127, 47.53 W
2026/07/24 13:05:27.129, 51.37 W
2026/07/24 13:05:28.129, 48.70 W
2026/07/24 13:05:29.129, 47.56 W
2026/07/24 13:05:30.130, 49.66 W
2026/07/24 13:05:31.132, 49.57 W
2026/07/24 13:05:32.132, 48.17 W
2026/07/24 13:05:33.132, 51.39 W
2026/07/24 13:05:34.133, 48.58 W
2026/07/24 13:05:35.133, 42.57 W
2026/07/24 13:05:36.133, 48.45 W
2026/07/24 13:05:37.133, 47.66 W
2026/07/24 13:05:38.134, 43.46 W
2026/07/24 13:05:39.134, 49.11 W
2026/07/24 13:05:40.134, 44.48 W
2026/07/24 13:05:41.135, 43.72 W
2026/07/24 13:05:42.135, 48.80 W
2026/07/24 13:05:43.135, 48.01 W
2026/07/24 13:05:44.135, 48.56 W
2026/07/24 13:05:45.135, 47.84 W
2026/07/24 13:05:46.135, 48.28 W
2026/07/24 13:05:47.135, 48.54 W
2026/07/24 13:05:48.135, 44.94 W
2026/07/24 13:05:49.135, 47.21 W
2026/07/24 13:05:50.136, 48.26 W
2026/07/24 13:05:51.136, 49.08 W
2026/07/24 13:05:52.136, 49.15 W
2026/07/24 13:05:53.136, 48.68 W
2026/07/24 13:05:54.136, 49.01 W
2026/07/24 13:05:55.136, 49.54 W
2026/07/24 13:05:56.136, 48.90 W
2026/07/24 13:05:57.137, 49.65 W
2026/07/24 13:05:58.137, 45.19 W
2026/07/24 13:05:59.137, 42.53 W
2026/07/24 13:06:00.138, 43.88 W
2026/07/24 13:06:01.138, 48.76 W
2026/07/24 13:06:02.138, 46.42 W
2026/07/24 13:06:03.138, 48.17 W
2026/07/24 13:06:04.138, 48.82 W
2026/07/24 13:06:05.138, 48.15 W
2026/07/24 13:06:06.138, 48.40 W
2026/07/24 13:06:07.138, 48.50 W
2026/07/24 13:06:08.138, 48.00 W
2026/07/24 13:06:09.139, 49.97 W
2026/07/24 13:06:10.139, 47.92 W
2026/07/24 13:06:11.139, 49.17 W
2026/07/24 13:06:12.139, 47.77 W
2026/07/24 13:06:13.139, 48.80 W
2026/07/24 13:06:14.139, 48.17 W
2026/07/24 13:06:15.139, 48.93 W
2026/07/24 13:06:16.139, 48.21 W
2026/07/24 13:06:17.140, 48.03 W
2026/07/24 13:06:18.140, 48.30 W
2026/07/24 13:06:19.140, 40.94 W
2026/07/24 13:06:20.140, 42.49 W
2026/07/24 13:06:21.140, 48.29 W
2026/07/24 13:06:22.140, 49.14 W
2026/07/24 13:06:23.140, 47.16 W
2026/07/24 13:06:24.140, 48.57 W
2026/07/24 13:06:25.140, 48.19 W
2026/07/24 13:06:26.140, 48.25 W
2026/07/24 13:06:27.141, 48.87 W
2026/07/24 13:06:28.141, 48.18 W
2026/07/24 13:06:29.141, 48.06 W
2026/07/24 13:06:30.141, 48.92 W
2026/07/24 13:06:31.141, 48.06 W
2026/07/24 13:06:32.141, 48.15 W
2026/07/24 13:06:33.141, 46.36 W
2026/07/24 13:06:34.142, 49.90 W
2026/07/24 13:06:35.142, 48.63 W
2026/07/24 13:06:36.142, 48.92 W
2026/07/24 13:06:37.142, 44.46 W
2026/07/24 13:06:38.142, 48.94 W
2026/07/24 13:06:39.142, 48.96 W
2026/07/24 13:06:40.142, 49.02 W
2026/07/24 13:06:41.142, 48.92 W
2026/07/24 13:06:42.143, 48.03 W
2026/07/24 13:06:43.143, 47.82 W
2026/07/24 13:06:44.143, 48.24 W
2026/07/24 13:06:45.143, 48.74 W
2026/07/24 13:06:46.143, 48.44 W
2026/07/24 13:06:47.143, 49.14 W
2026/07/24 13:06:48.143, 49.06 W
2026/07/24 13:06:49.144, 49.19 W
2026/07/24 13:06:50.144, 48.39 W
2026/07/24 13:06:51.144, 44.26 W
2026/07/24 13:06:52.144, 51.43 W
2026/07/24 13:06:53.144, 49.37 W
2026/07/24 13:06:54.144, 48.42 W
2026/07/24 13:06:55.144, 47.24 W
2026/07/24 13:06:56.144, 46.49 W
2026/07/24 13:06:57.145, 50.30 W
2026/07/24 13:06:58.145, 44.70 W
2026/07/24 13:06:59.145, 48.77 W
2026/07/24 13:07:00.145, 47.10 W
2026/07/24 13:07:01.145, 41.39 W
2026/07/24 13:07:02.145, 50.44 W
2026/07/24 13:07:03.145, 49.43 W
2026/07/24 13:07:04.145, 48.24 W
2026/07/24 13:07:05.146, 48.75 W
2026/07/24 13:07:06.146, 49.03 W
2026/07/24 13:07:07.146, 48.23 W
2026/07/24 13:07:08.146, 48.14 W
2026/07/24 13:07:09.146, 47.53 W
2026/07/24 13:07:10.146, 48.32 W
2026/07/24 13:07:11.146, 48.76 W
2026/07/24 13:07:12.146, 49.32 W
2026/07/24 13:07:13.147, 42.15 W
2026/07/24 13:07:14.147, 48.01 W
2026/07/24 13:07:15.147, 48.96 W
2026/07/24 13:07:16.147, 48.51 W
2026/07/24 13:07:17.147, 43.69 W
2026/07/24 13:07:18.147, 48.93 W
2026/07/24 13:07:19.147, 47.31 W
2026/07/24 13:07:20.148, 47.19 W
2026/07/24 13:07:21.148, 45.01 W
2026/07/24 13:07:22.148, 41.58 W
2026/07/24 13:07:23.148, 48.66 W
2026/07/24 13:07:24.148, 49.22 W
2026/07/24 13:07:25.148, 47.87 W
2026/07/24 13:07:26.148, 49.67 W
2026/07/24 13:07:27.148, 41.49 W
2026/07/24 13:07:28.149, 45.15 W
2026/07/24 13:07:29.149, 44.05 W
2026/07/24 13:07:30.149, 50.09 W
2026/07/24 13:07:31.149, 47.73 W
2026/07/24 13:07:32.149, 47.98 W
2026/07/24 13:07:33.149, 49.09 W
2026/07/24 13:07:34.149, 45.86 W
2026/07/24 13:07:35.150, 50.22 W
2026/07/24 13:07:36.150, 44.06 W
2026/07/24 13:07:37.150, 45.30 W
2026/07/24 13:07:38.150, 42.45 W
2026/07/24 13:07:39.150, 52.12 W
2026/07/24 13:07:40.150, 42.64 W
2026/07/24 13:07:41.150, 51.27 W
2026/07/24 13:07:42.150, 46.01 W
2026/07/24 13:07:43.150, 45.69 W
2026/07/24 13:07:44.151, 46.71 W
2026/07/24 13:07:45.151, 50.80 W
2026/07/24 13:07:46.151, 46.56 W
2026/07/24 13:07:47.151, 48.82 W
2026/07/24 13:07:48.151, 49.93 W
2026/07/24 13:07:49.151, 48.17 W
2026/07/24 13:07:50.151, 46.91 W
2026/07/24 13:07:51.151, 48.67 W
2026/07/24 13:07:52.152, 49.61 W
2026/07/24 13:07:53.152, 49.22 W
2026/07/24 13:07:54.152, 45.30 W
2026/07/24 13:07:55.152, 37.70 W
2026/07/24 13:07:56.152, 51.02 W
2026/07/24 13:07:57.152, 61.51 W
2026/07/24 13:07:58.152, 58.74 W
2026/07/24 13:07:59.152, 44.97 W
2026/07/24 13:08:00.152, 56.13 W
2026/07/24 13:08:01.153, 53.01 W
2026/07/24 13:08:02.153, 51.42 W
2026/07/24 13:08:03.153, 48.60 W
2026/07/24 13:08:04.153, 47.29 W
2026/07/24 13:08:05.153, 48.25 W
2026/07/24 13:08:06.153, 52.22 W
2026/07/24 13:08:07.154, 49.85 W
2026/07/24 13:08:08.154, 48.27 W
2026/07/24 13:08:09.154, 48.48 W
2026/07/24 13:08:10.154, 48.60 W
2026/07/24 13:08:11.154, 53.12 W
2026/07/24 13:08:12.154, 47.78 W
2026/07/24 13:08:13.154, 48.71 W
2026/07/24 13:08:14.154, 50.75 W
2026/07/24 13:08:15.155, 48.40 W
2026/07/24 13:08:16.155, 47.67 W
2026/07/24 13:08:17.155, 48.76 W
2026/07/24 13:08:18.155, 51.86 W
2026/07/24 13:08:19.155, 47.11 W
2026/07/24 13:08:20.155, 46.79 W
2026/07/24 13:08:21.155, 52.18 W
2026/07/24 13:08:22.156, 47.56 W
2026/07/24 13:08:23.156, 46.44 W
2026/07/24 13:08:24.156, 52.44 W
2026/07/24 13:08:25.156, 48.54 W
2026/07/24 13:08:26.156, 47.96 W
2026/07/24 13:08:27.156, 48.76 W
2026/07/24 13:08:28.156, 52.16 W
2026/07/24 13:08:29.156, 49.73 W
2026/07/24 13:08:30.156, 48.68 W
2026/07/24 13:08:31.156, 48.18 W
2026/07/24 13:08:32.156, 50.92 W
2026/07/24 13:08:33.157, 50.47 W
2026/07/24 13:08:34.157, 48.97 W
2026/07/24 13:08:35.157, 48.40 W
2026/07/24 13:08:36.157, 48.30 W
2026/07/24 13:08:37.157, 52.60 W
2026/07/24 13:08:38.157, 48.96 W
2026/07/24 13:08:39.157, 48.89 W
2026/07/24 13:08:40.157, 49.33 W
2026/07/24 13:08:41.157, 51.61 W
2026/07/24 13:08:42.157, 47.95 W
2026/07/24 13:08:43.157, 48.60 W
2026/07/24 13:08:44.158, 49.20 W
2026/07/24 13:08:45.158, 50.16 W
2026/07/24 13:08:46.158, 48.26 W
2026/07/24 13:08:47.158, 46.69 W
2026/07/24 13:08:48.158, 51.70 W
2026/07/24 13:08:49.158, 47.60 W
2026/07/24 13:08:50.158, 49.28 W
2026/07/24 13:08:51.158, 47.09 W
2026/07/24 13:08:52.158, 52.33 W
2026/07/24 13:08:53.158, 48.91 W
2026/07/24 13:08:54.159, 49.05 W
2026/07/24 13:08:55.159, 48.90 W
2026/07/24 13:08:56.159, 48.07 W
2026/07/24 13:08:57.159, 50.27 W
2026/07/24 13:08:58.159, 50.29 W
2026/07/24 13:08:59.159, 50.03 W
2026/07/24 13:09:00.159, 47.47 W
2026/07/24 13:09:01.159, 52.63 W
2026/07/24 13:09:02.159, 47.71 W
2026/07/24 13:09:03.159, 49.46 W
2026/07/24 13:09:04.160, 52.58 W
2026/07/24 13:09:05.160, 47.71 W
2026/07/24 13:09:06.160, 47.22 W
2026/07/24 13:09:07.160, 47.57 W
2026/07/24 13:09:08.160, 50.13 W
2026/07/24 13:09:09.160, 48.01 W
2026/07/24 13:09:10.160, 47.15 W
2026/07/24 13:09:11.161, 52.58 W
2026/07/24 13:09:12.161, 47.89 W
2026/07/24 13:09:13.161, 49.28 W
2026/07/24 13:09:14.161, 51.97 W
2026/07/24 13:09:15.161, 47.71 W
2026/07/24 13:09:16.161, 47.30 W
2026/07/24 13:09:17.161, 47.68 W
2026/07/24 13:09:18.161, 50.24 W
2026/07/24 13:09:19.161, 48.07 W
2026/07/24 13:09:20.162, 47.70 W
2026/07/24 13:09:21.162, 53.37 W
2026/07/24 13:09:22.162, 48.82 W
2026/07/24 13:09:23.162, 48.25 W
2026/07/24 13:09:24.162, 51.48 W
2026/07/24 13:09:25.162, 47.24 W
2026/07/24 13:09:26.162, 48.23 W
2026/07/24 13:09:27.162, 50.77 W
2026/07/24 13:09:28.162, 49.56 W
2026/07/24 13:09:29.162, 49.30 W
2026/07/24 13:09:30.163, 48.24 W
2026/07/24 13:09:31.163, 47.31 W
2026/07/24 13:09:32.163, 46.43 W
2026/07/24 13:09:33.163, 52.55 W
2026/07/24 13:09:34.163, 48.89 W
2026/07/24 13:09:35.163, 47.12 W
2026/07/24 13:09:36.163, 53.19 W
2026/07/24 13:09:37.163, 47.47 W
2026/07/24 13:09:38.163, 47.79 W
2026/07/24 13:09:39.163, 48.41 W
2026/07/24 13:09:40.164, 48.83 W
2026/07/24 13:09:41.164, 48.75 W
2026/07/24 13:09:42.164, 43.69 W
2026/07/24 13:09:43.164, 46.60 W
2026/07/24 13:09:44.164, 46.96 W
2026/07/24 13:09:45.164, 42.12 W
2026/07/24 13:09:46.164, 48.73 W
2026/07/24 13:09:47.164, 51.99 W
2026/07/24 13:09:48.164, 48.19 W
2026/07/24 13:09:49.164, 46.71 W
2026/07/24 13:09:50.165, 53.11 W
2026/07/24 13:09:51.165, 48.15 W
2026/07/24 13:09:52.165, 48.12 W
2026/07/24 13:09:53.165, 51.03 W
2026/07/24 13:09:54.165, 49.77 W
2026/07/24 13:09:55.165, 43.77 W
2026/07/24 13:09:56.165, 46.99 W
2026/07/24 13:09:57.165, 53.35 W
2026/07/24 13:09:58.165, 47.97 W
2026/07/24 13:09:59.165, 48.04 W
2026/07/24 13:10:00.168, 48.89 W
2026/07/24 13:10:01.168, 45.91 W
2026/07/24 13:10:02.168, 50.21 W
2026/07/24 13:10:03.168, 45.54 W
2026/07/24 13:10:04.169, 46.19 W
2026/07/24 13:10:05.169, 42.89 W
2026/07/24 13:10:06.169, 47.65 W
2026/07/24 13:10:07.169, 49.00 W
2026/07/24 13:10:08.169, 43.62 W
2026/07/24 13:10:09.169, 51.46 W
2026/07/24 13:10:10.170, 49.51 W
2026/07/24 13:10:11.170, 44.39 W
2026/07/24 13:10:12.170, 49.77 W
2026/07/24 13:10:13.170, 47.77 W
2026/07/24 13:10:14.170, 46.63 W
2026/07/24 13:10:15.170, 48.13 W
2026/07/24 13:10:16.170, 47.79 W
2026/07/24 13:10:17.170, 52.37 W
2026/07/24 13:10:18.170, 48.57 W
2026/07/24 13:10:19.170, 47.50 W
2026/07/24 13:10:20.170, 48.48 W
2026/07/24 13:10:21.170, 47.97 W
2026/07/24 13:10:22.171, 52.62 W
2026/07/24 13:10:23.171, 47.65 W
2026/07/24 13:10:24.171, 47.13 W
2026/07/24 13:10:25.171, 46.94 W
2026/07/24 13:10:26.171, 48.38 W
2026/07/24 13:10:27.171, 50.05 W
2026/07/24 13:10:28.171, 47.54 W
2026/07/24 13:10:29.171, 48.51 W
2026/07/24 13:10:30.171, 47.46 W
2026/07/24 13:10:31.171, 52.12 W
2026/07/24 13:10:32.171, 49.04 W
2026/07/24 13:10:33.171, 47.96 W
2026/07/24 13:10:34.172, 47.57 W
2026/07/24 13:10:35.172, 44.47 W
2026/07/24 13:10:36.172, 49.68 W
2026/07/24 13:10:37.172, 48.30 W
2026/07/24 13:10:38.172, 47.37 W
2026/07/24 13:10:39.172, 47.95 W
2026/07/24 13:10:40.172, 48.46 W
2026/07/24 13:10:41.172, 47.84 W
2026/07/24 13:10:42.172, 47.74 W
2026/07/24 13:10:43.172, 48.25 W
2026/07/24 13:10:44.172, 48.69 W
2026/07/24 13:10:45.172, 48.06 W
2026/07/24 13:10:46.173, 47.30 W
2026/07/24 13:10:47.173, 48.92 W
2026/07/24 13:10:48.173, 48.20 W
2026/07/24 13:10:49.173, 51.46 W
2026/07/24 13:10:50.173, 49.01 W
2026/07/24 13:10:51.173, 48.08 W
2026/07/24 13:10:52.173, 49.76 W
2026/07/24 13:10:53.173, 50.68 W
2026/07/24 13:10:54.173, 48.84 W
2026/07/24 13:10:55.174, 49.58 W
2026/07/24 13:10:56.174, 47.49 W
2026/07/24 13:10:57.174, 47.38 W
2026/07/24 13:10:58.174, 47.29 W
2026/07/24 13:10:59.174, 48.22 W
2026/07/24 13:11:00.174, 48.92 W
2026/07/24 13:11:01.174, 46.12 W
2026/07/24 13:11:02.174, 48.58 W
2026/07/24 13:11:03.174, 48.03 W
2026/07/24 13:11:04.175, 51.60 W
2026/07/24 13:11:05.175, 49.43 W
2026/07/24 13:11:06.175, 48.83 W
2026/07/24 13:11:07.175, 48.03 W
2026/07/24 13:11:08.175, 49.00 W
2026/07/24 13:11:09.175, 48.21 W
2026/07/24 13:11:10.175, 48.45 W
2026/07/24 13:11:11.175, 40.38 W
2026/07/24 13:11:12.175, 54.57 W
2026/07/24 13:11:13.175, 60.57 W
2026/07/24 13:11:14.176, 52.08 W
2026/07/24 13:11:15.176, 43.97 W
2026/07/24 13:11:16.176, 47.91 W
2026/07/24 13:11:17.176, 48.00 W
2026/07/24 13:11:18.176, 48.93 W
2026/07/24 13:11:19.176, 50.66 W
2026/07/24 13:11:20.176, 52.07 W
2026/07/24 13:11:21.176, 47.63 W
2026/07/24 13:11:22.176, 48.24 W
2026/07/24 13:11:23.176, 47.06 W
2026/07/24 13:11:24.177, 48.87 W
2026/07/24 13:11:25.177, 51.73 W
2026/07/24 13:11:26.177, 52.46 W
2026/07/24 13:11:27.177, 51.43 W
2026/07/24 13:11:28.177, 49.43 W
2026/07/24 13:11:29.177, 48.59 W
2026/07/24 13:11:30.177, 48.32 W
2026/07/24 13:11:31.177, 47.53 W
2026/07/24 13:11:32.177, 50.82 W
2026/07/24 13:11:33.177, 48.35 W
2026/07/24 13:11:34.178, 47.82 W
2026/07/24 13:11:35.178, 47.96 W
2026/07/24 13:11:36.178, 48.64 W
2026/07/24 13:11:37.178, 51.04 W
2026/07/24 13:11:38.178, 51.55 W
2026/07/24 13:11:39.178, 50.34 W
2026/07/24 13:11:40.178, 50.26 W
2026/07/24 13:11:41.178, 48.89 W
2026/07/24 13:11:42.178, 51.77 W
2026/07/24 13:11:43.179, 50.29 W
2026/07/24 13:11:44.179, 48.06 W
2026/07/24 13:11:45.179, 51.59 W
2026/07/24 13:11:46.179, 51.38 W
2026/07/24 13:11:47.179, 47.05 W
2026/07/24 13:11:48.179, 47.03 W
2026/07/24 13:11:49.179, 47.38 W
2026/07/24 13:11:50.180, 48.30 W
2026/07/24 13:11:51.180, 47.63 W
2026/07/24 13:11:52.180, 48.80 W
2026/07/24 13:11:53.180, 47.93 W
2026/07/24 13:11:54.180, 50.47 W
2026/07/24 13:11:55.180, 51.70 W
2026/07/24 13:11:56.180, 50.40 W
2026/07/24 13:11:57.180, 48.15 W
2026/07/24 13:11:58.180, 47.92 W
2026/07/24 13:11:59.180, 48.67 W
2026/07/24 13:12:00.181, 48.56 W
2026/07/24 13:12:01.181, 49.28 W
2026/07/24 13:12:02.181, 47.39 W
2026/07/24 13:12:03.181, 52.43 W
2026/07/24 13:12:04.181, 47.00 W
2026/07/24 13:12:05.181, 48.03 W
2026/07/24 13:12:06.181, 48.85 W
2026/07/24 13:12:07.181, 51.99 W
2026/07/24 13:12:08.181, 46.46 W
2026/07/24 13:12:09.181, 48.57 W
2026/07/24 13:12:10.181, 52.04 W
2026/07/24 13:12:11.182, 49.99 W
2026/07/24 13:12:12.182, 48.36 W
2026/07/24 13:12:13.182, 48.54 W
2026/07/24 13:12:14.182, 49.19 W
2026/07/24 13:12:15.182, 52.44 W
2026/07/24 13:12:16.182, 47.44 W
2026/07/24 13:12:17.182, 48.43 W
2026/07/24 13:12:18.182, 47.27 W
2026/07/24 13:12:19.182, 52.30 W
2026/07/24 13:12:20.182, 50.77 W
2026/07/24 13:12:21.183, 49.06 W
2026/07/24 13:12:22.183, 47.69 W
2026/07/24 13:12:23.183, 48.60 W
2026/07/24 13:12:24.183, 47.47 W
2026/07/24 13:12:25.183, 48.28 W
2026/07/24 13:12:26.183, 51.47 W
2026/07/24 13:12:27.183, 51.47 W
2026/07/24 13:12:28.183, 48.30 W
2026/07/24 13:12:29.183, 26.62 W
2026/07/24 13:12:30.184, 46.76 W
2026/07/24 13:12:31.184, 52.27 W
2026/07/24 13:12:32.184, 46.87 W
2026/07/24 13:12:33.184, 48.49 W
2026/07/24 13:12:34.184, 47.31 W
2026/07/24 13:12:35.184, 51.50 W
2026/07/24 13:12:36.185, 50.20 W
2026/07/24 13:12:37.185, 48.29 W
2026/07/24 13:12:38.185, 52.13 W
2026/07/24 13:12:39.185, 50.67 W
2026/07/24 13:12:40.185, 48.33 W
2026/07/24 13:12:41.185, 47.00 W
2026/07/24 13:12:42.185, 49.96 W
2026/07/24 13:12:43.185, 49.93 W
2026/07/24 13:12:44.186, 47.94 W
2026/07/24 13:12:45.186, 50.28 W
2026/07/24 13:12:46.186, 48.14 W
2026/07/24 13:12:47.186, 46.37 W
2026/07/24 13:12:48.186, 51.87 W
2026/07/24 13:12:49.186, 48.91 W
2026/07/24 13:12:50.186, 49.93 W
2026/07/24 13:12:51.187, 48.02 W
2026/07/24 13:12:52.187, 52.92 W
2026/07/24 13:12:53.187, 47.64 W
2026/07/24 13:12:54.187, 47.87 W
2026/07/24 13:12:55.187, 44.64 W
2026/07/24 13:12:56.187, 46.63 W
2026/07/24 13:12:57.187, 53.21 W
2026/07/24 13:12:58.187, 48.41 W
2026/07/24 13:12:59.188, 48.47 W
2026/07/24 13:13:00.188, 50.72 W
2026/07/24 13:13:01.188, 49.85 W
2026/07/24 13:13:02.188, 49.70 W
2026/07/24 13:13:03.188, 48.54 W
2026/07/24 13:13:04.188, 51.96 W
2026/07/24 13:13:05.188, 48.70 W
2026/07/24 13:13:06.188, 47.77 W
2026/07/24 13:13:07.189, 53.55 W
2026/07/24 13:13:08.189, 49.12 W
2026/07/24 13:13:09.189, 47.25 W
2026/07/24 13:13:10.189, 51.63 W
2026/07/24 13:13:11.189, 48.65 W
2026/07/24 13:13:12.189, 49.32 W
2026/07/24 13:13:13.192, 38.59 W
2026/07/24 13:13:14.192, 33.79 W
2026/07/24 13:13:15.192, 48.15 W
2026/07/24 13:13:16.193, 47.84 W
2026/07/24 13:13:17.193, 45.51 W
2026/07/24 13:13:18.193, 48.15 W
2026/07/24 13:13:19.193, 48.28 W
2026/07/24 13:13:20.193, 51.43 W
2026/07/24 13:13:21.193, 46.95 W
2026/07/24 13:13:22.193, 45.19 W
2026/07/24 13:13:23.193, 49.21 W
2026/07/24 13:13:24.194, 46.98 W
2026/07/24 13:13:25.194, 47.69 W
2026/07/24 13:13:26.194, 47.04 W
2026/07/24 13:13:27.194, 46.98 W
2026/07/24 13:13:28.194, 53.07 W
2026/07/24 13:13:29.194, 49.05 W
2026/07/24 13:13:30.195, 47.68 W
2026/07/24 13:13:31.195, 47.65 W
2026/07/24 13:13:32.195, 48.31 W
2026/07/24 13:13:33.195, 48.56 W
2026/07/24 13:13:34.195, 47.87 W
2026/07/24 13:13:35.195, 49.82 W
2026/07/24 13:13:36.195, 49.76 W
2026/07/24 13:13:37.195, 47.60 W
2026/07/24 13:13:38.196, 49.95 W
2026/07/24 13:13:39.196, 50.26 W
2026/07/24 13:13:40.196, 47.74 W
2026/07/24 13:13:41.196, 47.95 W
2026/07/24 13:13:42.196, 48.38 W
2026/07/24 13:13:43.196, 49.06 W
2026/07/24 13:13:44.196, 48.41 W
2026/07/24 13:13:45.196, 48.10 W
2026/07/24 13:13:46.196, 49.47 W
2026/07/24 13:13:47.196, 47.76 W
2026/07/24 13:13:48.197, 48.21 W
2026/07/24 13:13:49.197, 51.01 W
2026/07/24 13:13:50.197, 47.30 W
2026/07/24 13:13:51.197, 48.84 W
2026/07/24 13:13:52.197, 51.59 W
2026/07/24 13:13:53.197, 48.01 W
2026/07/24 13:13:54.197, 48.48 W
2026/07/24 13:13:55.197, 48.88 W
2026/07/24 13:13:56.197, 50.31 W
2026/07/24 13:13:57.197, 46.92 W
2026/07/24 13:13:58.198, 47.19 W
2026/07/24 13:13:59.198, 52.36 W
2026/07/24 13:14:00.198, 48.20 W
2026/07/24 13:14:01.198, 48.39 W
2026/07/24 13:14:02.198, 48.60 W
2026/07/24 13:14:03.198, 47.21 W
2026/07/24 13:14:04.198, 48.37 W
2026/07/24 13:14:05.198, 48.56 W
2026/07/24 13:14:06.198, 52.24 W
2026/07/24 13:14:07.198, 48.97 W
2026/07/24 13:14:08.199, 47.13 W
2026/07/24 13:14:09.199, 47.47 W
2026/07/24 13:14:10.199, 47.05 W
2026/07/24 13:14:11.199, 51.22 W
2026/07/24 13:14:12.199, 48.88 W
2026/07/24 13:14:13.199, 50.26 W
2026/07/24 13:14:14.199, 48.42 W
2026/07/24 13:14:15.199, 44.93 W
2026/07/24 13:14:16.199, 48.69 W
2026/07/24 13:14:17.199, 48.53 W
2026/07/24 13:14:18.200, 45.81 W
2026/07/24 13:14:19.200, 47.93 W
2026/07/24 13:14:20.200, 51.89 W
2026/07/24 13:14:21.200, 48.19 W
2026/07/24 13:14:22.200, 47.52 W
2026/07/24 13:14:23.200, 47.58 W
2026/07/24 13:14:24.200, 47.88 W
2026/07/24 13:14:25.200, 51.14 W
2026/07/24 13:14:26.200, 47.43 W
2026/07/24 13:14:27.201, 46.79 W
2026/07/24 13:14:28.201, 48.57 W
2026/07/24 13:14:29.201, 48.30 W
2026/07/24 13:14:30.201, 47.82 W
2026/07/24 13:14:31.201, 48.64 W
2026/07/24 13:14:32.201, 47.87 W
2026/07/24 13:14:33.201, 48.94 W
2026/07/24 13:14:34.201, 43.73 W
2026/07/24 13:14:35.202, 47.79 W
2026/07/24 13:14:36.202, 47.75 W
2026/07/24 13:14:37.202, 46.93 W
2026/07/24 13:14:38.202, 45.65 W
2026/07/24 13:14:39.202, 50.62 W
2026/07/24 13:14:40.202, 44.46 W
2026/07/24 13:14:41.202, 48.15 W
2026/07/24 13:14:42.203, 43.56 W
2026/07/24 13:14:43.203, 48.57 W
2026/07/24 13:14:44.203, 47.14 W
2026/07/24 13:14:45.203, 44.99 W
2026/07/24 13:14:46.203, 48.43 W
2026/07/24 13:14:47.203, 48.67 W
2026/07/24 13:14:48.203, 47.41 W
2026/07/24 13:14:49.203, 48.04 W
2026/07/24 13:14:50.203, 48.98 W
2026/07/24 13:14:51.204, 48.16 W
2026/07/24 13:14:52.204, 47.59 W
2026/07/24 13:14:53.204, 48.37 W
2026/07/24 13:14:54.204, 48.33 W
2026/07/24 13:14:55.204, 47.30 W
2026/07/24 13:14:56.204, 47.20 W
2026/07/24 13:14:57.204, 50.57 W
2026/07/24 13:14:58.204, 48.24 W
2026/07/24 13:14:59.204, 48.72 W
2026/07/24 13:15:00.204, 47.88 W
2026/07/24 13:15:01.205, 47.76 W
2026/07/24 13:15:02.205, 48.55 W
2026/07/24 13:15:03.205, 48.68 W
2026/07/24 13:15:04.205, 47.83 W
2026/07/24 13:15:05.205, 47.35 W
2026/07/24 13:15:06.205, 47.97 W
2026/07/24 13:15:07.205, 48.46 W
2026/07/24 13:15:08.205, 48.34 W
2026/07/24 13:15:09.205, 47.02 W
2026/07/24 13:15:10.205, 50.27 W
2026/07/24 13:15:11.206, 48.55 W
2026/07/24 13:15:12.206, 49.86 W
2026/07/24 13:15:13.206, 47.78 W
2026/07/24 13:15:14.206, 48.51 W
2026/07/24 13:15:15.206, 46.41 W
2026/07/24 13:15:16.206, 49.36 W
2026/07/24 13:15:17.206, 50.14 W
2026/07/24 13:15:18.206, 50.05 W
2026/07/24 13:15:19.207, 49.73 W
2026/07/24 13:15:20.207, 49.95 W
2026/07/24 13:15:21.207, 50.37 W
2026/07/24 13:15:22.207, 49.03 W
2026/07/24 13:15:23.207, 50.99 W
2026/07/24 13:15:24.207, 48.70 W
2026/07/24 13:15:25.207, 50.58 W
2026/07/24 13:15:26.207, 48.49 W
2026/07/24 13:15:27.207, 51.27 W
2026/07/24 13:15:28.208, 47.89 W
2026/07/24 13:15:29.208, 50.02 W
2026/07/24 13:15:30.208, 48.29 W
2026/07/24 13:15:31.208, 44.55 W
2026/07/24 13:15:32.208, 49.18 W
2026/07/24 13:15:33.208, 49.67 W
2026/07/24 13:15:34.208, 47.84 W
2026/07/24 13:15:35.208, 49.12 W
2026/07/24 13:15:36.209, 47.94 W
2026/07/24 13:15:37.209, 49.44 W
2026/07/24 13:15:38.209, 48.04 W
2026/07/24 13:15:39.209, 44.42 W
2026/07/24 13:15:40.209, 47.94 W
2026/07/24 13:15:41.209, 48.73 W
2026/07/24 13:15:42.209, 49.21 W
2026/07/24 13:15:43.209, 48.06 W
2026/07/24 13:15:44.210, 48.44 W
2026/07/24 13:15:45.210, 47.65 W
2026/07/24 13:15:46.210, 48.11 W
2026/07/24 13:15:47.210, 48.50 W
2026/07/24 13:15:48.210, 49.61 W
2026/07/24 13:15:49.210, 48.21 W
2026/07/24 13:15:50.210, 48.22 W
2026/07/24 13:15:51.210, 49.57 W
2026/07/24 13:15:52.210, 48.33 W
2026/07/24 13:15:53.211, 48.79 W
2026/07/24 13:15:54.211, 48.83 W
2026/07/24 13:15:55.211, 47.27 W
2026/07/24 13:15:56.211, 48.71 W
2026/07/24 13:15:57.211, 48.46 W
2026/07/24 13:15:58.211, 48.00 W
2026/07/24 13:15:59.211, 48.15 W
2026/07/24 13:16:00.212, 48.43 W
2026/07/24 13:16:01.212, 48.64 W
2026/07/24 13:16:02.212, 48.48 W
2026/07/24 13:16:03.212, 48.51 W
2026/07/24 13:16:04.212, 48.76 W
2026/07/24 13:16:05.212, 47.39 W
2026/07/24 13:16:06.212, 46.17 W
2026/07/24 13:16:07.213, 45.62 W
2026/07/24 13:16:08.213, 50.29 W
2026/07/24 13:16:09.213, 48.36 W
2026/07/24 13:16:10.213, 48.78 W
2026/07/24 13:16:11.213, 49.04 W
2026/07/24 13:16:12.213, 48.98 W
2026/07/24 13:16:13.213, 48.73 W
2026/07/24 13:16:14.214, 48.35 W
2026/07/24 13:16:15.214, 48.77 W
2026/07/24 13:16:16.214, 48.31 W
2026/07/24 13:16:17.214, 49.00 W
2026/07/24 13:16:18.214, 47.89 W
2026/07/24 13:16:19.214, 48.33 W
2026/07/24 13:16:20.214, 48.34 W
2026/07/24 13:16:21.214, 48.25 W
2026/07/24 13:16:22.215, 48.74 W
2026/07/24 13:16:23.215, 49.16 W
2026/07/24 13:16:24.215, 48.56 W
2026/07/24 13:16:25.215, 47.49 W
2026/07/24 13:16:26.215, 47.92 W
2026/07/24 13:16:27.215, 48.69 W
2026/07/24 13:16:28.216, 48.99 W
2026/07/24 13:16:29.216, 48.27 W
2026/07/24 13:16:30.216, 48.41 W
2026/07/24 13:16:31.216, 45.66 W
2026/07/24 13:16:32.216, 49.61 W
2026/07/24 13:16:33.216, 48.56 W
2026/07/24 13:16:34.217, 48.96 W
2026/07/24 13:16:35.217, 48.24 W
2026/07/24 13:16:36.217, 46.17 W
2026/07/24 13:16:37.217, 49.38 W
2026/07/24 13:16:38.217, 48.15 W
2026/07/24 13:16:39.217, 47.62 W
2026/07/24 13:16:40.218, 49.54 W
2026/07/24 13:16:41.218, 48.70 W
2026/07/24 13:16:42.218, 48.22 W
2026/07/24 13:16:43.218, 47.39 W
2026/07/24 13:16:44.218, 49.51 W
2026/07/24 13:16:45.218, 49.20 W
2026/07/24 13:16:46.218, 48.31 W
2026/07/24 13:16:47.218, 47.64 W
2026/07/24 13:16:48.219, 49.17 W
2026/07/24 13:16:49.219, 48.72 W
2026/07/24 13:16:50.219, 48.03 W
2026/07/24 13:16:51.219, 46.26 W
2026/07/24 13:16:52.219, 48.69 W
2026/07/24 13:16:53.219, 48.96 W
2026/07/24 13:16:54.219, 48.21 W
2026/07/24 13:16:55.220, 46.71 W
2026/07/24 13:16:56.220, 40.43 W
2026/07/24 13:16:57.220, 52.84 W
2026/07/24 13:16:58.220, 60.70 W
2026/07/24 13:16:59.220, 58.49 W
2026/07/24 13:17:00.220, 49.22 W
2026/07/24 13:17:01.220, 61.66 W
2026/07/24 13:17:02.221, 48.98 W
2026/07/24 13:17:03.221, 47.64 W
2026/07/24 13:17:04.221, 51.72 W
2026/07/24 13:17:05.221, 46.46 W
2026/07/24 13:17:06.221, 48.59 W
2026/07/24 13:17:07.221, 52.01 W
2026/07/24 13:17:08.221, 48.37 W
2026/07/24 13:17:09.221, 49.20 W
2026/07/24 13:17:10.221, 47.00 W
2026/07/24 13:17:11.222, 51.75 W
2026/07/24 13:17:12.222, 48.90 W
2026/07/24 13:17:13.222, 48.68 W
2026/07/24 13:17:14.222, 46.93 W
2026/07/24 13:17:15.222, 46.78 W
2026/07/24 13:17:16.222, 52.72 W
2026/07/24 13:17:17.222, 47.62 W
2026/07/24 13:17:18.222, 46.85 W
2026/07/24 13:17:19.222, 52.35 W
2026/07/24 13:17:20.223, 47.19 W
2026/07/24 13:17:21.223, 47.35 W
2026/07/24 13:17:22.223, 46.61 W
2026/07/24 13:17:23.223, 47.40 W
2026/07/24 13:17:24.223, 48.53 W
2026/07/24 13:17:25.223, 53.34 W
2026/07/24 13:17:26.223, 49.10 W
2026/07/24 13:17:27.224, 48.65 W
2026/07/24 13:17:28.224, 52.50 W
2026/07/24 13:17:29.224, 48.62 W
2026/07/24 13:17:30.224, 46.76 W
2026/07/24 13:17:31.224, 49.22 W
2026/07/24 13:17:32.224, 49.88 W
2026/07/24 13:17:33.224, 49.87 W
2026/07/24 13:17:34.224, 48.58 W
2026/07/24 13:17:35.224, 46.94 W
2026/07/24 13:17:36.225, 47.20 W
2026/07/24 13:17:37.225, 48.16 W
2026/07/24 13:17:38.225, 51.60 W
2026/07/24 13:17:39.225, 47.18 W
2026/07/24 13:17:40.225, 49.40 W
2026/07/24 13:17:41.225, 52.55 W
2026/07/24 13:17:42.225, 47.14 W
2026/07/24 13:17:43.225, 47.42 W
2026/07/24 13:17:44.225, 47.98 W
2026/07/24 13:17:45.226, 50.11 W
2026/07/24 13:17:46.226, 48.43 W
2026/07/24 13:17:47.226, 46.95 W
2026/07/24 13:17:48.226, 52.35 W
2026/07/24 13:17:49.226, 47.71 W
2026/07/24 13:17:50.226, 48.76 W
2026/07/24 13:17:51.226, 51.46 W
2026/07/24 13:17:52.226, 49.87 W
2026/07/24 13:17:53.226, 50.01 W
2026/07/24 13:17:54.226, 47.75 W
2026/07/24 13:17:55.227, 50.16 W
2026/07/24 13:17:56.227, 48.17 W
2026/07/24 13:17:57.227, 46.81 W
2026/07/24 13:17:58.227, 53.59 W
2026/07/24 13:17:59.227, 48.88 W
2026/07/24 13:18:00.227, 46.67 W
2026/07/24 13:18:01.227, 53.00 W
2026/07/24 13:18:02.228, 49.20 W
2026/07/24 13:18:03.228, 46.48 W
2026/07/24 13:18:04.228, 53.14 W
2026/07/24 13:18:05.228, 48.09 W
2026/07/24 13:18:06.228, 48.15 W
2026/07/24 13:18:07.228, 49.71 W
2026/07/24 13:18:08.228, 49.81 W
2026/07/24 13:18:09.228, 50.81 W
2026/07/24 13:18:10.229, 47.86 W
2026/07/24 13:18:11.229, 48.33 W
2026/07/24 13:18:12.229, 51.16 W
2026/07/24 13:18:13.229, 47.33 W
2026/07/24 13:18:14.229, 47.67 W
2026/07/24 13:18:15.229, 52.14 W
2026/07/24 13:18:16.230, 48.32 W
2026/07/24 13:18:17.230, 48.04 W
2026/07/24 13:18:18.230, 50.77 W
2026/07/24 13:18:19.230, 49.51 W
2026/07/24 13:18:20.230, 48.37 W
2026/07/24 13:18:21.230, 48.23 W
2026/07/24 13:18:22.230, 47.85 W
2026/07/24 13:18:23.230, 50.89 W
2026/07/24 13:18:24.231, 47.31 W
2026/07/24 13:18:25.231, 47.28 W
2026/07/24 13:18:26.231, 52.83 W
2026/07/24 13:18:27.231, 47.88 W
2026/07/24 13:18:28.231, 47.99 W
2026/07/24 13:18:29.231, 49.69 W
2026/07/24 13:18:30.231, 49.51 W
2026/07/24 13:18:31.231, 47.55 W
2026/07/24 13:18:32.231, 49.76 W
2026/07/24 13:18:33.232, 47.87 W
2026/07/24 13:18:34.232, 48.11 W
2026/07/24 13:18:35.232, 46.67 W
2026/07/24 13:18:36.232, 52.37 W
2026/07/24 13:18:37.232, 48.15 W
2026/07/24 13:18:38.232, 47.56 W
2026/07/24 13:18:39.232, 48.58 W
2026/07/24 13:18:40.232, 49.03 W
2026/07/24 13:18:41.232, 50.35 W
2026/07/24 13:18:42.232, 47.68 W
2026/07/24 13:18:43.232, 47.72 W
2026/07/24 13:18:44.233, 51.74 W
2026/07/24 13:18:45.233, 49.18 W
2026/07/24 13:18:46.233, 47.44 W
2026/07/24 13:18:47.233, 48.19 W
2026/07/24 13:18:48.233, 48.58 W
2026/07/24 13:18:49.233, 51.21 W
2026/07/24 13:18:50.233, 48.62 W
2026/07/24 13:18:51.233, 48.22 W
2026/07/24 13:18:52.233, 47.62 W
2026/07/24 13:18:53.233, 46.82 W
2026/07/24 13:18:54.233, 51.21 W
2026/07/24 13:18:55.234, 48.98 W
2026/07/24 13:18:56.234, 49.22 W
2026/07/24 13:18:57.234, 47.37 W
2026/07/24 13:18:58.234, 47.60 W
2026/07/24 13:18:59.234, 51.71 W
2026/07/24 13:19:00.234, 49.03 W
2026/07/24 13:19:01.234, 49.70 W
2026/07/24 13:19:02.234, 48.05 W
2026/07/24 13:19:03.234, 51.93 W
2026/07/24 13:19:04.235, 34.84 W
2026/07/24 13:19:05.235, 48.45 W
2026/07/24 13:19:06.235, 47.92 W
2026/07/24 13:19:07.235, 49.83 W
2026/07/24 13:19:08.235, 51.67 W
2026/07/24 13:19:09.235, 48.18 W
2026/07/24 13:19:10.235, 47.85 W
2026/07/24 13:19:11.235, 47.30 W
2026/07/24 13:19:12.236, 47.26 W
2026/07/24 13:19:13.236, 50.78 W
2026/07/24 13:19:14.236, 49.33 W
2026/07/24 13:19:15.236, 49.50 W
2026/07/24 13:19:16.236, 48.04 W
2026/07/24 13:19:17.236, 48.16 W
2026/07/24 13:19:18.236, 48.51 W
2026/07/24 13:19:19.236, 48.58 W
2026/07/24 13:19:20.236, 48.25 W
2026/07/24 13:19:21.236, 47.31 W
2026/07/24 13:19:22.237, 47.65 W
2026/07/24 13:19:23.237, 45.65 W
2026/07/24 13:19:24.237, 49.95 W
2026/07/24 13:19:25.237, 47.80 W
2026/07/24 13:19:26.237, 45.08 W
2026/07/24 13:19:27.237, 50.41 W
2026/07/24 13:19:28.237, 46.97 W
2026/07/24 13:19:29.237, 46.87 W
2026/07/24 13:19:30.237, 46.04 W
2026/07/24 13:19:31.237, 50.79 W
2026/07/24 13:19:32.237, 48.69 W
2026/07/24 13:19:33.238, 44.12 W
2026/07/24 13:19:34.238, 47.93 W
2026/07/24 13:19:35.238, 48.00 W
2026/07/24 13:19:36.238, 49.44 W
2026/07/24 13:19:37.238, 47.75 W
2026/07/24 13:19:38.238, 49.92 W
2026/07/24 13:19:39.238, 48.29 W
2026/07/24 13:19:40.238, 50.48 W
2026/07/24 13:19:41.238, 49.19 W
2026/07/24 13:19:42.238, 50.44 W
2026/07/24 13:19:43.239, 48.72 W
2026/07/24 13:19:44.239, 51.22 W
2026/07/24 13:19:45.239, 49.06 W
2026/07/24 13:19:46.239, 48.32 W
2026/07/24 13:19:47.239, 48.37 W
2026/07/24 13:19:48.239, 48.96 W
2026/07/24 13:19:49.239, 48.69 W
2026/07/24 13:19:50.239, 47.86 W
2026/07/24 13:19:51.239, 48.60 W
2026/07/24 13:19:52.240, 48.85 W
2026/07/24 13:19:53.240, 48.99 W
2026/07/24 13:19:54.240, 49.30 W
2026/07/24 13:19:55.240, 49.20 W
2026/07/24 13:19:56.240, 48.82 W
2026/07/24 13:19:57.240, 49.83 W
2026/07/24 13:19:58.240, 47.60 W
2026/07/24 13:19:59.240, 43.02 W
2026/07/24 13:20:00.240, 48.03 W
2026/07/24 13:20:01.240, 47.46 W
2026/07/24 13:20:02.241, 44.10 W
2026/07/24 13:20:03.241, 49.80 W
2026/07/24 13:20:04.241, 48.55 W
2026/07/24 13:20:05.241, 44.14 W
2026/07/24 13:20:06.241, 47.66 W
2026/07/24 13:20:07.241, 47.77 W
2026/07/24 13:20:08.241, 48.14 W
2026/07/24 13:20:09.241, 47.89 W
2026/07/24 13:20:10.241, 48.04 W
2026/07/24 13:20:11.242, 47.85 W
2026/07/24 13:20:12.242, 48.62 W
2026/07/24 13:20:13.242, 48.36 W
2026/07/24 13:20:14.242, 48.17 W
2026/07/24 13:20:15.242, 48.32 W
2026/07/24 13:20:16.242, 50.10 W
2026/07/24 13:20:17.242, 47.47 W
2026/07/24 13:20:18.242, 46.85 W
2026/07/24 13:20:19.242, 50.07 W
2026/07/24 13:20:20.242, 48.12 W
2026/07/24 13:20:21.242, 46.05 W
2026/07/24 13:20:22.243, 44.60 W
2026/07/24 13:20:23.243, 49.44 W
2026/07/24 13:20:24.243, 49.07 W
2026/07/24 13:20:25.243, 49.35 W
2026/07/24 13:20:26.243, 48.19 W
2026/07/24 13:20:27.243, 49.51 W
2026/07/24 13:20:28.243, 48.29 W
2026/07/24 13:20:29.243, 48.58 W
2026/07/24 13:20:30.243, 39.87 W
2026/07/24 13:20:31.244, 50.49 W
2026/07/24 13:20:32.244, 60.38 W
2026/07/24 13:20:33.244, 60.24 W
2026/07/24 13:20:34.244, 45.20 W
2026/07/24 13:20:35.244, 58.66 W
2026/07/24 13:20:36.244, 48.51 W
2026/07/24 13:20:37.244, 52.14 W
2026/07/24 13:20:38.244, 48.83 W
2026/07/24 13:20:39.244, 48.98 W
2026/07/24 13:20:40.244, 52.23 W
2026/07/24 13:20:41.245, 48.10 W
2026/07/24 13:20:42.245, 47.42 W
2026/07/24 13:20:43.245, 48.66 W
2026/07/24 13:20:44.245, 51.78 W
2026/07/24 13:20:45.245, 49.49 W
2026/07/24 13:20:46.245, 49.05 W
2026/07/24 13:20:47.245, 47.89 W
2026/07/24 13:20:48.245, 51.47 W
2026/07/24 13:20:49.245, 51.64 W
2026/07/24 13:20:50.245, 47.79 W
2026/07/24 13:20:51.246, 48.07 W
2026/07/24 13:20:52.246, 47.76 W
2026/07/24 13:20:53.246, 51.56 W
2026/07/24 13:20:54.246, 50.97 W
2026/07/24 13:20:55.246, 48.29 W
2026/07/24 13:20:56.246, 47.71 W
2026/07/24 13:20:57.246, 51.17 W
2026/07/24 13:20:58.246, 51.37 W
2026/07/24 13:20:59.246, 48.31 W
2026/07/24 13:21:00.246, 48.02 W
2026/07/24 13:21:01.247, 48.24 W
2026/07/24 13:21:02.247, 52.87 W
2026/07/24 13:21:03.247, 47.53 W
2026/07/24 13:21:04.247, 47.72 W
2026/07/24 13:21:05.247, 48.09 W
2026/07/24 13:21:06.247, 53.10 W
2026/07/24 13:21:07.247, 47.79 W
2026/07/24 13:21:08.247, 48.82 W
2026/07/24 13:21:09.247, 50.71 W
2026/07/24 13:21:10.247, 49.21 W
2026/07/24 13:21:11.247, 49.59 W
2026/07/24 13:21:12.248, 47.72 W
2026/07/24 13:21:13.248, 52.35 W
2026/07/24 13:21:14.248, 47.88 W
2026/07/24 13:21:15.248, 49.08 W
2026/07/24 13:21:16.248, 50.86 W
2026/07/24 13:21:17.248, 48.57 W
2026/07/24 13:21:18.248, 50.23 W
2026/07/24 13:21:19.248, 48.10 W
2026/07/24 13:21:20.248, 52.74 W
2026/07/24 13:21:21.248, 48.94 W
2026/07/24 13:21:22.248, 50.12 W
2026/07/24 13:21:23.249, 47.03 W
2026/07/24 13:21:24.249, 48.03 W
2026/07/24 13:21:25.249, 51.19 W
2026/07/24 13:21:26.249, 47.68 W
2026/07/24 13:21:27.249, 49.43 W
2026/07/24 13:21:28.249, 51.38 W
2026/07/24 13:21:29.249, 49.97 W
2026/07/24 13:21:30.249, 49.92 W
2026/07/24 13:21:31.249, 47.54 W
2026/07/24 13:21:32.250, 48.58 W
2026/07/24 13:21:33.250, 49.96 W
2026/07/24 13:21:34.250, 49.82 W
2026/07/24 13:21:35.250, 50.02 W
2026/07/24 13:21:36.250, 48.20 W
2026/07/24 13:21:37.250, 52.94 W
2026/07/24 13:21:38.250, 49.11 W
2026/07/24 13:21:39.250, 48.01 W
2026/07/24 13:21:40.250, 51.58 W
2026/07/24 13:21:41.250, 48.83 W
2026/07/24 13:21:42.251, 53.61 W
2026/07/24 13:21:43.251, 49.67 W
2026/07/24 13:21:44.251, 51.55 W
2026/07/24 13:21:45.251, 47.06 W
2026/07/24 13:21:46.251, 48.03 W
2026/07/24 13:21:47.251, 50.05 W
2026/07/24 13:21:48.251, 49.41 W
2026/07/24 13:21:49.251, 49.47 W
2026/07/24 13:21:50.251, 50.54 W
2026/07/24 13:21:51.252, 46.53 W
2026/07/24 13:21:52.252, 47.81 W
2026/07/24 13:21:53.252, 49.10 W
2026/07/24 13:21:54.252, 49.61 W
2026/07/24 13:21:55.252, 47.84 W
2026/07/24 13:21:56.252, 49.15 W
2026/07/24 13:21:57.252, 49.18 W
2026/07/24 13:21:58.252, 47.92 W
2026/07/24 13:21:59.252, 49.10 W
2026/07/24 13:22:00.252, 48.90 W
2026/07/24 13:22:01.253, 48.72 W
2026/07/24 13:22:02.253, 47.94 W
2026/07/24 13:22:03.253, 48.49 W
2026/07/24 13:22:04.253, 50.65 W
2026/07/24 13:22:05.253, 47.60 W
2026/07/24 13:22:06.253, 48.75 W
2026/07/24 13:22:07.253, 51.60 W
2026/07/24 13:22:08.253, 48.96 W
2026/07/24 13:22:09.253, 49.03 W
2026/07/24 13:22:10.253, 48.71 W
2026/07/24 13:22:11.254, 46.41 W
2026/07/24 13:22:12.254, 53.12 W
2026/07/24 13:22:13.254, 48.01 W
2026/07/24 13:22:14.254, 47.96 W
2026/07/24 13:22:15.254, 50.56 W
2026/07/24 13:22:16.254, 49.56 W
2026/07/24 13:22:17.254, 47.58 W
2026/07/24 13:22:18.254, 48.32 W
2026/07/24 13:22:19.254, 48.56 W
2026/07/24 13:22:20.254, 50.32 W
2026/07/24 13:22:21.255, 47.06 W
2026/07/24 13:22:22.255, 47.86 W
2026/07/24 13:22:23.255, 52.23 W
2026/07/24 13:22:24.255, 47.87 W
2026/07/24 13:22:25.255, 47.62 W
2026/07/24 13:22:26.255, 50.68 W
2026/07/24 13:22:27.255, 49.61 W
2026/07/24 13:22:28.255, 48.13 W
2026/07/24 13:22:29.255, 46.82 W
2026/07/24 13:22:30.255, 48.03 W
2026/07/24 13:22:31.256, 52.04 W
2026/07/24 13:22:32.256, 48.41 W
2026/07/24 13:22:33.256, 47.23 W
2026/07/24 13:22:34.256, 50.30 W
2026/07/24 13:22:35.256, 49.31 W
2026/07/24 13:22:36.256, 44.90 W
2026/07/24 13:22:37.256, 47.60 W
2026/07/24 13:22:38.256, 50.61 W
2026/07/24 13:22:39.256, 48.77 W
2026/07/24 13:22:40.257, 46.95 W
2026/07/24 13:22:41.257, 47.92 W
2026/07/24 13:22:42.257, 50.78 W
2026/07/24 13:22:43.257, 49.53 W
2026/07/24 13:22:44.257, 45.03 W
2026/07/24 13:22:45.257, 46.69 W
2026/07/24 13:22:46.257, 51.43 W
2026/07/24 13:22:47.257, 48.51 W
2026/07/24 13:22:48.257, 49.69 W
2026/07/24 13:22:49.258, 48.29 W
2026/07/24 13:22:50.258, 46.82 W
2026/07/24 13:22:51.258, 50.33 W
2026/07/24 13:22:52.258, 49.09 W
2026/07/24 13:22:53.258, 45.38 W
2026/07/24 13:22:54.258, 47.21 W
2026/07/24 13:22:55.258, 47.94 W
2026/07/24 13:22:56.258, 48.55 W
2026/07/24 13:22:57.258, 47.65 W
2026/07/24 13:22:58.258, 47.42 W
2026/07/24 13:22:59.258, 52.37 W
2026/07/24 13:23:00.259, 48.82 W
2026/07/24 13:23:01.259, 48.62 W
2026/07/24 13:23:02.259, 47.77 W
2026/07/24 13:23:03.259, 43.62 W
2026/07/24 13:23:04.259, 49.22 W
2026/07/24 13:23:05.259, 48.50 W
2026/07/24 13:23:06.259, 47.66 W
2026/07/24 13:23:07.259, 47.38 W
2026/07/24 13:23:08.259, 48.22 W
2026/07/24 13:23:09.260, 52.78 W
2026/07/24 13:23:10.260, 48.99 W
2026/07/24 13:23:11.260, 48.73 W
2026/07/24 13:23:12.260, 47.91 W
2026/07/24 13:23:13.260, 47.54 W
2026/07/24 13:23:14.260, 48.08 W
2026/07/24 13:23:15.260, 50.24 W
2026/07/24 13:23:16.260, 39.64 W
2026/07/24 13:23:17.260, 52.30 W
2026/07/24 13:23:18.260, 58.16 W
2026/07/24 13:23:19.261, 59.91 W
2026/07/24 13:23:20.261, 48.44 W
2026/07/24 13:23:21.261, 57.12 W
2026/07/24 13:23:22.261, 52.95 W
2026/07/24 13:23:23.261, 48.84 W
2026/07/24 13:23:24.261, 48.19 W
2026/07/24 13:23:25.261, 47.69 W
2026/07/24 13:23:26.261, 48.33 W
2026/07/24 13:23:27.261, 46.60 W
2026/07/24 13:23:28.261, 49.05 W
2026/07/24 13:23:29.262, 47.17 W
2026/07/24 13:23:30.262, 48.60 W
2026/07/24 13:23:31.262, 51.99 W
2026/07/24 13:23:32.262, 49.21 W
2026/07/24 13:23:33.262, 46.67 W
2026/07/24 13:23:34.262, 52.26 W
2026/07/24 13:23:35.262, 49.34 W
2026/07/24 13:23:36.262, 48.19 W
2026/07/24 13:23:37.262, 49.55 W
2026/07/24 13:23:38.262, 47.00 W
2026/07/24 13:23:39.262, 47.14 W
2026/07/24 13:23:40.263, 44.56 W
2026/07/24 13:23:41.263, 47.93 W
2026/07/24 13:23:42.263, 52.31 W
2026/07/24 13:23:43.263, 48.20 W
2026/07/24 13:23:44.263, 47.45 W
2026/07/24 13:23:45.263, 47.68 W
2026/07/24 13:23:46.263, 47.08 W
2026/07/24 13:23:47.263, 48.56 W
2026/07/24 13:23:48.263, 47.84 W
2026/07/24 13:23:49.264, 51.32 W
2026/07/24 13:23:50.264, 49.34 W
2026/07/24 13:23:51.264, 49.41 W
2026/07/24 13:23:52.264, 47.19 W
2026/07/24 13:23:53.264, 47.84 W
2026/07/24 13:23:54.264, 50.61 W
2026/07/24 13:23:55.264, 48.69 W
2026/07/24 13:23:56.264, 46.07 W
2026/07/24 13:23:57.264, 48.58 W
2026/07/24 13:23:58.264, 47.20 W
2026/07/24 13:23:59.264, 47.88 W
2026/07/24 13:24:00.265, 50.66 W
2026/07/24 13:24:01.265, 49.89 W
2026/07/24 13:24:02.265, 51.84 W
2026/07/24 13:24:03.265, 47.65 W
2026/07/24 13:24:04.265, 47.72 W
2026/07/24 13:24:05.265, 48.03 W
2026/07/24 13:24:06.265, 47.21 W
2026/07/24 13:24:07.265, 49.28 W
2026/07/24 13:24:08.265, 49.81 W
2026/07/24 13:24:09.266, 48.61 W
2026/07/24 13:24:10.266, 47.79 W
2026/07/24 13:24:11.266, 47.81 W
2026/07/24 13:24:12.266, 47.90 W
2026/07/24 13:24:13.266, 48.28 W
2026/07/24 13:24:14.266, 48.77 W
2026/07/24 13:24:15.266, 47.88 W
2026/07/24 13:24:16.266, 47.89 W
2026/07/24 13:24:17.267, 47.02 W
2026/07/24 13:24:18.267, 46.80 W
2026/07/24 13:24:19.267, 48.00 W
2026/07/24 13:24:20.267, 47.97 W
2026/07/24 13:24:21.267, 46.42 W
2026/07/24 13:24:22.267, 47.94 W
2026/07/24 13:24:23.267, 48.62 W
2026/07/24 13:24:24.267, 47.28 W
2026/07/24 13:24:25.267, 47.58 W
2026/07/24 13:24:26.268, 46.90 W
2026/07/24 13:24:27.268, 44.43 W
2026/07/24 13:24:28.268, 49.06 W
2026/07/24 13:24:29.268, 48.89 W
2026/07/24 13:24:30.268, 42.78 W
2026/07/24 13:24:31.268, 50.01 W
2026/07/24 13:24:32.268, 50.66 W
2026/07/24 13:24:33.268, 49.96 W
2026/07/24 13:24:34.268, 49.89 W
2026/07/24 13:24:35.268, 46.76 W
2026/07/24 13:24:36.269, 48.38 W
2026/07/24 13:24:37.269, 51.97 W
2026/07/24 13:24:38.269, 49.19 W
2026/07/24 13:24:39.269, 49.86 W
2026/07/24 13:24:40.269, 48.45 W
2026/07/24 13:24:41.269, 49.29 W
2026/07/24 13:24:42.269, 48.14 W
2026/07/24 13:24:43.269, 45.00 W
2026/07/24 13:24:44.269, 48.60 W
2026/07/24 13:24:45.269, 48.49 W
2026/07/24 13:24:46.270, 48.67 W
2026/07/24 13:24:47.270, 48.13 W
2026/07/24 13:24:48.270, 49.06 W
2026/07/24 13:24:49.270, 49.39 W
2026/07/24 13:24:50.270, 49.06 W
2026/07/24 13:24:51.270, 48.28 W
2026/07/24 13:24:52.270, 49.45 W
2026/07/24 13:24:53.270, 48.90 W
2026/07/24 13:24:54.270, 49.01 W
2026/07/24 13:24:55.271, 47.73 W
2026/07/24 13:24:56.271, 48.29 W
2026/07/24 13:24:57.271, 47.70 W
2026/07/24 13:24:58.271, 48.33 W
2026/07/24 13:24:59.271, 47.88 W
2026/07/24 13:25:00.271, 48.94 W
2026/07/24 13:25:01.271, 48.87 W
2026/07/24 13:25:02.271, 48.83 W
2026/07/24 13:25:03.271, 48.37 W
2026/07/24 13:25:04.271, 50.58 W
2026/07/24 13:25:05.272, 47.91 W
2026/07/24 13:25:06.272, 50.41 W
2026/07/24 13:25:07.272, 47.88 W
2026/07/24 13:25:08.272, 47.54 W
2026/07/24 13:25:09.272, 49.74 W
2026/07/24 13:25:10.272, 49.35 W
2026/07/24 13:25:11.272, 47.72 W
2026/07/24 13:25:12.272, 49.61 W
2026/07/24 13:25:13.272, 48.56 W
2026/07/24 13:25:14.272, 47.84 W
2026/07/24 13:25:15.273, 47.91 W
2026/07/24 13:25:16.273, 47.88 W
2026/07/24 13:25:17.273, 46.04 W
2026/07/24 13:25:18.273, 48.52 W
2026/07/24 13:25:19.273, 48.92 W
2026/07/24 13:25:20.273, 48.36 W
2026/07/24 13:25:21.273, 49.02 W
2026/07/24 13:25:22.273, 49.86 W
2026/07/24 13:25:23.273, 49.20 W
2026/07/24 13:25:24.274, 48.95 W
2026/07/24 13:25:25.274, 48.58 W
2026/07/24 13:25:26.274, 48.67 W
2026/07/24 13:25:27.274, 48.71 W
2026/07/24 13:25:28.274, 48.47 W
2026/07/24 13:25:29.274, 48.22 W
2026/07/24 13:25:30.274, 48.31 W
2026/07/24 13:25:31.274, 48.21 W
2026/07/24 13:25:32.274, 48.19 W
2026/07/24 13:25:33.274, 48.07 W
2026/07/24 13:25:34.274, 47.80 W
2026/07/24 13:25:35.275, 48.06 W
2026/07/24 13:25:36.275, 48.02 W
2026/07/24 13:25:37.275, 45.64 W
2026/07/24 13:25:38.275, 47.85 W
2026/07/24 13:25:39.275, 48.05 W
2026/07/24 13:25:40.275, 48.10 W
2026/07/24 13:25:41.275, 48.25 W
2026/07/24 13:25:42.275, 48.25 W
2026/07/24 13:25:43.275, 48.62 W
2026/07/24 13:25:44.276, 48.61 W
2026/07/24 13:25:45.276, 48.11 W
2026/07/24 13:25:46.276, 47.33 W
2026/07/24 13:25:47.276, 48.74 W
2026/07/24 13:25:48.276, 48.43 W
2026/07/24 13:25:49.276, 48.08 W
2026/07/24 13:25:50.276, 45.93 W
2026/07/24 13:25:51.276, 47.76 W
2026/07/24 13:25:52.276, 47.85 W
2026/07/24 13:25:53.277, 49.43 W
2026/07/24 13:25:54.277, 48.08 W
2026/07/24 13:25:55.277, 48.59 W
2026/07/24 13:25:56.277, 48.92 W
2026/07/24 13:25:57.277, 48.19 W
2026/07/24 13:25:58.277, 47.43 W
2026/07/24 13:25:59.277, 48.23 W
2026/07/24 13:26:00.277, 48.40 W
2026/07/24 13:26:01.277, 49.37 W
2026/07/24 13:26:02.277, 44.37 W
2026/07/24 13:26:03.278, 44.86 W
2026/07/24 13:26:04.278, 45.65 W
2026/07/24 13:26:05.278, 47.91 W
2026/07/24 13:26:06.278, 48.82 W
2026/07/24 13:26:07.278, 42.58 W
2026/07/24 13:26:08.278, 48.23 W
2026/07/24 13:26:09.278, 50.81 W
2026/07/24 13:26:10.278, 48.30 W
2026/07/24 13:26:11.278, 45.76 W
2026/07/24 13:26:12.278, 48.57 W
2026/07/24 13:26:13.278, 49.07 W
2026/07/24 13:26:14.279, 50.20 W
2026/07/24 13:26:15.279, 47.91 W
2026/07/24 13:26:16.279, 45.12 W
2026/07/24 13:26:17.279, 49.60 W
2026/07/24 13:26:18.279, 49.07 W
2026/07/24 13:26:19.279, 45.34 W
2026/07/24 13:26:20.279, 49.28 W
2026/07/24 13:26:21.279, 48.89 W
2026/07/24 13:26:22.279, 48.64 W
2026/07/24 13:26:23.279, 48.56 W
2026/07/24 13:26:24.280, 47.62 W
2026/07/24 13:26:25.280, 49.61 W
2026/07/24 13:26:26.280, 49.12 W
2026/07/24 13:26:27.280, 48.32 W
2026/07/24 13:26:28.280, 47.36 W
2026/07/24 13:26:29.280, 49.44 W
2026/07/24 13:26:30.280, 48.70 W
2026/07/24 13:26:31.280, 48.35 W
2026/07/24 13:26:32.280, 46.02 W
2026/07/24 13:26:33.280, 46.33 W
2026/07/24 13:26:34.281, 44.14 W
2026/07/24 13:26:35.281, 48.71 W
2026/07/24 13:26:36.281, 48.76 W
2026/07/24 13:26:37.281, 44.77 W
2026/07/24 13:26:38.281, 49.09 W
2026/07/24 13:26:39.281, 49.05 W
2026/07/24 13:26:40.281, 43.04 W
2026/07/24 13:26:41.281, 47.16 W
2026/07/24 13:26:42.281, 47.27 W
2026/07/24 13:26:43.281, 49.83 W
2026/07/24 13:26:44.281, 49.58 W
2026/07/24 13:26:45.282, 48.10 W
2026/07/24 13:26:46.282, 45.19 W
2026/07/24 13:26:47.282, 49.95 W
2026/07/24 13:26:48.282, 49.10 W
2026/07/24 13:26:49.282, 46.52 W
2026/07/24 13:26:50.282, 48.98 W
2026/07/24 13:26:51.282, 49.51 W
2026/07/24 13:26:52.282, 48.75 W
2026/07/24 13:26:53.282, 46.75 W
2026/07/24 13:26:54.282, 49.05 W
2026/07/24 13:26:55.283, 49.71 W
2026/07/24 13:26:56.283, 47.75 W
2026/07/24 13:26:57.283, 46.33 W
2026/07/24 13:26:58.283, 50.09 W
2026/07/24 13:26:59.283, 48.80 W
2026/07/24 13:27:00.283, 45.35 W
2026/07/24 13:27:01.283, 50.18 W
2026/07/24 13:27:02.283, 47.73 W
2026/07/24 13:27:03.283, 45.72 W
2026/07/24 13:27:04.284, 46.89 W
2026/07/24 13:27:05.284, 43.24 W
2026/07/24 13:27:06.284, 46.81 W
2026/07/24 13:27:07.284, 53.37 W
2026/07/24 13:27:08.284, 44.00 W
2026/07/24 13:27:09.284, 37.55 W
2026/07/24 13:27:10.284, 40.44 W
2026/07/24 13:27:11.285, 43.65 W
2026/07/24 13:27:12.285, 43.91 W
2026/07/24 13:27:13.285, 45.06 W
2026/07/24 13:27:14.285, 42.34 W
2026/07/24 13:27:15.285, 40.50 W
2026/07/24 13:27:16.285, 42.36 W
2026/07/24 13:27:17.285, 42.80 W
2026/07/24 13:27:18.285, 44.62 W
2026/07/24 13:27:19.286, 44.55 W
2026/07/24 13:27:20.286, 47.06 W
2026/07/24 13:27:21.286, 45.61 W
2026/07/24 13:27:22.286, 44.40 W
2026/07/24 13:27:23.286, 51.02 W
2026/07/24 13:27:24.286, 52.42 W
2026/07/24 13:27:25.286, 45.31 W
2026/07/24 13:27:26.286, 48.71 W
2026/07/24 13:27:27.286, 45.84 W
2026/07/24 13:27:28.286, 44.59 W
2026/07/24 13:27:29.286, 48.20 W
2026/07/24 13:27:30.286, 54.53 W
2026/07/24 13:27:31.286, 50.60 W
2026/07/24 13:27:32.287, 47.29 W
2026/07/24 13:27:33.287, 41.76 W
2026/07/24 13:27:34.287, 44.90 W
2026/07/24 13:27:35.287, 45.62 W
2026/07/24 13:27:36.287, 51.47 W
2026/07/24 13:27:37.287, 54.17 W
2026/07/24 13:27:38.287, 51.81 W
2026/07/24 13:27:39.287, 50.60 W
2026/07/24 13:27:40.288, 48.73 W
2026/07/24 13:27:41.288, 47.34 W
2026/07/24 13:27:42.288, 46.12 W
2026/07/24 13:27:43.288, 45.20 W
2026/07/24 13:27:44.288, 45.21 W
2026/07/24 13:27:45.288, 54.16 W
2026/07/24 13:27:46.288, 47.87 W
2026/07/24 13:27:47.288, 44.07 W
2026/07/24 13:27:48.288, 41.59 W
2026/07/24 13:27:49.288, 46.43 W
2026/07/24 13:27:50.289, 46.45 W
2026/07/24 13:27:51.289, 43.99 W
2026/07/24 13:27:52.289, 42.01 W
2026/07/24 13:27:53.289, 41.37 W
2026/07/24 13:27:54.289, 40.98 W
2026/07/24 13:27:55.289, 40.73 W
2026/07/24 13:27:56.289, 47.20 W
2026/07/24 13:27:57.289, 55.39 W
2026/07/24 13:27:58.289, 52.74 W
2026/07/24 13:27:59.290, 50.08 W
2026/07/24 13:28:00.290, 47.98 W
2026/07/24 13:28:01.290, 46.23 W
2026/07/24 13:28:02.290, 45.31 W
2026/07/24 13:28:03.290, 44.67 W
2026/07/24 13:28:04.290, 45.27 W
2026/07/24 13:28:05.290, 55.35 W
2026/07/24 13:28:06.290, 51.99 W
2026/07/24 13:28:07.290, 47.59 W
2026/07/24 13:28:08.291, 44.77 W
2026/07/24 13:28:09.291, 43.24 W
2026/07/24 13:28:10.291, 41.51 W
2026/07/24 13:28:11.291, 41.11 W
2026/07/24 13:28:12.291, 40.65 W
2026/07/24 13:28:13.291, 40.37 W
2026/07/24 13:28:14.291, 40.37 W
2026/07/24 13:28:15.291, 48.99 W
2026/07/24 13:28:16.291, 55.16 W
2026/07/24 13:28:17.292, 54.51 W
2026/07/24 13:28:18.292, 53.56 W
2026/07/24 13:28:19.292, 51.30 W
2026/07/24 13:28:20.292, 49.73 W
2026/07/24 13:28:21.292, 49.12 W
2026/07/24 13:28:22.292, 47.86 W
2026/07/24 13:28:23.292, 46.06 W
2026/07/24 13:28:24.292, 45.15 W
2026/07/24 13:28:25.292, 44.72 W
2026/07/24 13:28:26.292, 44.40 W
2026/07/24 13:28:27.293, 44.28 W
2026/07/24 13:28:28.293, 52.10 W
2026/07/24 13:28:29.293, 55.13 W
2026/07/24 13:28:30.293, 44.15 W
2026/07/24 13:28:31.293, 45.03 W
2026/07/24 13:28:32.293, 44.78 W
2026/07/24 13:28:33.293, 43.91 W
2026/07/24 13:28:34.293, 50.84 W
2026/07/24 13:28:35.294, 51.22 W
2026/07/24 13:28:36.294, 51.65 W
2026/07/24 13:28:37.294, 56.53 W
2026/07/24 13:28:38.294, 52.04 W
2026/07/24 13:28:39.294, 48.90 W
2026/07/24 13:28:40.294, 45.86 W
2026/07/24 13:28:41.294, 52.97 W
2026/07/24 13:28:42.294, 55.76 W
2026/07/24 13:28:43.294, 53.67 W
2026/07/24 13:28:44.295, 51.75 W
2026/07/24 13:28:45.295, 51.05 W
2026/07/24 13:28:46.295, 49.31 W
2026/07/24 13:28:47.295, 48.21 W
2026/07/24 13:28:48.295, 47.74 W
2026/07/24 13:28:49.295, 42.14 W
2026/07/24 13:28:50.295, 44.06 W
2026/07/24 13:28:51.295, 45.89 W
2026/07/24 13:28:52.295, 52.98 W
2026/07/24 13:28:53.296, 44.68 W
2026/07/24 13:28:54.296, 44.44 W
2026/07/24 13:28:55.296, 52.70 W
2026/07/24 13:28:56.296, 45.78 W
2026/07/24 13:28:57.296, 52.13 W
2026/07/24 13:28:58.296, 48.00 W
2026/07/24 13:28:59.296, 41.44 W
2026/07/24 13:29:00.296, 52.42 W
2026/07/24 13:29:01.296, 47.28 W
2026/07/24 13:29:02.297, 48.88 W
2026/07/24 13:29:03.297, 49.47 W
2026/07/24 13:29:04.297, 42.35 W
2026/07/24 13:29:05.297, 49.51 W
2026/07/24 13:29:06.297, 49.69 W
2026/07/24 13:29:07.297, 45.12 W
2026/07/24 13:29:08.297, 51.39 W
2026/07/24 13:29:09.297, 46.24 W
2026/07/24 13:29:10.297, 40.86 W
2026/07/24 13:29:11.297, 52.11 W
2026/07/24 13:29:12.298, 47.51 W
2026/07/24 13:29:13.298, 44.76 W
2026/07/24 13:29:14.298, 53.51 W
2026/07/24 13:29:15.298, 45.85 W
2026/07/24 13:29:16.298, 41.47 W
2026/07/24 13:29:17.298, 42.36 W
2026/07/24 13:29:18.298, 43.52 W
2026/07/24 13:29:19.298, 53.31 W
2026/07/24 13:29:20.298, 46.43 W
2026/07/24 13:29:21.298, 48.58 W
2026/07/24 13:29:22.298, 51.84 W
2026/07/24 13:29:23.299, 44.02 W
2026/07/24 13:29:24.299, 41.20 W
2026/07/24 13:29:25.299, 47.44 W
2026/07/24 13:29:26.299, 50.68 W
2026/07/24 13:29:27.299, 50.37 W
2026/07/24 13:29:28.299, 48.83 W
2026/07/24 13:29:29.299, 46.35 W
2026/07/24 13:29:30.299, 47.55 W
2026/07/24 13:29:31.299, 50.07 W
2026/07/24 13:29:32.300, 42.11 W
2026/07/24 13:29:33.300, 45.29 W
2026/07/24 13:29:34.300, 43.67 W
2026/07/24 13:29:35.300, 53.35 W
2026/07/24 13:29:36.300, 46.10 W
2026/07/24 13:29:37.300, 41.37 W
2026/07/24 13:29:38.300, 46.14 W
2026/07/24 13:29:39.300, 40.77 W
2026/07/24 13:29:40.300, 45.02 W
2026/07/24 13:29:41.300, 41.49 W
2026/07/24 13:29:42.301, 45.11 W
2026/07/24 13:29:43.301, 43.23 W
2026/07/24 13:29:44.301, 40.84 W
2026/07/24 13:29:45.301, 48.74 W
2026/07/24 13:29:46.301, 54.19 W
2026/07/24 13:29:47.301, 47.44 W
2026/07/24 13:29:48.301, 44.55 W
2026/07/24 13:29:49.301, 53.10 W
2026/07/24 13:29:50.301, 48.35 W
2026/07/24 13:29:51.302, 43.05 W
2026/07/24 13:29:52.302, 40.98 W
2026/07/24 13:29:53.302, 52.59 W
2026/07/24 13:29:54.302, 50.15 W
2026/07/24 13:29:55.302, 46.45 W
2026/07/24 13:29:56.302, 45.81 W
2026/07/24 13:29:57.302, 54.20 W
2026/07/24 13:29:58.302, 45.27 W
2026/07/24 13:29:59.302, 41.55 W
2026/07/24 13:30:00.303, 43.09 W
2026/07/24 13:30:01.303, 55.01 W
2026/07/24 13:30:02.303, 49.06 W
2026/07/24 13:30:03.303, 45.50 W
2026/07/24 13:30:04.303, 44.49 W
2026/07/24 13:30:05.303, 45.25 W
2026/07/24 13:30:06.303, 45.47 W
2026/07/24 13:30:07.303, 45.65 W
2026/07/24 13:30:08.303, 54.94 W
2026/07/24 13:30:09.303, 41.47 W
2026/07/24 13:30:10.304, 54.53 W
2026/07/24 13:30:11.304, 49.83 W
2026/07/24 13:30:12.304, 46.25 W
2026/07/24 13:30:13.304, 42.87 W
2026/07/24 13:30:14.304, 41.95 W
2026/07/24 13:30:15.304, 42.54 W
2026/07/24 13:30:16.304, 45.90 W
2026/07/24 13:30:17.304, 42.38 W
2026/07/24 13:30:18.304, 47.86 W
2026/07/24 13:30:19.304, 45.42 W
2026/07/24 13:30:20.305, 46.44 W
2026/07/24 13:30:21.305, 46.17 W
2026/07/24 13:30:22.305, 49.58 W
2026/07/24 13:30:23.305, 49.47 W
2026/07/24 13:30:24.305, 49.15 W
2026/07/24 13:30:25.305, 47.31 W
2026/07/24 13:30:26.305, 48.89 W
2026/07/24 13:30:27.305, 44.92 W
2026/07/24 13:30:28.305, 49.20 W
2026/07/24 13:30:29.305, 48.94 W
2026/07/24 13:30:30.306, 48.80 W
2026/07/24 13:30:31.306, 48.92 W
2026/07/24 13:30:32.306, 48.74 W
2026/07/24 13:30:33.306, 47.94 W
2026/07/24 13:30:34.306, 49.52 W
2026/07/24 13:30:35.306, 45.01 W
2026/07/24 13:30:36.306, 49.19 W
2026/07/24 13:30:37.306, 48.80 W
2026/07/24 13:30:38.306, 48.68 W
2026/07/24 13:30:39.307, 49.40 W
2026/07/24 13:30:40.307, 48.46 W
2026/07/24 13:30:41.307, 49.55 W
2026/07/24 13:30:42.307, 48.65 W
2026/07/24 13:30:43.307, 49.62 W
2026/07/24 13:30:44.307, 49.32 W
2026/07/24 13:30:45.307, 49.52 W
2026/07/24 13:30:46.307, 48.92 W
2026/07/24 13:30:47.307, 48.65 W
2026/07/24 13:30:48.307, 49.61 W
2026/07/24 13:30:49.308, 49.31 W
2026/07/24 13:30:50.308, 48.97 W
2026/07/24 13:30:51.308, 49.57 W
2026/07/24 13:30:52.308, 48.90 W
2026/07/24 13:30:53.308, 49.28 W
2026/07/24 13:30:54.308, 48.74 W
2026/07/24 13:30:55.308, 49.77 W
2026/07/24 13:30:56.308, 49.38 W
2026/07/24 13:30:57.309, 49.84 W
2026/07/24 13:30:58.309, 48.79 W
2026/07/24 13:30:59.309, 47.74 W
2026/07/24 13:31:00.309, 49.82 W
2026/07/24 13:31:01.309, 49.75 W
2026/07/24 13:31:02.309, 49.10 W
2026/07/24 13:31:03.309, 49.15 W
2026/07/24 13:31:04.309, 49.22 W
2026/07/24 13:31:05.309, 48.38 W
2026/07/24 13:31:06.309, 50.17 W
2026/07/24 13:31:07.310, 49.74 W
2026/07/24 13:31:08.310, 48.70 W
2026/07/24 13:31:09.310, 48.90 W
2026/07/24 13:31:10.310, 47.79 W
2026/07/24 13:31:11.310, 49.53 W
2026/07/24 13:31:12.310, 49.11 W
2026/07/24 13:31:13.310, 45.55 W
2026/07/24 13:31:14.310, 49.11 W
2026/07/24 13:31:15.310, 50.11 W
2026/07/24 13:31:16.310, 50.18 W
2026/07/24 13:31:17.311, 43.06 W
2026/07/24 13:31:18.311, 49.69 W
2026/07/24 13:31:19.311, 49.85 W
2026/07/24 13:31:20.311, 48.90 W
2026/07/24 13:31:21.311, 47.51 W
2026/07/24 13:31:22.311, 49.52 W
2026/07/24 13:31:23.311, 49.76 W
2026/07/24 13:31:24.311, 49.75 W
2026/07/24 13:31:25.311, 46.77 W
2026/07/24 13:31:26.312, 49.35 W
2026/07/24 13:31:27.312, 49.66 W
2026/07/24 13:31:28.312, 49.96 W
2026/07/24 13:31:29.312, 49.40 W
2026/07/24 13:31:30.312, 46.44 W
2026/07/24 13:31:31.312, 50.29 W
2026/07/24 13:31:32.312, 50.35 W
2026/07/24 13:31:33.312, 48.38 W
2026/07/24 13:31:34.312, 47.33 W
2026/07/24 13:31:35.312, 49.48 W
2026/07/24 13:31:36.312, 49.38 W
2026/07/24 13:31:37.313, 49.24 W
2026/07/24 13:31:38.313, 43.32 W
2026/07/24 13:31:39.313, 53.52 W
2026/07/24 13:31:40.313, 44.46 W
2026/07/24 13:31:41.313, 50.27 W
2026/07/24 13:31:42.313, 49.94 W
2026/07/24 13:31:43.313, 47.83 W
2026/07/24 13:31:44.313, 48.25 W
2026/07/24 13:31:45.313, 50.42 W
2026/07/24 13:31:46.314, 49.86 W
2026/07/24 13:31:47.314, 48.35 W
2026/07/24 13:31:48.314, 47.95 W
2026/07/24 13:31:49.314, 50.13 W
2026/07/24 13:31:50.314, 48.94 W
2026/07/24 13:31:51.314, 45.35 W
2026/07/24 13:31:52.314, 50.74 W
2026/07/24 13:31:53.314, 50.14 W
2026/07/24 13:31:54.314, 47.92 W
2026/07/24 13:31:55.315, 47.44 W
2026/07/24 13:31:56.315, 50.02 W
2026/07/24 13:31:57.315, 48.45 W
2026/07/24 13:31:58.315, 45.64 W
2026/07/24 13:31:59.315, 50.45 W
2026/07/24 13:32:00.315, 49.63 W
2026/07/24 13:32:01.315, 42.49 W
2026/07/24 13:32:02.315, 50.39 W
2026/07/24 13:32:03.315, 49.48 W
2026/07/24 13:32:04.315, 45.26 W
2026/07/24 13:32:05.316, 50.18 W
2026/07/24 13:32:06.316, 49.59 W
2026/07/24 13:32:07.316, 45.06 W
2026/07/24 13:32:08.316, 50.39 W
2026/07/24 13:32:09.316, 50.51 W
2026/07/24 13:32:10.316, 46.72 W
2026/07/24 13:32:11.316, 49.30 W
2026/07/24 13:32:12.316, 50.49 W
2026/07/24 13:32:13.316, 47.14 W
2026/07/24 13:32:14.317, 50.40 W
2026/07/24 13:32:15.317, 50.11 W
2026/07/24 13:32:16.317, 47.76 W
2026/07/24 13:32:17.317, 46.77 W
2026/07/24 13:32:18.317, 50.90 W
2026/07/24 13:32:19.317, 47.69 W
2026/07/24 13:32:20.317, 50.74 W
2026/07/24 13:32:21.317, 49.90 W
2026/07/24 13:32:22.317, 44.89 W
2026/07/24 13:32:23.317, 50.95 W
2026/07/24 13:32:24.318, 50.31 W
2026/07/24 13:32:25.318, 43.10 W
2026/07/24 13:32:26.318, 49.99 W
2026/07/24 13:32:27.318, 46.40 W
2026/07/24 13:32:28.318, 51.88 W
2026/07/24 13:32:29.318, 48.75 W
2026/07/24 13:32:30.318, 49.38 W
2026/07/24 13:32:31.318, 45.00 W
2026/07/24 13:32:32.319, 50.56 W
2026/07/24 13:32:33.319, 48.96 W
2026/07/24 13:32:34.319, 44.51 W
2026/07/24 13:32:35.319, 50.65 W
2026/07/24 13:32:36.319, 50.12 W
2026/07/24 13:32:37.319, 45.12 W
2026/07/24 13:32:38.319, 46.49 W
2026/07/24 13:32:39.319, 50.96 W
2026/07/24 13:32:40.319, 50.35 W
2026/07/24 13:32:41.319, 45.31 W
2026/07/24 13:32:42.320, 50.09 W
2026/07/24 13:32:43.320, 46.08 W
2026/07/24 13:32:44.320, 50.40 W
2026/07/24 13:32:45.320, 47.18 W
2026/07/24 13:32:46.320, 48.93 W
2026/07/24 13:32:47.320, 50.61 W
2026/07/24 13:32:48.320, 41.78 W
2026/07/24 13:32:49.320, 48.94 W
2026/07/24 13:32:50.320, 47.06 W
2026/07/24 13:32:51.320, 50.81 W
2026/07/24 13:32:52.321, 48.63 W
2026/07/24 13:32:53.321, 47.73 W
2026/07/24 13:32:54.321, 50.44 W
2026/07/24 13:32:55.321, 47.03 W
2026/07/24 13:32:56.321, 49.12 W
2026/07/24 13:32:57.321, 50.31 W
2026/07/24 13:32:58.321, 45.25 W
2026/07/24 13:32:59.321, 50.88 W
2026/07/24 13:33:00.321, 50.08 W
2026/07/24 13:33:01.321, 43.85 W
2026/07/24 13:33:02.322, 51.28 W
2026/07/24 13:33:03.322, 48.01 W
2026/07/24 13:33:04.322, 49.55 W
2026/07/24 13:33:05.322, 48.85 W
2026/07/24 13:33:06.322, 47.74 W
2026/07/24 13:33:07.322, 51.15 W
2026/07/24 13:33:08.322, 43.70 W
2026/07/24 13:33:09.323, 51.29 W
2026/07/24 13:33:10.323, 49.84 W
2026/07/24 13:33:11.323, 48.10 W
2026/07/24 13:33:12.323, 49.58 W
2026/07/24 13:33:13.323, 47.51 W
2026/07/24 13:33:14.323, 51.19 W
2026/07/24 13:33:15.323, 43.23 W
2026/07/24 13:33:16.323, 51.24 W
2026/07/24 13:33:17.324, 49.91 W
2026/07/24 13:33:18.324, 48.00 W
2026/07/24 13:33:19.324, 48.93 W
2026/07/24 13:33:20.324, 49.38 W
2026/07/24 13:33:21.324, 47.37 W
2026/07/24 13:33:22.324, 50.70 W
2026/07/24 13:33:23.325, 44.71 W
2026/07/24 13:33:24.325, 49.90 W
2026/07/24 13:33:25.325, 46.94 W
2026/07/24 13:33:26.325, 50.87 W
2026/07/24 13:33:27.325, 44.33 W
2026/07/24 13:33:28.325, 51.62 W
2026/07/24 13:33:29.325, 49.18 W
2026/07/24 13:33:30.325, 45.96 W
2026/07/24 13:33:31.326, 50.86 W
2026/07/24 13:33:32.326, 46.35 W
2026/07/24 13:33:33.326, 51.37 W
2026/07/24 13:33:34.326, 45.32 W
2026/07/24 13:33:35.326, 50.81 W
2026/07/24 13:33:36.326, 49.71 W
2026/07/24 13:33:37.326, 49.21 W
2026/07/24 13:33:38.326, 49.08 W
2026/07/24 13:33:39.326, 41.54 W
2026/07/24 13:33:40.327, 42.05 W
2026/07/24 13:33:41.327, 50.80 W
2026/07/24 13:33:42.327, 46.63 W
2026/07/24 13:33:43.327, 50.46 W
2026/07/24 13:33:44.327, 46.92 W
2026/07/24 13:33:45.327, 48.64 W
2026/07/24 13:33:46.327, 50.72 W
2026/07/24 13:33:47.327, 45.68 W
2026/07/24 13:33:48.327, 51.64 W
2026/07/24 13:33:49.328, 49.07 W
2026/07/24 13:33:50.328, 49.43 W
2026/07/24 13:33:51.328, 49.83 W
2026/07/24 13:33:52.328, 44.87 W
2026/07/24 13:33:53.328, 51.51 W
2026/07/24 13:33:54.328, 44.95 W
2026/07/24 13:33:55.328, 51.70 W
2026/07/24 13:33:56.328, 48.66 W
2026/07/24 13:33:57.328, 48.07 W
2026/07/24 13:33:58.329, 48.98 W
2026/07/24 13:33:59.329, 44.69 W
2026/07/24 13:34:00.329, 46.44 W
2026/07/24 13:34:01.329, 50.50 W
2026/07/24 13:34:02.329, 48.83 W
2026/07/24 13:34:03.329, 47.10 W
2026/07/24 13:34:04.329, 49.12 W
2026/07/24 13:34:05.329, 49.12 W
2026/07/24 13:34:06.329, 45.27 W
2026/07/24 13:34:07.330, 51.69 W
2026/07/24 13:34:08.330, 43.30 W
2026/07/24 13:34:09.330, 51.08 W
2026/07/24 13:34:10.330, 46.58 W
2026/07/24 13:34:11.330, 50.07 W
2026/07/24 13:34:12.330, 47.17 W
2026/07/24 13:34:13.330, 42.16 W
2026/07/24 13:34:14.330, 51.89 W
2026/07/24 13:34:15.330, 43.10 W
2026/07/24 13:34:16.331, 53.84 W
2026/07/24 13:34:17.331, 44.49 W
2026/07/24 13:34:18.331, 43.52 W
2026/07/24 13:34:19.331, 50.86 W
2026/07/24 13:34:20.331, 47.04 W
2026/07/24 13:34:21.331, 49.51 W
2026/07/24 13:34:22.331, 46.24 W
2026/07/24 13:34:23.331, 51.96 W
2026/07/24 13:34:24.331, 46.40 W
2026/07/24 13:34:25.332, 44.61 W
2026/07/24 13:34:26.332, 46.87 W
2026/07/24 13:34:27.332, 43.74 W
2026/07/24 13:34:28.332, 47.48 W
2026/07/24 13:34:29.332, 49.54 W
2026/07/24 13:34:30.332, 42.01 W
2026/07/24 13:34:31.332, 43.64 W
2026/07/24 13:34:32.333, 45.06 W
2026/07/24 13:34:33.333, 45.33 W
2026/07/24 13:34:34.333, 52.01 W
2026/07/24 13:34:35.333, 47.91 W
2026/07/24 13:34:36.333, 47.18 W
2026/07/24 13:34:37.333, 50.58 W
2026/07/24 13:34:38.333, 49.56 W
2026/07/24 13:34:39.333, 46.36 W
2026/07/24 13:34:40.333, 49.38 W
2026/07/24 13:34:41.334, 41.92 W
2026/07/24 13:34:42.334, 45.88 W
2026/07/24 13:34:43.334, 51.73 W
2026/07/24 13:34:44.334, 43.21 W
2026/07/24 13:34:45.334, 50.85 W
2026/07/24 13:34:46.334, 48.15 W
2026/07/24 13:34:47.334, 48.99 W
2026/07/24 13:34:48.334, 47.44 W
2026/07/24 13:34:49.334, 43.81 W
2026/07/24 13:34:50.335, 41.17 W
2026/07/24 13:34:51.335, 52.28 W
2026/07/24 13:34:52.335, 45.68 W
2026/07/24 13:34:53.335, 54.21 W
2026/07/24 13:34:54.335, 49.01 W
2026/07/24 13:34:55.335, 47.78 W
2026/07/24 13:34:56.335, 50.66 W
2026/07/24 13:34:57.335, 41.67 W
2026/07/24 13:34:58.335, 52.22 W
2026/07/24 13:34:59.336, 46.62 W
2026/07/24 13:35:00.336, 50.68 W
2026/07/24 13:35:01.336, 46.09 W
2026/07/24 13:35:02.336, 42.26 W
2026/07/24 13:35:03.336, 42.36 W
2026/07/24 13:35:04.336, 47.49 W
2026/07/24 13:35:05.336, 50.36 W
2026/07/24 13:35:06.336, 45.28 W
2026/07/24 13:35:07.337, 52.78 W
2026/07/24 13:35:08.337, 39.11 W
2026/07/24 13:35:09.337, 38.74 W
2026/07/24 13:35:10.337, 39.99 W
2026/07/24 13:35:11.337, 43.35 W
2026/07/24 13:35:12.337, 45.35 W
2026/07/24 13:35:13.337, 53.56 W
2026/07/24 13:35:14.337, 47.37 W
2026/07/24 13:35:15.338, 43.35 W
2026/07/24 13:35:16.338, 39.65 W
2026/07/24 13:35:17.338, 38.94 W
2026/07/24 13:35:18.338, 44.38 W
2026/07/24 13:35:19.338, 44.60 W
2026/07/24 13:35:20.340, 44.50 W
2026/07/24 13:35:21.340, 43.79 W
2026/07/24 13:35:22.340, 42.87 W
2026/07/24 13:35:23.341, 47.51 W
2026/07/24 13:35:24.341, 45.33 W
2026/07/24 13:35:25.341, 44.92 W
2026/07/24 13:35:26.341, 44.36 W
2026/07/24 13:35:27.341, 40.63 W
2026/07/24 13:35:28.341, 43.78 W
2026/07/24 13:35:29.342, 53.85 W
2026/07/24 13:35:30.342, 47.16 W
2026/07/24 13:35:31.342, 45.17 W
2026/07/24 13:35:32.342, 53.22 W
2026/07/24 13:35:33.342, 44.19 W
2026/07/24 13:35:34.342, 41.22 W
2026/07/24 13:35:35.342, 45.59 W
2026/07/24 13:35:36.342, 53.78 W
2026/07/24 13:35:37.343, 47.19 W
2026/07/24 13:35:38.343, 45.90 W
2026/07/24 13:35:39.343, 53.52 W
2026/07/24 13:35:40.343, 48.21 W
2026/07/24 13:35:41.343, 49.82 W
2026/07/24 13:35:42.343, 43.90 W
2026/07/24 13:35:43.343, 41.46 W
2026/07/24 13:35:44.343, 40.89 W
2026/07/24 13:35:45.343, 43.67 W
2026/07/24 13:35:46.344, 54.20 W
2026/07/24 13:35:47.344, 47.27 W
2026/07/24 13:35:48.344, 44.68 W
2026/07/24 13:35:49.344, 53.74 W
2026/07/24 13:35:50.344, 45.36 W
2026/07/24 13:35:51.344, 41.78 W
2026/07/24 13:35:52.344, 47.83 W
2026/07/24 13:35:53.344, 52.46 W
2026/07/24 13:35:54.345, 46.56 W
2026/07/24 13:35:55.345, 46.04 W
2026/07/24 13:35:56.345, 53.69 W
2026/07/24 13:35:57.345, 44.79 W
2026/07/24 13:35:58.345, 41.62 W
2026/07/24 13:35:59.345, 47.49 W
2026/07/24 13:36:00.345, 53.20 W
2026/07/24 13:36:01.345, 47.18 W
2026/07/24 13:36:02.346, 44.82 W
2026/07/24 13:36:03.346, 50.71 W
2026/07/24 13:36:04.346, 50.27 W
2026/07/24 13:36:05.346, 44.78 W
2026/07/24 13:36:06.346, 44.82 W
2026/07/24 13:36:07.346, 46.54 W
2026/07/24 13:36:08.346, 45.48 W
2026/07/24 13:36:09.346, 55.00 W
2026/07/24 13:36:10.346, 47.33 W
2026/07/24 13:36:11.347, 43.46 W
2026/07/24 13:36:12.347, 41.70 W
2026/07/24 13:36:13.347, 40.80 W
2026/07/24 13:36:14.347, 42.07 W
2026/07/24 13:36:15.347, 54.17 W
2026/07/24 13:36:16.347, 49.99 W
2026/07/24 13:36:17.347, 45.99 W
2026/07/24 13:36:18.347, 43.94 W
2026/07/24 13:36:19.348, 43.29 W
2026/07/24 13:36:20.348, 54.40 W
2026/07/24 13:36:21.348, 46.06 W
2026/07/24 13:36:22.348, 38.19 W
2026/07/24 13:36:23.348, 44.10 W
2026/07/24 13:36:24.348, 42.57 W
2026/07/24 13:36:25.348, 41.04 W
2026/07/24 13:36:26.349, 51.91 W
2026/07/24 13:36:27.349, 51.20 W
2026/07/24 13:36:28.349, 47.25 W
2026/07/24 13:36:29.349, 45.27 W
2026/07/24 13:36:30.349, 46.70 W
2026/07/24 13:36:31.349, 47.01 W
2026/07/24 13:36:32.349, 45.07 W
2026/07/24 13:36:33.350, 52.04 W
2026/07/24 13:36:34.350, 51.04 W
2026/07/24 13:36:35.350, 48.12 W
2026/07/24 13:36:36.350, 49.38 W
2026/07/24 13:36:37.350, 53.43 W
2026/07/24 13:36:38.350, 49.51 W
2026/07/24 13:36:39.351, 46.65 W
2026/07/24 13:36:40.351, 43.85 W
2026/07/24 13:36:41.351, 41.55 W
2026/07/24 13:36:42.351, 40.83 W
2026/07/24 13:36:43.351, 46.81 W
2026/07/24 13:36:44.351, 54.98 W
2026/07/24 13:36:45.351, 48.60 W
2026/07/24 13:36:46.351, 45.33 W
2026/07/24 13:36:47.352, 47.50 W
2026/07/24 13:36:48.352, 48.08 W
2026/07/24 13:36:49.352, 44.56 W
2026/07/24 13:36:50.352, 52.74 W
2026/07/24 13:36:51.352, 51.78 W
2026/07/24 13:36:52.352, 44.25 W
2026/07/24 13:36:53.352, 41.46 W
2026/07/24 13:36:54.352, 45.59 W
2026/07/24 13:36:55.352, 54.99 W
2026/07/24 13:36:56.352, 49.11 W
2026/07/24 13:36:57.353, 45.86 W
2026/07/24 13:36:58.353, 47.90 W
2026/07/24 13:36:59.353, 48.90 W
2026/07/24 13:37:00.353, 47.89 W
2026/07/24 13:37:01.353, 47.62 W
2026/07/24 13:37:02.353, 47.03 W
2026/07/24 13:37:03.353, 47.34 W
2026/07/24 13:37:04.353, 46.90 W
2026/07/24 13:37:05.354, 49.38 W
2026/07/24 13:37:06.354, 49.71 W
2026/07/24 13:37:07.354, 50.21 W
2026/07/24 13:37:08.354, 48.47 W
2026/07/24 13:37:09.354, 44.60 W
2026/07/24 13:37:10.354, 51.25 W
2026/07/24 13:37:11.354, 48.70 W
2026/07/24 13:37:12.355, 51.13 W
2026/07/24 13:37:13.355, 48.91 W
2026/07/24 13:37:14.355, 50.03 W
2026/07/24 13:37:15.355, 48.61 W
2026/07/24 13:37:16.355, 48.29 W
2026/07/24 13:37:17.355, 49.43 W
2026/07/24 13:37:18.355, 48.26 W
2026/07/24 13:37:19.355, 48.44 W
2026/07/24 13:37:20.355, 47.27 W
2026/07/24 13:37:21.356, 48.26 W
2026/07/24 13:37:22.356, 47.27 W
2026/07/24 13:37:23.356, 48.83 W
2026/07/24 13:37:24.356, 47.65 W
2026/07/24 13:37:25.356, 46.94 W
2026/07/24 13:37:26.356, 46.88 W
2026/07/24 13:37:27.356, 47.60 W
2026/07/24 13:37:28.356, 49.28 W
2026/07/24 13:37:29.357, 48.89 W
2026/07/24 13:37:30.357, 51.81 W
2026/07/24 13:37:31.357, 48.58 W
2026/07/24 13:37:32.357, 49.10 W
2026/07/24 13:37:33.357, 49.51 W
2026/07/24 13:37:34.357, 48.85 W
2026/07/24 13:37:35.357, 48.39 W
2026/07/24 13:37:36.357, 48.03 W
2026/07/24 13:37:37.358, 48.52 W
2026/07/24 13:37:38.358, 50.36 W
2026/07/24 13:37:39.358, 50.23 W
2026/07/24 13:37:40.358, 52.36 W
2026/07/24 13:37:41.358, 50.31 W
2026/07/24 13:37:42.358, 50.05 W
2026/07/24 13:37:43.358, 48.55 W
2026/07/24 13:37:44.358, 49.64 W
2026/07/24 13:37:45.358, 47.87 W
2026/07/24 13:37:46.359, 48.77 W
2026/07/24 13:37:47.359, 48.80 W
2026/07/24 13:37:48.359, 47.37 W
2026/07/24 13:37:49.359, 48.43 W
2026/07/24 13:37:50.359, 48.57 W
2026/07/24 13:37:51.359, 48.28 W
2026/07/24 13:37:52.359, 47.24 W
2026/07/24 13:37:53.359, 48.30 W
2026/07/24 13:37:54.359, 48.32 W
2026/07/24 13:37:55.360, 47.40 W
2026/07/24 13:37:56.360, 48.63 W
2026/07/24 13:37:57.360, 47.56 W
2026/07/24 13:37:58.360, 49.23 W
2026/07/24 13:37:59.360, 49.05 W
2026/07/24 13:38:00.360, 48.75 W
2026/07/24 13:38:01.360, 45.13 W
2026/07/24 13:38:02.360, 44.76 W
2026/07/24 13:38:03.360, 48.74 W
2026/07/24 13:38:04.361, 47.17 W
2026/07/24 13:38:05.361, 44.48 W
2026/07/24 13:38:06.361, 50.24 W
2026/07/24 13:38:07.361, 48.08 W
2026/07/24 13:38:08.361, 45.65 W
2026/07/24 13:38:09.361, 47.88 W
2026/07/24 13:38:10.361, 48.27 W
2026/07/24 13:38:11.361, 48.14 W
2026/07/24 13:38:12.361, 49.03 W
2026/07/24 13:38:13.361, 48.69 W
2026/07/24 13:38:14.362, 45.54 W
2026/07/24 13:38:15.362, 48.63 W
2026/07/24 13:38:16.362, 49.70 W
2026/07/24 13:38:17.362, 48.83 W
2026/07/24 13:38:18.362, 49.26 W
2026/07/24 13:38:19.362, 48.24 W
2026/07/24 13:38:20.362, 48.26 W
2026/07/24 13:38:21.362, 44.45 W
2026/07/24 13:38:22.362, 48.09 W
2026/07/24 13:38:23.362, 48.10 W
2026/07/24 13:38:24.363, 47.99 W
2026/07/24 13:38:25.363, 48.48 W
2026/07/24 13:38:26.363, 48.63 W
2026/07/24 13:38:27.363, 48.16 W
2026/07/24 13:38:28.363, 48.78 W
2026/07/24 13:38:29.363, 48.97 W
2026/07/24 13:38:30.363, 48.25 W
2026/07/24 13:38:31.363, 46.02 W
2026/07/24 13:38:32.363, 48.76 W
2026/07/24 13:38:33.363, 48.67 W
2026/07/24 13:38:34.364, 48.80 W
2026/07/24 13:38:35.364, 48.91 W
2026/07/24 13:38:36.364, 48.97 W
2026/07/24 13:38:37.364, 48.68 W
2026/07/24 13:38:38.364, 48.65 W
2026/07/24 13:38:39.364, 48.74 W
2026/07/24 13:38:40.364, 48.60 W
2026/07/24 13:38:41.364, 48.56 W
2026/07/24 13:38:42.364, 48.35 W
2026/07/24 13:38:43.364, 48.36 W
2026/07/24 13:38:44.364, 48.38 W
2026/07/24 13:38:45.364, 48.63 W
2026/07/24 13:38:46.364, 48.54 W
2026/07/24 13:38:47.365, 48.65 W
2026/07/24 13:38:48.365, 48.60 W
2026/07/24 13:38:49.365, 49.55 W
2026/07/24 13:38:50.365, 48.74 W
2026/07/24 13:38:51.365, 46.00 W
2026/07/24 13:38:52.365, 48.52 W
2026/07/24 13:38:53.365, 48.79 W
2026/07/24 13:38:54.365, 49.15 W
2026/07/24 13:38:55.365, 48.86 W
2026/07/24 13:38:56.365, 48.80 W
2026/07/24 13:38:57.365, 48.20 W
2026/07/24 13:38:58.365, 48.44 W
2026/07/24 13:38:59.366, 48.66 W
2026/07/24 13:39:00.366, 48.21 W
2026/07/24 13:39:01.366, 48.82 W
2026/07/24 13:39:02.366, 48.10 W
2026/07/24 13:39:03.366, 48.98 W
2026/07/24 13:39:04.366, 48.61 W
2026/07/24 13:39:05.366, 47.91 W
2026/07/24 13:39:06.366, 48.52 W
2026/07/24 13:39:07.366, 47.57 W
2026/07/24 13:39:08.367, 46.71 W
2026/07/24 13:39:09.367, 48.76 W
2026/07/24 13:39:10.367, 51.04 W
2026/07/24 13:39:11.367, 48.72 W
2026/07/24 13:39:12.367, 48.62 W
2026/07/24 13:39:13.367, 43.15 W
2026/07/24 13:39:14.367, 43.54 W
2026/07/24 13:39:15.367, 49.45 W
2026/07/24 13:39:16.367, 48.75 W
2026/07/24 13:39:17.367, 46.95 W
2026/07/24 13:39:18.368, 44.40 W
2026/07/24 13:39:19.368, 45.75 W
2026/07/24 13:39:20.368, 43.21 W
2026/07/24 13:39:21.368, 49.82 W
2026/07/24 13:39:22.368, 44.06 W
2026/07/24 13:39:23.368, 48.99 W
2026/07/24 13:39:24.368, 48.09 W
2026/07/24 13:39:25.368, 45.63 W
2026/07/24 13:39:26.369, 49.34 W
2026/07/24 13:39:27.369, 47.25 W
2026/07/24 13:39:28.369, 47.60 W
2026/07/24 13:39:29.369, 48.78 W
2026/07/24 13:39:30.369, 48.98 W
2026/07/24 13:39:31.369, 48.91 W
2026/07/24 13:39:32.369, 47.77 W
2026/07/24 13:39:33.369, 46.53 W
2026/07/24 13:39:34.369, 47.44 W
2026/07/24 13:39:35.370, 49.12 W
2026/07/24 13:39:36.370, 50.47 W
2026/07/24 13:39:37.370, 45.67 W
2026/07/24 13:39:38.370, 51.38 W
2026/07/24 13:39:39.370, 47.94 W
2026/07/24 13:39:40.370, 46.32 W
2026/07/24 13:39:41.370, 47.77 W
2026/07/24 13:39:42.370, 43.17 W
2026/07/24 13:39:43.370, 49.65 W
2026/07/24 13:39:44.371, 49.57 W
2026/07/24 13:39:45.371, 48.12 W
2026/07/24 13:39:46.371, 47.28 W
2026/07/24 13:39:47.371, 48.58 W
2026/07/24 13:39:48.371, 49.01 W
2026/07/24 13:39:49.371, 48.96 W
2026/07/24 13:39:50.371, 43.56 W
2026/07/24 13:39:51.371, 42.16 W
2026/07/24 13:39:52.371, 49.24 W
2026/07/24 13:39:53.371, 48.30 W
2026/07/24 13:39:54.372, 45.45 W
2026/07/24 13:39:55.372, 49.93 W
2026/07/24 13:39:56.372, 49.32 W
2026/07/24 13:39:57.372, 46.77 W
2026/07/24 13:39:58.372, 48.73 W
2026/07/24 13:39:59.372, 44.07 W
2026/07/24 13:40:00.372, 51.32 W
2026/07/24 13:40:01.372, 49.02 W
2026/07/24 13:40:02.372, 46.85 W
2026/07/24 13:40:03.372, 49.83 W
2026/07/24 13:40:04.373, 49.71 W
2026/07/24 13:40:05.373, 47.51 W
2026/07/24 13:40:06.373, 42.64 W
2026/07/24 13:40:07.373, 49.67 W
2026/07/24 13:40:08.373, 48.64 W
2026/07/24 13:40:09.373, 44.51 W
2026/07/24 13:40:10.373, 50.12 W
2026/07/24 13:40:11.373, 43.75 W
2026/07/24 13:40:12.373, 50.75 W
2026/07/24 13:40:13.373, 48.52 W
2026/07/24 13:40:14.374, 44.38 W
2026/07/24 13:40:15.374, 43.95 W
2026/07/24 13:40:16.374, 43.81 W
2026/07/24 13:40:17.374, 46.51 W
2026/07/24 13:40:18.374, 53.67 W
2026/07/24 13:40:19.374, 46.72 W
2026/07/24 13:40:20.374, 50.50 W
2026/07/24 13:40:21.375, 48.17 W
2026/07/24 13:40:22.375, 44.72 W
2026/07/24 13:40:23.375, 40.42 W
2026/07/24 13:40:24.375, 41.53 W
2026/07/24 13:40:25.375, 45.26 W
2026/07/24 13:40:26.378, 47.52 W
2026/07/24 13:40:27.378, 45.24 W
2026/07/24 13:40:28.378, 42.59 W
2026/07/24 13:40:29.379, 42.49 W
2026/07/24 13:40:30.379, 44.88 W
2026/07/24 13:40:31.379, 43.73 W
2026/07/24 13:40:32.379, 47.34 W
2026/07/24 13:40:33.379, 44.23 W
2026/07/24 13:40:34.379, 50.79 W
2026/07/24 13:40:35.380, 49.06 W
2026/07/24 13:40:36.380, 44.04 W
2026/07/24 13:40:37.380, 50.03 W
2026/07/24 13:40:38.380, 41.59 W
2026/07/24 13:40:39.380, 50.47 W
2026/07/24 13:40:40.380, 47.71 W
2026/07/24 13:40:41.380, 49.11 W
2026/07/24 13:40:42.380, 48.78 W
2026/07/24 13:40:43.380, 48.35 W
2026/07/24 13:40:44.381, 49.81 W
2026/07/24 13:40:45.381, 44.15 W
2026/07/24 13:40:46.381, 49.51 W
2026/07/24 13:40:47.381, 46.31 W
2026/07/24 13:40:48.381, 50.63 W
2026/07/24 13:40:49.381, 47.39 W
2026/07/24 13:40:50.381, 48.66 W
2026/07/24 13:40:51.381, 49.45 W
2026/07/24 13:40:52.381, 43.29 W
2026/07/24 13:40:53.382, 50.75 W
2026/07/24 13:40:54.382, 45.83 W
2026/07/24 13:40:55.382, 51.19 W
2026/07/24 13:40:56.382, 42.22 W
2026/07/24 13:40:57.382, 50.35 W
2026/07/24 13:40:58.382, 46.38 W
2026/07/24 13:40:59.382, 50.50 W
2026/07/24 13:41:00.382, 46.54 W
2026/07/24 13:41:01.382, 49.94 W
2026/07/24 13:41:02.383, 48.57 W
2026/07/24 13:41:03.383, 46.19 W
2026/07/24 13:41:04.383, 49.16 W
2026/07/24 13:41:05.383, 47.73 W
2026/07/24 13:41:06.383, 50.19 W
2026/07/24 13:41:07.383, 43.53 W
2026/07/24 13:41:08.383, 50.56 W
2026/07/24 13:41:09.383, 46.36 W
2026/07/24 13:41:10.384, 51.03 W
2026/07/24 13:41:11.384, 42.09 W
2026/07/24 13:41:12.384, 51.15 W
2026/07/24 13:41:13.384, 45.64 W
2026/07/24 13:41:14.384, 51.34 W
2026/07/24 13:41:15.384, 43.32 W
2026/07/24 13:41:16.384, 51.69 W
2026/07/24 13:41:17.384, 46.65 W
2026/07/24 13:41:18.384, 50.37 W
2026/07/24 13:41:19.385, 44.85 W
2026/07/24 13:41:20.385, 51.73 W
2026/07/24 13:41:21.385, 46.48 W
2026/07/24 13:41:22.385, 46.40 W
2026/07/24 13:41:23.385, 49.33 W
2026/07/24 13:41:24.385, 45.17 W
2026/07/24 13:41:25.385, 48.79 W
2026/07/24 13:41:26.385, 48.39 W
2026/07/24 13:41:27.385, 48.84 W
2026/07/24 13:41:28.386, 46.32 W
2026/07/24 13:41:29.386, 47.33 W
2026/07/24 13:41:30.386, 49.72 W
2026/07/24 13:41:31.386, 46.78 W
2026/07/24 13:41:32.386, 49.95 W
2026/07/24 13:41:33.386, 44.57 W
2026/07/24 13:41:34.386, 51.87 W
2026/07/24 13:41:35.386, 46.15 W
2026/07/24 13:41:36.387, 50.98 W
2026/07/24 13:41:37.387, 42.15 W
2026/07/24 13:41:38.387, 52.10 W
2026/07/24 13:41:39.387, 45.89 W
2026/07/24 13:41:40.387, 50.67 W
2026/07/24 13:41:41.387, 44.27 W
2026/07/24 13:41:42.387, 48.99 W
2026/07/24 13:41:43.387, 48.57 W
2026/07/24 13:41:44.388, 48.42 W
2026/07/24 13:41:45.388, 47.31 W
2026/07/24 13:41:46.388, 45.62 W
2026/07/24 13:41:47.388, 51.05 W
2026/07/24 13:41:48.388, 45.08 W
2026/07/24 13:41:49.388, 52.31 W
2026/07/24 13:41:50.388, 42.84 W
2026/07/24 13:41:51.388, 49.52 W
2026/07/24 13:41:52.388, 49.56 W
2026/07/24 13:41:53.389, 45.49 W
2026/07/24 13:41:54.389, 52.20 W
2026/07/24 13:41:55.389, 42.85 W
2026/07/24 13:41:56.389, 50.37 W
2026/07/24 13:41:57.389, 48.66 W
2026/07/24 13:41:58.389, 46.56 W
2026/07/24 13:41:59.389, 45.90 W
2026/07/24 13:42:00.389, 44.32 W
2026/07/24 13:42:01.389, 52.94 W
2026/07/24 13:42:02.390, 45.90 W
2026/07/24 13:42:03.390, 51.65 W
2026/07/24 13:42:04.390, 44.79 W
2026/07/24 13:42:05.390, 42.75 W
2026/07/24 13:42:06.390, 47.95 W
2026/07/24 13:42:07.390, 50.58 W
2026/07/24 13:42:08.390, 45.10 W
2026/07/24 13:42:09.390, 52.07 W
2026/07/24 13:42:10.391, 44.31 W
2026/07/24 13:42:11.391, 45.74 W
2026/07/24 13:42:12.391, 52.31 W
2026/07/24 13:42:13.391, 45.83 W
2026/07/24 13:42:14.391, 45.94 W
2026/07/24 13:42:15.391, 46.50 W
2026/07/24 13:42:16.391, 50.62 W
2026/07/24 13:42:17.391, 46.90 W
2026/07/24 13:42:18.391, 41.25 W
2026/07/24 13:42:19.392, 52.13 W
2026/07/24 13:42:20.392, 47.58 W
2026/07/24 13:42:21.392, 47.92 W
2026/07/24 13:42:22.392, 51.03 W
2026/07/24 13:42:23.392, 42.23 W
2026/07/24 13:42:24.392, 50.49 W
2026/07/24 13:42:25.392, 49.98 W
2026/07/24 13:42:26.392, 45.83 W
2026/07/24 13:42:27.393, 50.91 W
2026/07/24 13:42:28.393, 46.18 W
2026/07/24 13:42:29.393, 41.35 W
2026/07/24 13:42:30.393, 44.93 W
2026/07/24 13:42:31.393, 45.69 W
2026/07/24 13:42:32.393, 46.36 W
2026/07/24 13:42:33.394, 42.31 W
2026/07/24 13:42:34.394, 40.85 W
2026/07/24 13:42:35.394, 42.97 W
2026/07/24 13:42:36.394, 53.74 W
2026/07/24 13:42:37.394, 48.34 W
2026/07/24 13:42:38.394, 46.40 W
2026/07/24 13:42:39.394, 49.30 W
2026/07/24 13:42:40.394, 53.43 W
2026/07/24 13:42:41.394, 45.85 W
2026/07/24 13:42:42.394, 41.54 W
2026/07/24 13:42:43.394, 42.94 W
2026/07/24 13:42:44.395, 53.63 W
2026/07/24 13:42:45.395, 50.31 W
2026/07/24 13:42:46.395, 46.94 W
2026/07/24 13:42:47.395, 45.04 W
2026/07/24 13:42:48.395, 52.91 W
2026/07/24 13:42:49.395, 46.86 W
2026/07/24 13:42:50.395, 41.49 W
2026/07/24 13:42:51.395, 47.12 W
2026/07/24 13:42:52.395, 52.93 W
2026/07/24 13:42:53.395, 47.10 W
2026/07/24 13:42:54.396, 44.78 W
2026/07/24 13:42:55.396, 47.06 W
2026/07/24 13:42:56.396, 43.56 W
2026/07/24 13:42:57.396, 44.02 W
2026/07/24 13:42:58.396, 41.04 W
2026/07/24 13:42:59.396, 46.31 W
2026/07/24 13:43:00.396, 45.56 W
2026/07/24 13:43:01.396, 46.46 W
2026/07/24 13:43:02.396, 44.83 W
2026/07/24 13:43:03.396, 52.24 W
2026/07/24 13:43:04.397, 48.84 W
2026/07/24 13:43:05.397, 45.99 W
2026/07/24 13:43:06.397, 41.97 W
2026/07/24 13:43:07.397, 44.17 W
2026/07/24 13:43:08.397, 55.20 W
2026/07/24 13:43:09.397, 50.66 W
2026/07/24 13:43:10.397, 46.34 W
2026/07/24 13:43:11.397, 45.08 W
2026/07/24 13:43:12.397, 49.17 W
2026/07/24 13:43:13.397, 52.59 W
2026/07/24 13:43:14.398, 43.96 W
2026/07/24 13:43:15.398, 40.96 W
2026/07/24 13:43:16.398, 47.60 W
2026/07/24 13:43:17.398, 54.32 W
2026/07/24 13:43:18.398, 52.11 W
2026/07/24 13:43:19.398, 48.69 W
2026/07/24 13:43:20.398, 45.54 W
2026/07/24 13:43:21.398, 45.94 W
2026/07/24 13:43:22.398, 55.08 W
2026/07/24 13:43:23.399, 47.68 W
2026/07/24 13:43:24.399, 43.64 W
2026/07/24 13:43:25.399, 38.05 W
2026/07/24 13:43:26.399, 41.90 W
2026/07/24 13:43:27.399, 45.07 W
2026/07/24 13:43:28.399, 44.60 W
2026/07/24 13:43:29.399, 50.22 W
2026/07/24 13:43:30.399, 49.01 W
2026/07/24 13:43:31.399, 47.52 W
2026/07/24 13:43:32.399, 49.59 W
2026/07/24 13:43:33.400, 49.63 W
2026/07/24 13:43:34.400, 49.35 W
2026/07/24 13:43:35.400, 49.42 W
2026/07/24 13:43:36.400, 49.99 W
2026/07/24 13:43:37.400, 49.35 W
2026/07/24 13:43:38.400, 49.30 W
2026/07/24 13:43:39.400, 49.55 W
2026/07/24 13:43:40.400, 49.44 W
2026/07/24 13:43:41.400, 49.53 W
2026/07/24 13:43:42.400, 49.38 W
2026/07/24 13:43:43.401, 49.41 W
2026/07/24 13:43:44.401, 49.16 W
2026/07/24 13:43:45.401, 48.17 W
2026/07/24 13:43:46.401, 48.83 W
2026/07/24 13:43:47.401, 49.47 W
2026/07/24 13:43:48.401, 49.72 W
2026/07/24 13:43:49.401, 49.83 W
2026/07/24 13:43:50.401, 49.16 W
2026/07/24 13:43:51.401, 49.13 W
2026/07/24 13:43:52.401, 48.94 W
2026/07/24 13:43:53.402, 48.70 W
2026/07/24 13:43:54.402, 48.40 W
2026/07/24 13:43:55.402, 49.23 W
2026/07/24 13:43:56.402, 49.03 W
2026/07/24 13:43:57.402, 49.56 W
2026/07/24 13:43:58.402, 48.92 W
2026/07/24 13:43:59.402, 45.17 W
2026/07/24 13:44:00.402, 50.00 W
2026/07/24 13:44:01.402, 49.49 W
2026/07/24 13:44:02.402, 48.69 W
2026/07/24 13:44:03.403, 48.43 W
2026/07/24 13:44:04.403, 48.47 W
2026/07/24 13:44:05.403, 50.12 W
2026/07/24 13:44:06.403, 49.57 W
2026/07/24 13:44:07.403, 47.86 W
2026/07/24 13:44:08.403, 47.83 W
2026/07/24 13:44:09.403, 46.62 W
2026/07/24 13:44:10.403, 50.42 W
2026/07/24 13:44:11.403, 47.62 W
2026/07/24 13:44:12.403, 50.31 W
2026/07/24 13:44:13.404, 48.61 W
2026/07/24 13:44:14.404, 49.24 W
2026/07/24 13:44:15.404, 51.33 W
2026/07/24 13:44:16.404, 48.03 W
2026/07/24 13:44:17.404, 49.50 W
2026/07/24 13:44:18.404, 49.63 W
2026/07/24 13:44:19.404, 45.44 W
2026/07/24 13:44:20.404, 46.72 W
2026/07/24 13:44:21.404, 49.81 W
2026/07/24 13:44:22.404, 49.56 W
2026/07/24 13:44:23.404, 49.38 W
2026/07/24 13:44:24.405, 49.40 W
2026/07/24 13:44:25.405, 47.38 W
2026/07/24 13:44:26.405, 49.25 W
2026/07/24 13:44:27.405, 49.54 W
2026/07/24 13:44:28.405, 47.17 W
2026/07/24 13:44:29.405, 48.64 W
2026/07/24 13:44:30.405, 50.08 W
2026/07/24 13:44:31.405, 50.03 W
2026/07/24 13:44:32.405, 48.79 W
2026/07/24 13:44:33.405, 47.08 W
2026/07/24 13:44:34.406, 49.36 W
2026/07/24 13:44:35.406, 42.79 W
2026/07/24 13:44:36.406, 50.04 W
2026/07/24 13:44:37.406, 50.21 W
2026/07/24 13:44:38.406, 48.47 W
2026/07/24 13:44:39.406, 48.09 W
2026/07/24 13:44:40.406, 51.63 W
2026/07/24 13:44:41.406, 48.77 W
2026/07/24 13:44:42.406, 47.62 W
2026/07/24 13:44:43.406, 47.20 W
2026/07/24 13:44:44.406, 44.57 W
2026/07/24 13:44:45.407, 49.06 W
2026/07/24 13:44:46.407, 49.96 W
2026/07/24 13:44:47.407, 50.29 W
2026/07/24 13:44:48.407, 47.56 W
2026/07/24 13:44:49.407, 50.05 W
2026/07/24 13:44:50.407, 49.13 W
2026/07/24 13:44:51.407, 50.10 W
2026/07/24 13:44:52.407, 50.63 W
2026/07/24 13:44:53.407, 47.43 W
2026/07/24 13:44:54.407, 48.57 W
2026/07/24 13:44:55.408, 51.01 W
2026/07/24 13:44:56.408, 47.61 W
2026/07/24 13:44:57.408, 48.52 W
2026/07/24 13:44:58.408, 50.10 W
2026/07/24 13:44:59.408, 49.23 W
2026/07/24 13:45:00.408, 48.64 W
2026/07/24 13:45:01.408, 48.11 W
2026/07/24 13:45:02.408, 50.28 W
2026/07/24 13:45:03.408, 49.26 W
2026/07/24 13:45:04.408, 45.64 W
2026/07/24 13:45:05.409, 50.09 W
2026/07/24 13:45:06.409, 49.94 W
2026/07/24 13:45:07.409, 45.67 W
2026/07/24 13:45:08.409, 50.92 W
2026/07/24 13:45:09.409, 50.15 W
2026/07/24 13:45:10.409, 47.12 W
2026/07/24 13:45:11.409, 49.28 W
2026/07/24 13:45:12.409, 50.30 W
2026/07/24 13:45:13.409, 48.12 W
2026/07/24 13:45:14.409, 45.43 W
2026/07/24 13:45:15.410, 43.39 W
2026/07/24 13:45:16.410, 47.03 W
2026/07/24 13:45:17.410, 47.55 W
2026/07/24 13:45:18.410, 45.28 W
2026/07/24 13:45:19.410, 50.63 W
2026/07/24 13:45:20.410, 49.60 W
2026/07/24 13:45:21.410, 44.49 W
2026/07/24 13:45:22.410, 46.84 W
2026/07/24 13:45:23.410, 45.55 W
2026/07/24 13:45:24.410, 48.67 W
2026/07/24 13:45:25.411, 47.19 W
2026/07/24 13:45:26.411, 48.91 W
2026/07/24 13:45:27.411, 50.40 W
2026/07/24 13:45:28.411, 45.83 W
2026/07/24 13:45:29.411, 50.39 W
2026/07/24 13:45:30.411, 47.58 W
2026/07/24 13:45:31.411, 48.26 W
2026/07/24 13:45:32.411, 50.40 W
2026/07/24 13:45:33.411, 48.29 W
2026/07/24 13:45:34.411, 47.78 W
2026/07/24 13:45:35.412, 50.50 W
2026/07/24 13:45:36.412, 48.84 W
2026/07/24 13:45:37.412, 47.19 W
2026/07/24 13:45:38.412, 50.34 W
2026/07/24 13:45:39.412, 48.48 W
2026/07/24 13:45:40.412, 47.54 W
2026/07/24 13:45:41.412, 50.23 W
2026/07/24 13:45:42.412, 46.44 W
2026/07/24 13:45:43.412, 50.38 W
2026/07/24 13:45:44.412, 48.91 W
2026/07/24 13:45:45.413, 46.22 W
2026/07/24 13:45:46.413, 50.88 W
2026/07/24 13:45:47.413, 47.03 W
2026/07/24 13:45:48.413, 49.51 W
2026/07/24 13:45:49.413, 49.55 W
2026/07/24 13:45:50.413, 46.47 W
2026/07/24 13:45:51.413, 51.11 W
2026/07/24 13:45:52.413, 48.97 W
2026/07/24 13:45:53.413, 47.38 W
2026/07/24 13:45:54.413, 50.90 W
2026/07/24 13:45:55.414, 47.12 W
2026/07/24 13:45:56.414, 49.42 W
2026/07/24 13:45:57.414, 48.85 W
2026/07/24 13:45:58.414, 45.82 W
2026/07/24 13:45:59.414, 50.71 W
2026/07/24 13:46:00.414, 47.65 W
2026/07/24 13:46:01.414, 49.19 W
2026/07/24 13:46:02.415, 50.21 W
2026/07/24 13:46:03.415, 46.57 W
2026/07/24 13:46:04.415, 50.69 W
2026/07/24 13:46:05.415, 46.03 W
2026/07/24 13:46:06.415, 50.28 W
2026/07/24 13:46:07.415, 49.59 W
2026/07/24 13:46:08.415, 44.18 W
2026/07/24 13:46:09.415, 49.41 W
2026/07/24 13:46:10.415, 43.88 W
2026/07/24 13:46:11.415, 48.82 W
2026/07/24 13:46:12.415, 51.43 W
2026/07/24 13:46:13.416, 46.18 W
2026/07/24 13:46:14.416, 51.27 W
2026/07/24 13:46:15.416, 47.68 W
2026/07/24 13:46:16.416, 48.98 W
2026/07/24 13:46:17.416, 50.16 W
2026/07/24 13:46:18.416, 43.90 W
2026/07/24 13:46:19.417, 51.67 W
2026/07/24 13:46:20.417, 45.99 W
2026/07/24 13:46:21.417, 51.32 W
2026/07/24 13:46:22.417, 47.78 W
2026/07/24 13:46:23.417, 49.15 W
2026/07/24 13:46:24.417, 50.26 W
2026/07/24 13:46:25.417, 43.22 W
2026/07/24 13:46:26.418, 51.71 W
2026/07/24 13:46:27.418, 46.92 W
2026/07/24 13:46:28.418, 49.52 W
2026/07/24 13:46:29.418, 49.06 W
2026/07/24 13:46:30.418, 48.32 W
2026/07/24 13:46:31.418, 49.94 W
2026/07/24 13:46:32.418, 44.67 W
2026/07/24 13:46:33.418, 41.57 W
2026/07/24 13:46:34.418, 50.29 W
2026/07/24 13:46:35.419, 43.60 W
2026/07/24 13:46:36.419, 51.74 W
2026/07/24 13:46:37.419, 48.94 W
2026/07/24 13:46:38.419, 53.43 W
2026/07/24 13:46:39.419, 47.82 W
2026/07/24 13:46:40.419, 44.73 W
2026/07/24 13:46:41.419, 51.51 W
2026/07/24 13:46:42.419, 45.59 W
2026/07/24 13:46:43.419, 50.86 W
2026/07/24 13:46:44.420, 48.84 W
2026/07/24 13:46:45.420, 45.89 W
2026/07/24 13:46:46.420, 50.61 W
2026/07/24 13:46:47.420, 47.30 W
2026/07/24 13:46:48.420, 50.95 W
2026/07/24 13:46:49.420, 42.12 W
2026/07/24 13:46:50.420, 51.49 W
2026/07/24 13:46:51.420, 45.64 W
2026/07/24 13:46:52.420, 51.50 W
2026/07/24 13:46:53.420, 43.52 W
2026/07/24 13:46:54.421, 51.83 W
2026/07/24 13:46:55.421, 48.35 W
2026/07/24 13:46:56.421, 48.88 W
2026/07/24 13:46:57.421, 49.08 W
2026/07/24 13:46:58.421, 48.20 W
2026/07/24 13:46:59.421, 50.03 W
2026/07/24 13:47:00.421, 43.64 W
2026/07/24 13:47:01.421, 50.95 W
2026/07/24 13:47:02.421, 48.13 W
2026/07/24 13:47:03.422, 50.12 W
2026/07/24 13:47:04.422, 44.59 W
2026/07/24 13:47:05.422, 51.58 W
2026/07/24 13:47:06.422, 49.53 W
2026/07/24 13:47:07.422, 48.97 W
2026/07/24 13:47:08.422, 47.96 W
2026/07/24 13:47:09.422, 48.27 W
2026/07/24 13:47:10.422, 49.34 W
2026/07/24 13:47:11.423, 49.01 W
2026/07/24 13:47:12.423, 46.43 W
2026/07/24 13:47:13.423, 48.78 W
2026/07/24 13:47:14.423, 48.93 W
2026/07/24 13:47:15.423, 48.87 W
2026/07/24 13:47:16.423, 46.92 W
2026/07/24 13:47:17.423, 46.07 W
2026/07/24 13:47:18.423, 52.66 W
2026/07/24 13:47:19.424, 46.01 W
2026/07/24 13:47:20.424, 51.84 W
2026/07/24 13:47:21.424, 39.22 W
2026/07/24 13:47:22.424, 25.84 W
2026/07/24 13:47:23.424, 21.91 W
2026/07/24 13:47:24.424, 21.90 W
2026/07/24 13:47:25.424, 21.85 W
2026/07/24 13:47:26.425, 21.75 W
2026/07/24 13:47:27.425, 21.70 W
2026/07/24 13:47:28.425, 21.70 W
2026/07/24 13:47:29.425, 21.66 W
2026/07/24 13:47:30.425, 21.61 W
2026/07/24 13:47:31.425, 21.61 W
2026/07/24 13:47:32.425, 21.56 W
2026/07/24 13:47:33.425, 21.51 W
2026/07/24 13:47:34.426, 21.52 W
2026/07/24 13:47:35.426, 21.52 W
2026/07/24 13:47:36.426, 21.47 W
2026/07/24 13:47:37.426, 21.42 W
2026/07/24 13:47:38.426, 21.33 W
2026/07/24 13:47:39.426, 21.23 W
2026/07/24 13:47:40.426, 21.23 W
2026/07/24 13:47:41.426, 21.23 W
2026/07/24 13:47:42.426, 21.23 W
2026/07/24 13:47:43.426, 21.23 W
2026/07/24 13:47:44.427, 21.23 W
2026/07/24 13:47:45.427, 21.18 W
2026/07/24 13:47:46.427, 21.13 W
2026/07/24 13:47:47.427, 21.13 W
2026/07/24 13:47:48.427, 21.13 W
2026/07/24 13:47:49.427, 21.13 W
2026/07/24 13:47:50.427, 21.13 W
2026/07/24 13:47:51.427, 21.08 W
2026/07/24 13:47:52.428, 21.08 W
2026/07/24 13:47:53.428, 21.08 W
2026/07/24 13:47:54.428, 21.03 W
2026/07/24 13:47:55.428, 21.03 W
2026/07/24 13:47:56.428, 21.03 W
2026/07/24 13:47:57.428, 21.03 W
2026/07/24 13:47:58.428, 21.03 W
2026/07/24 13:47:59.428, 21.03 W
2026/07/24 13:48:00.428, 21.03 W
2026/07/24 13:48:01.428, 21.03 W
2026/07/24 13:48:02.428, 21.03 W
2026/07/24 13:48:03.429, 21.03 W
2026/07/24 13:48:04.429, 21.03 W
2026/07/24 13:48:05.429, 20.99 W
2026/07/24 13:48:06.429, 20.99 W
2026/07/24 13:48:07.429, 20.99 W
2026/07/24 13:48:08.429, 20.94 W
2026/07/24 13:48:09.429, 20.94 W
2026/07/24 13:48:10.429, 20.99 W
2026/07/24 13:48:11.429, 21.03 W
2026/07/24 13:48:12.429, 20.99 W
2026/07/24 13:48:13.429, 20.94 W
2026/07/24 13:48:14.430, 20.94 W
2026/07/24 13:48:15.430, 20.94 W
2026/07/24 13:48:16.430, 20.94 W
2026/07/24 13:48:17.430, 20.94 W
2026/07/24 13:48:18.430, 20.94 W
2026/07/24 13:48:19.430, 20.94 W
2026/07/24 13:48:20.430, 20.94 W
2026/07/24 13:48:21.430, 20.94 W
2026/07/24 13:48:22.430, 20.94 W
2026/07/24 13:48:23.430, 20.94 W
2026/07/24 13:48:24.430, 20.94 W
2026/07/24 13:48:25.431, 20.94 W
2026/07/24 13:48:26.431, 20.94 W
2026/07/24 13:48:27.431, 20.94 W
2026/07/24 13:48:28.431, 20.94 W
2026/07/24 13:48:29.431, 20.94 W
2026/07/24 13:48:30.431, 20.94 W
2026/07/24 13:48:31.431, 20.94 W
2026/07/24 13:48:32.431, 20.94 W
2026/07/24 13:48:33.431, 20.94 W
2026/07/24 13:48:34.431, 20.94 W
2026/07/24 13:48:35.432, 20.94 W
2026/07/24 13:48:36.432, 20.94 W
2026/07/24 13:48:37.432, 20.94 W
2026/07/24 13:48:38.432, 20.94 W
2026/07/24 13:48:39.432, 20.94 W
2026/07/24 13:48:40.432, 20.94 W
2026/07/24 13:48:41.432, 20.94 W
2026/07/24 13:48:42.432, 20.89 W
2026/07/24 13:48:43.432, 20.84 W
2026/07/24 13:48:44.432, 20.84 W
2026/07/24 13:48:45.432, 20.84 W
2026/07/24 13:48:46.433, 20.89 W
2026/07/24 13:48:47.433, 20.94 W
2026/07/24 13:48:48.433, 20.94 W
2026/07/24 13:48:49.433, 20.89 W
2026/07/24 13:48:50.433, 20.89 W
2026/07/24 13:48:51.433, 20.89 W
2026/07/24 13:48:52.433, 20.89 W
2026/07/24 13:48:53.433, 20.89 W
2026/07/24 13:48:54.433, 20.84 W
2026/07/24 13:48:55.434, 20.84 W
2026/07/24 13:48:56.434, 20.84 W
2026/07/24 13:48:57.434, 20.84 W
2026/07/24 13:48:58.434, 20.84 W
2026/07/24 13:48:59.434, 20.84 W
2026/07/24 13:49:00.434, 20.84 W
2026/07/24 13:49:01.434, 20.84 W
2026/07/24 13:49:02.434, 20.84 W
2026/07/24 13:49:03.434, 20.84 W
2026/07/24 13:49:04.435, 20.84 W
2026/07/24 13:49:05.435, 20.84 W
2026/07/24 13:49:06.435, 20.84 W
2026/07/24 13:49:07.435, 20.84 W
2026/07/24 13:49:08.435, 20.84 W
2026/07/24 13:49:09.435, 20.84 W
2026/07/24 13:49:10.435, 20.84 W
2026/07/24 13:49:11.435, 20.84 W
2026/07/24 13:49:12.435, 20.84 W
2026/07/24 13:49:13.435, 20.84 W
2026/07/24 13:49:14.436, 20.84 W
2026/07/24 13:49:15.436, 20.84 W
2026/07/24 13:49:16.436, 20.84 W
2026/07/24 13:49:17.436, 20.84 W
2026/07/24 13:49:18.436, 20.84 W
2026/07/24 13:49:19.436, 20.84 W
2026/07/24 13:49:20.436, 20.84 W
2026/07/24 13:49:21.436, 20.84 W
2026/07/24 13:49:22.436, 20.84 W
2026/07/24 13:49:23.436, 20.84 W
2026/07/24 13:49:24.437, 20.84 W
2026/07/24 13:49:25.437, 20.84 W
2026/07/24 13:49:26.437, 20.84 W
2026/07/24 13:49:27.437, 20.84 W
2026/07/24 13:49:28.437, 20.84 W
2026/07/24 13:49:29.437, 20.84 W
2026/07/24 13:49:30.437, 20.84 W
2026/07/24 13:49:31.437, 20.84 W
2026/07/24 13:49:32.438, 20.84 W
2026/07/24 13:49:33.438, 20.84 W
2026/07/24 13:49:34.438, 20.84 W
2026/07/24 13:49:35.438, 20.84 W
2026/07/24 13:49:36.438, 20.84 W
2026/07/24 13:49:37.438, 20.84 W
2026/07/24 13:49:38.438, 20.84 W
2026/07/24 13:49:39.438, 20.84 W
2026/07/24 13:49:40.438, 20.84 W
2026/07/24 13:49:41.438, 20.84 W
2026/07/24 13:49:42.439, 20.84 W
2026/07/24 13:49:43.439, 20.84 W
2026/07/24 13:49:44.439, 20.84 W
2026/07/24 13:49:45.439, 20.84 W
2026/07/24 13:49:46.439, 20.84 W
2026/07/24 13:49:47.439, 20.84 W
2026/07/24 13:49:48.439, 20.84 W
2026/07/24 13:49:49.440, 20.84 W
2026/07/24 13:49:50.440, 20.84 W
2026/07/24 13:49:51.440, 20.84 W
2026/07/24 13:49:52.440, 20.84 W
2026/07/24 13:49:53.440, 20.84 W
2026/07/24 13:49:54.440, 20.84 W
2026/07/24 13:49:55.440, 20.84 W
2026/07/24 13:49:56.440, 20.84 W
2026/07/24 13:49:57.440, 20.84 W
2026/07/24 13:49:58.440, 20.84 W
2026/07/24 13:49:59.440, 20.84 W
2026/07/24 13:50:00.441, 20.84 W
2026/07/24 13:50:01.441, 20.84 W
2026/07/24 13:50:02.441, 20.84 W
2026/07/24 13:50:03.441, 20.84 W
2026/07/24 13:50:04.441, 20.84 W
2026/07/24 13:50:05.441, 20.84 W
2026/07/24 13:50:06.441, 20.84 W
2026/07/24 13:50:07.441, 20.84 W
2026/07/24 13:50:08.441, 20.84 W
2026/07/24 13:50:09.442, 20.84 W
2026/07/24 13:50:10.442, 20.84 W
2026/07/24 13:50:11.442, 20.84 W
2026/07/24 13:50:12.442, 20.84 W
2026/07/24 13:50:13.442, 20.84 W
2026/07/24 13:50:14.442, 20.84 W
2026/07/24 13:50:15.442, 20.84 W
2026/07/24 13:50:16.442, 20.84 W
2026/07/24 13:50:17.442, 20.84 W
2026/07/24 13:50:18.442, 20.84 W
2026/07/24 13:50:19.443, 20.84 W
2026/07/24 13:50:20.443, 20.84 W
2026/07/24 13:50:21.443, 20.84 W
2026/07/24 13:50:22.443, 20.84 W
2026/07/24 13:50:23.443, 20.84 W
2026/07/24 13:50:24.443, 20.79 W
2026/07/24 13:50:25.443, 20.74 W
2026/07/24 13:50:26.443, 20.74 W
2026/07/24 13:50:27.443, 20.74 W
2026/07/24 13:50:28.443, 20.74 W
2026/07/24 13:50:29.444, 20.74 W
2026/07/24 13:50:30.444, 20.74 W
2026/07/24 13:50:31.444, 20.74 W
2026/07/24 13:50:32.444, 20.74 W
2026/07/24 13:50:33.444, 20.74 W
2026/07/24 13:50:34.444, 20.74 W
2026/07/24 13:50:35.444, 20.74 W
2026/07/24 13:50:36.444, 20.74 W
2026/07/24 13:50:37.445, 20.74 W
2026/07/24 13:50:38.445, 20.74 W
2026/07/24 13:50:39.445, 20.74 W
2026/07/24 13:50:40.445, 20.79 W
2026/07/24 13:50:41.445, 20.84 W
2026/07/24 13:50:42.445, 20.84 W
2026/07/24 13:50:43.445, 20.84 W
2026/07/24 13:50:44.445, 20.84 W
2026/07/24 13:50:45.446, 20.79 W
2026/07/24 13:50:46.446, 20.79 W
2026/07/24 13:50:47.446, 20.84 W
2026/07/24 13:50:48.446, 20.84 W
2026/07/24 13:50:49.446, 20.84 W
2026/07/24 13:50:50.446, 20.84 W
2026/07/24 13:50:51.446, 20.84 W
2026/07/24 13:50:52.446, 20.84 W
2026/07/24 13:50:53.446, 20.79 W
2026/07/24 13:50:54.446, 20.79 W
2026/07/24 13:50:55.446, 20.84 W
2026/07/24 13:50:56.447, 20.84 W
2026/07/24 13:50:57.447, 20.84 W
2026/07/24 13:50:58.447, 20.84 W
2026/07/24 13:50:59.447, 20.79 W
2026/07/24 13:51:00.447, 20.79 W
2026/07/24 13:51:01.447, 20.84 W
2026/07/24 13:51:02.447, 20.79 W
2026/07/24 13:51:03.447, 20.74 W
2026/07/24 13:51:04.447, 20.79 W
2026/07/24 13:51:05.448, 20.79 W
2026/07/24 13:51:06.448, 20.79 W
2026/07/24 13:51:07.448, 20.84 W
2026/07/24 13:51:08.448, 20.84 W
2026/07/24 13:51:09.448, 20.84 W
2026/07/24 13:51:10.448, 20.79 W
2026/07/24 13:51:11.448, 20.74 W
2026/07/24 13:51:12.448, 20.79 W
2026/07/24 13:51:13.448, 20.84 W
2026/07/24 13:51:14.448, 20.79 W
2026/07/24 13:51:15.448, 20.79 W
2026/07/24 13:51:16.449, 20.79 W
2026/07/24 13:51:17.449, 20.74 W
2026/07/24 13:51:18.449, 20.79 W
2026/07/24 13:51:19.449, 20.79 W
2026/07/24 13:51:20.449, 20.74 W
2026/07/24 13:51:21.449, 20.79 W
2026/07/24 13:51:22.449, 20.79 W
2026/07/24 13:51:23.449, 20.79 W
2026/07/24 13:51:24.449, 20.79 W
2026/07/24 13:51:25.449, 20.74 W
2026/07/24 13:51:26.450, 20.79 W
2026/07/24 13:51:27.450, 20.79 W
2026/07/24 13:51:28.450, 20.79 W
2026/07/24 13:51:29.450, 20.84 W
2026/07/24 13:51:30.450, 20.79 W
2026/07/24 13:51:31.450, 20.79 W
2026/07/24 13:51:32.450, 20.84 W
2026/07/24 13:51:33.450, 20.84 W
2026/07/24 13:51:34.451, 20.79 W
2026/07/24 13:51:35.451, 20.74 W
2026/07/24 13:51:36.451, 20.79 W
2026/07/24 13:51:37.451, 20.79 W
2026/07/24 13:51:38.451, 20.74 W
2026/07/24 13:51:39.451, 20.79 W
2026/07/24 13:51:40.451, 20.79 W
2026/07/24 13:51:41.451, 20.79 W
2026/07/24 13:51:42.451, 20.79 W
2026/07/24 13:51:43.451, 20.79 W
2026/07/24 13:51:44.451, 20.79 W
2026/07/24 13:51:45.452, 20.79 W
2026/07/24 13:51:46.452, 20.79 W
2026/07/24 13:51:47.452, 20.74 W
2026/07/24 13:51:48.452, 20.74 W
2026/07/24 13:51:49.452, 20.74 W
2026/07/24 13:51:50.452, 20.74 W
2026/07/24 13:51:51.452, 20.79 W
2026/07/24 13:51:52.452, 20.79 W
2026/07/24 13:51:53.453, 20.74 W
2026/07/24 13:51:54.453, 20.79 W
2026/07/24 13:51:55.453, 20.79 W
2026/07/24 13:51:56.453, 20.74 W
2026/07/24 13:51:57.453, 20.79 W
2026/07/24 13:51:58.453, 20.79 W
2026/07/24 13:51:59.453, 20.74 W
2026/07/24 13:52:00.453, 20.74 W
2026/07/24 13:52:01.453, 20.74 W
2026/07/24 13:52:02.454, 20.74 W
2026/07/24 13:52:03.454, 20.74 W
2026/07/24 13:52:04.454, 20.74 W
2026/07/24 13:52:05.454, 20.74 W
2026/07/24 13:52:06.454, 20.74 W
2026/07/24 13:52:07.454, 20.74 W
2026/07/24 13:52:08.454, 20.74 W
2026/07/24 13:52:09.454, 20.74 W
2026/07/24 13:52:10.454, 20.74 W
2026/07/24 13:52:11.455, 20.74 W
2026/07/24 13:52:12.455, 20.74 W
2026/07/24 13:52:13.455, 20.74 W
2026/07/24 13:52:14.455, 20.74 W
2026/07/24 13:52:15.455, 20.74 W
2026/07/24 13:52:16.455, 20.74 W
2026/07/24 13:52:17.455, 20.74 W
2026/07/24 13:52:18.455, 20.74 W
2026/07/24 13:52:19.455, 20.74 W
2026/07/24 13:52:20.455, 20.74 W
2026/07/24 13:52:21.456, 20.85 W
2026/07/24 13:52:22.456, 22.93 W
2026/07/24 13:52:23.456, 21.59 W
2026/07/24 13:52:24.456, 15.99 W
2026/07/24 13:52:25.456, 15.45 W
2026/07/24 13:52:26.456, 15.40 W
2026/07/24 13:52:27.456, 15.40 W
2026/07/24 13:52:28.456, 15.40 W
2026/07/24 13:52:29.457, 15.40 W
2026/07/24 13:52:30.457, 12.18 W
2026/07/24 13:52:31.457, 8.95 W
2026/07/24 13:52:32.457, 8.90 W
2026/07/24 13:52:33.457, 8.86 W
2026/07/24 13:52:34.457, 8.86 W
2026/07/24 13:52:35.457, 8.86 W
2026/07/24 13:52:36.457, 8.86 W
2026/07/24 13:52:37.457, 8.86 W
2026/07/24 13:52:38.458, 8.86 W
2026/07/24 13:52:39.458, 8.86 W
2026/07/24 13:52:40.458, 8.85 W
2026/07/24 13:52:41.458, 8.86 W
2026/07/24 13:52:42.458, 8.86 W
2026/07/24 13:52:43.458, 8.86 W
2026/07/24 13:52:44.458, 8.86 W
2026/07/24 13:52:45.458, 8.86 W
2026/07/24 13:52:46.458, 8.86 W
2026/07/24 13:52:47.458, 8.86 W
2026/07/24 13:52:48.459, 8.86 W
2026/07/24 13:52:49.459, 8.86 W
2026/07/24 13:52:50.459, 8.86 W
2026/07/24 13:52:51.459, 8.86 W
2026/07/24 13:52:52.459, 8.86 W
2026/07/24 13:52:53.459, 8.86 W
2026/07/24 13:52:54.459, 8.81 W
2026/07/24 13:52:55.459, 8.76 W
2026/07/24 13:52:56.459, 8.76 W
2026/07/24 13:52:57.459, 8.81 W
2026/07/24 13:52:58.460, 8.81 W
2026/07/24 13:52:59.460, 8.76 W
2026/07/24 13:53:00.460, 8.76 W
2026/07/24 13:53:01.460, 8.76 W
2026/07/24 13:53:02.460, 8.76 W
2026/07/24 13:53:03.460, 8.76 W
2026/07/24 13:53:04.460, 8.76 W
2026/07/24 13:53:05.461, 8.76 W
2026/07/24 13:53:06.461, 8.76 W
2026/07/24 13:53:07.461, 8.76 W
2026/07/24 13:53:08.461, 8.76 W
2026/07/24 13:53:09.461, 8.76 W
2026/07/24 13:53:10.461, 8.76 W
2026/07/24 13:53:11.461, 8.76 W
2026/07/24 13:53:12.462, 8.76 W
2026/07/24 13:53:13.462, 8.76 W
2026/07/24 13:53:14.462, 8.76 W
2026/07/24 13:53:15.462, 8.76 W
2026/07/24 13:53:16.462, 8.76 W
2026/07/24 13:53:17.462, 8.76 W
2026/07/24 13:53:18.462, 8.76 W
2026/07/24 13:53:19.462, 8.76 W
2026/07/24 13:53:20.462, 8.76 W
2026/07/24 13:53:21.463, 8.76 W
2026/07/24 13:53:22.463, 8.76 W
2026/07/24 13:53:23.463, 8.76 W
2026/07/24 13:53:24.463, 8.76 W
2026/07/24 13:53:25.463, 8.76 W
2026/07/24 13:53:26.463, 8.76 W
2026/07/24 13:53:27.463, 8.76 W
2026/07/24 13:53:28.463, 8.76 W
2026/07/24 13:53:29.463, 8.76 W
2026/07/24 13:53:30.464, 8.76 W
2026/07/24 13:53:31.464, 8.76 W
2026/07/24 13:53:32.464, 8.76 W
2026/07/24 13:53:33.464, 8.76 W
2026/07/24 13:53:34.464, 8.76 W
2026/07/24 13:53:35.464, 8.76 W
2026/07/24 13:53:36.464, 8.76 W
2026/07/24 13:53:37.464, 8.76 W
2026/07/24 13:53:38.465, 8.76 W
2026/07/24 13:53:39.465, 8.76 W
2026/07/24 13:53:40.465, 8.76 W
2026/07/24 13:53:41.465, 8.76 W
2026/07/24 13:53:42.465, 8.76 W
2026/07/24 13:53:43.465, 8.76 W
2026/07/24 13:53:44.465, 8.76 W
2026/07/24 13:53:45.465, 8.76 W
2026/07/24 13:53:46.465, 8.76 W
2026/07/24 13:53:47.466, 8.76 W
2026/07/24 13:53:48.466, 8.76 W
2026/07/24 13:53:49.466, 8.76 W
2026/07/24 13:53:50.466, 8.76 W
2026/07/24 13:53:51.466, 8.76 W
2026/07/24 13:53:52.466, 8.76 W
2026/07/24 13:53:53.466, 8.76 W
2026/07/24 13:53:54.466, 8.76 W
2026/07/24 13:53:55.466, 8.76 W
2026/07/24 13:53:56.466, 8.76 W
2026/07/24 13:53:57.467, 8.76 W
2026/07/24 13:53:58.467, 8.76 W
2026/07/24 13:53:59.467, 8.76 W
2026/07/24 13:54:00.467, 8.76 W
2026/07/24 13:54:01.467, 8.71 W
2026/07/24 13:54:02.467, 8.66 W
2026/07/24 13:54:03.467, 8.71 W
2026/07/24 13:54:04.467, 8.76 W
2026/07/24 13:54:05.467, 8.76 W
2026/07/24 13:54:06.467, 8.76 W
2026/07/24 13:54:07.468, 8.76 W
2026/07/24 13:54:08.468, 8.76 W
2026/07/24 13:54:09.468, 8.76 W
2026/07/24 13:54:10.468, 8.71 W
2026/07/24 13:54:11.468, 8.71 W
2026/07/24 13:54:12.468, 8.71 W
2026/07/24 13:54:13.468, 8.66 W
2026/07/24 13:54:14.468, 8.71 W
2026/07/24 13:54:15.468, 8.71 W
2026/07/24 13:54:16.468, 8.71 W
2026/07/24 13:54:17.468, 8.71 W
2026/07/24 13:54:18.469, 8.71 W
2026/07/24 13:54:19.469, 8.71 W
2026/07/24 13:54:20.469, 8.66 W
2026/07/24 13:54:21.469, 8.71 W
2026/07/24 13:54:22.469, 8.71 W
2026/07/24 13:54:23.469, 8.66 W
2026/07/24 13:54:24.469, 8.66 W
2026/07/24 13:54:25.469, 8.71 W
2026/07/24 13:54:26.469, 8.71 W
2026/07/24 13:54:27.469, 8.71 W
2026/07/24 13:54:28.469, 8.71 W
2026/07/24 13:54:29.470, 8.66 W
2026/07/24 13:54:30.470, 8.66 W
2026/07/24 13:54:31.470, 8.66 W
2026/07/24 13:54:32.470, 8.66 W
2026/07/24 13:54:33.470, 8.66 W
2026/07/24 13:54:34.470, 8.66 W
2026/07/24 13:54:35.470, 8.66 W
2026/07/24 13:54:36.470, 8.66 W
2026/07/24 13:54:37.470, 8.66 W
2026/07/24 13:54:38.470, 8.66 W
2026/07/24 13:54:39.471, 8.66 W
2026/07/24 13:54:40.471, 8.66 W
2026/07/24 13:54:41.471, 8.66 W
2026/07/24 13:54:42.471, 8.66 W
2026/07/24 13:54:43.471, 8.66 W
2026/07/24 13:54:44.471, 8.66 W
2026/07/24 13:54:45.471, 8.66 W
2026/07/24 13:54:46.471, 8.66 W
2026/07/24 13:54:47.471, 8.66 W
2026/07/24 13:54:48.471, 8.66 W
2026/07/24 13:54:49.472, 8.66 W
2026/07/24 13:54:50.472, 8.66 W
2026/07/24 13:54:51.472, 8.66 W
2026/07/24 13:54:52.472, 8.66 W
2026/07/24 13:54:53.472, 8.66 W
2026/07/24 13:54:54.472, 8.66 W
2026/07/24 13:54:55.472, 8.66 W
2026/07/24 13:54:56.472, 8.66 W
2026/07/24 13:54:57.472, 8.66 W
2026/07/24 13:54:58.472, 8.66 W
2026/07/24 13:54:59.472, 8.66 W
2026/07/24 13:55:00.473, 8.66 W
2026/07/24 13:55:01.473, 8.66 W
2026/07/24 13:55:02.473, 8.66 W
2026/07/24 13:55:03.473, 8.66 W
2026/07/24 13:55:04.473, 8.66 W
2026/07/24 13:55:05.473, 8.66 W
2026/07/24 13:55:06.473, 8.66 W
2026/07/24 13:55:07.473, 8.66 W
2026/07/24 13:55:08.473, 8.66 W
2026/07/24 13:55:09.473, 8.66 W
2026/07/24 13:55:10.473, 8.66 W
2026/07/24 13:55:11.474, 8.66 W
2026/07/24 13:55:12.474, 8.66 W
2026/07/24 13:55:13.474, 8.66 W
2026/07/24 13:55:14.474, 8.66 W
2026/07/24 13:55:15.474, 8.66 W
2026/07/24 13:55:16.474, 8.66 W
2026/07/24 13:55:17.474, 8.66 W
2026/07/24 13:55:18.474, 8.66 W
2026/07/24 13:55:19.474, 8.66 W
2026/07/24 13:55:20.474, 8.66 W
2026/07/24 13:55:21.475, 8.66 W
2026/07/24 13:55:22.475, 8.66 W
2026/07/24 13:55:23.475, 8.66 W
2026/07/24 13:55:24.475, 8.66 W
2026/07/24 13:55:25.475, 8.66 W
2026/07/24 13:55:26.475, 8.66 W
2026/07/24 13:55:27.475, 8.66 W
2026/07/24 13:55:28.475, 8.66 W
2026/07/24 13:55:29.475, 8.66 W
2026/07/24 13:55:30.475, 8.66 W
2026/07/24 13:55:31.475, 8.66 W
2026/07/24 13:55:32.476, 8.66 W
2026/07/24 13:55:33.476, 8.66 W
2026/07/24 13:55:34.476, 8.66 W
2026/07/24 13:55:35.476, 8.66 W
2026/07/24 13:55:36.476, 8.66 W
2026/07/24 13:55:37.476, 8.66 W
2026/07/24 13:55:38.476, 8.66 W
2026/07/24 13:55:39.476, 8.66 W
2026/07/24 13:55:40.476, 8.66 W
2026/07/24 13:55:41.476, 8.66 W
2026/07/24 13:55:42.477, 8.66 W
2026/07/24 13:55:43.477, 8.66 W
2026/07/24 13:55:44.477, 8.66 W
2026/07/24 13:55:45.477, 8.66 W
2026/07/24 13:55:46.477, 8.66 W
2026/07/24 13:55:47.477, 8.66 W
2026/07/24 13:55:48.477, 8.66 W
2026/07/24 13:55:49.477, 8.66 W
2026/07/24 13:55:50.477, 8.66 W
2026/07/24 13:55:51.477, 8.66 W
2026/07/24 13:55:52.478, 8.66 W
2026/07/24 13:55:53.478, 8.66 W
2026/07/24 13:55:54.478, 8.66 W
2026/07/24 13:55:55.478, 8.66 W
2026/07/24 13:55:56.478, 8.66 W
2026/07/24 13:55:57.478, 8.66 W
2026/07/24 13:55:58.478, 8.66 W
2026/07/24 13:55:59.478, 8.66 W
2026/07/24 13:56:00.478, 8.66 W
2026/07/24 13:56:01.478, 8.66 W
2026/07/24 13:56:02.478, 8.66 W
2026/07/24 13:56:03.479, 8.66 W
2026/07/24 13:56:04.479, 8.66 W
2026/07/24 13:56:05.479, 8.66 W
2026/07/24 13:56:06.479, 8.66 W
2026/07/24 13:56:07.479, 8.66 W
2026/07/24 13:56:08.479, 8.66 W
2026/07/24 13:56:09.479, 8.66 W
2026/07/24 13:56:10.479, 8.66 W
2026/07/24 13:56:11.479, 8.66 W
2026/07/24 13:56:12.479, 8.66 W
2026/07/24 13:56:13.479, 8.66 W
2026/07/24 13:56:14.480, 8.66 W
2026/07/24 13:56:15.480, 8.66 W
2026/07/24 13:56:16.480, 8.66 W
2026/07/24 13:56:17.480, 8.66 W
2026/07/24 13:56:18.480, 8.66 W
2026/07/24 13:56:19.480, 8.66 W
2026/07/24 13:56:20.480, 8.66 W
2026/07/24 13:56:21.480, 8.66 W
2026/07/24 13:56:22.480, 8.66 W
2026/07/24 13:56:23.480, 8.66 W
2026/07/24 13:56:24.481, 8.66 W
2026/07/24 13:56:25.481, 8.66 W
2026/07/24 13:56:26.481, 8.66 W
2026/07/24 13:56:27.481, 8.66 W
2026/07/24 13:56:28.481, 8.66 W
2026/07/24 13:56:29.481, 8.66 W
2026/07/24 13:56:30.481, 8.66 W
2026/07/24 13:56:31.481, 8.66 W
2026/07/24 13:56:32.481, 8.66 W
2026/07/24 13:56:33.481, 8.66 W
2026/07/24 13:56:34.482, 8.66 W
2026/07/24 13:56:35.482, 8.66 W
2026/07/24 13:56:36.482, 8.66 W
2026/07/24 13:56:37.482, 8.66 W
2026/07/24 13:56:38.482, 8.66 W
2026/07/24 13:56:39.482, 8.66 W
2026/07/24 13:56:40.482, 8.66 W
2026/07/24 13:56:41.482, 8.66 W
2026/07/24 13:56:42.482, 8.66 W
2026/07/24 13:56:43.482, 8.66 W
2026/07/24 13:56:44.482, 8.66 W
2026/07/24 13:56:45.483, 8.66 W
2026/07/24 13:56:46.483, 8.66 W
2026/07/24 13:56:47.483, 8.66 W
2026/07/24 13:56:48.483, 8.66 W
2026/07/24 13:56:49.483, 8.66 W
2026/07/24 13:56:50.483, 8.66 W
2026/07/24 13:56:51.483, 8.66 W
2026/07/24 13:56:52.483, 8.66 W
2026/07/24 13:56:53.483, 8.66 W
2026/07/24 13:56:54.483, 8.66 W
2026/07/24 13:56:55.484, 8.66 W
2026/07/24 13:56:56.484, 8.66 W
2026/07/24 13:56:57.484, 8.66 W
2026/07/24 13:56:58.484, 8.66 W
2026/07/24 13:56:59.484, 8.66 W
2026/07/24 13:57:00.484, 8.66 W
2026/07/24 13:57:01.484, 8.66 W
2026/07/24 13:57:02.484, 8.66 W
2026/07/24 13:57:03.484, 8.66 W
2026/07/24 13:57:04.484, 8.66 W
2026/07/24 13:57:05.485, 8.66 W
2026/07/24 13:57:06.485, 8.66 W
2026/07/24 13:57:07.485, 8.66 W
2026/07/24 13:57:08.485, 8.66 W
2026/07/24 13:57:09.485, 8.66 W
2026/07/24 13:57:10.485, 8.66 W
2026/07/24 13:57:11.485, 8.66 W
2026/07/24 13:57:12.485, 8.66 W
2026/07/24 13:57:13.485, 8.66 W
2026/07/24 13:57:14.485, 8.66 W
2026/07/24 13:57:15.486, 8.66 W
2026/07/24 13:57:16.486, 8.66 W
2026/07/24 13:57:17.486, 8.66 W
2026/07/24 13:57:18.486, 8.66 W
2026/07/24 13:57:19.486, 8.66 W
2026/07/24 13:57:20.486, 8.66 W
2026/07/24 13:57:21.486, 8.66 W
2026/07/24 13:57:22.486, 8.66 W
2026/07/24 13:57:23.486, 8.66 W
2026/07/24 13:57:24.487, 8.66 W
2026/07/24 13:57:25.487, 8.66 W
2026/07/24 13:57:26.487, 8.66 W
2026/07/24 13:57:27.487, 8.66 W
2026/07/24 13:57:28.487, 8.66 W
2026/07/24 13:57:29.487, 8.66 W
2026/07/24 13:57:30.487, 8.66 W
2026/07/24 13:57:31.487, 8.66 W
2026/07/24 13:57:32.487, 8.66 W
2026/07/24 13:57:33.488, 8.66 W
2026/07/24 13:57:34.488, 8.66 W
2026/07/24 13:57:35.488, 8.66 W
2026/07/24 13:57:36.488, 8.61 W
2026/07/24 13:57:37.488, 8.56 W
2026/07/24 13:57:38.488, 8.56 W
2026/07/24 13:57:39.488, 8.61 W
2026/07/24 13:57:40.488, 8.66 W
2026/07/24 13:57:41.488, 8.66 W
2026/07/24 13:57:42.489, 8.66 W
2026/07/24 13:57:43.489, 8.66 W
2026/07/24 13:57:44.489, 8.66 W
2026/07/24 13:57:45.489, 8.66 W
2026/07/24 13:57:46.489, 8.66 W
2026/07/24 13:57:47.489, 8.66 W
2026/07/24 13:57:48.489, 8.66 W
2026/07/24 13:57:49.489, 8.61 W
2026/07/24 13:57:50.489, 8.61 W
2026/07/24 13:57:51.489, 8.61 W
2026/07/24 13:57:52.490, 8.61 W
2026/07/24 13:57:53.490, 8.66 W
2026/07/24 13:57:54.490, 8.61 W
2026/07/24 13:57:55.490, 8.61 W
2026/07/24 13:57:56.490, 8.66 W
2026/07/24 13:57:57.490, 8.66 W
2026/07/24 13:57:58.490, 8.61 W
2026/07/24 13:57:59.490, 8.61 W
2026/07/24 13:58:00.491, 8.61 W
2026/07/24 13:58:01.491, 8.61 W
2026/07/24 13:58:02.491, 8.61 W
2026/07/24 13:58:03.491, 8.61 W
2026/07/24 13:58:04.491, 8.66 W
2026/07/24 13:58:05.491, 8.66 W
2026/07/24 13:58:06.491, 8.66 W
2026/07/24 13:58:07.491, 8.66 W
2026/07/24 13:58:08.492, 8.61 W
2026/07/24 13:58:09.492, 8.61 W
2026/07/24 13:58:10.492, 8.61 W
2026/07/24 13:58:11.492, 8.56 W
2026/07/24 13:58:12.492, 8.61 W
2026/07/24 13:58:13.492, 8.66 W
2026/07/24 13:58:14.492, 8.66 W
2026/07/24 13:58:15.492, 8.66 W
2026/07/24 13:58:16.492, 8.61 W
2026/07/24 13:58:17.492, 8.61 W
2026/07/24 13:58:18.493, 8.66 W
2026/07/24 13:58:19.493, 8.66 W
2026/07/24 13:58:20.493, 8.66 W
2026/07/24 13:58:21.493, 8.66 W
2026/07/24 13:58:22.493, 8.66 W
2026/07/24 13:58:23.493, 8.66 W
2026/07/24 13:58:24.493, 8.61 W
2026/07/24 13:58:25.493, 8.61 W
2026/07/24 13:58:26.493, 8.66 W
2026/07/24 13:58:27.493, 8.66 W
2026/07/24 13:58:28.493, 8.61 W
2026/07/24 13:58:29.494, 8.61 W
2026/07/24 13:58:30.494, 8.61 W
2026/07/24 13:58:31.494, 8.61 W
2026/07/24 13:58:32.494, 8.66 W
2026/07/24 13:58:33.494, 8.66 W
2026/07/24 13:58:34.494, 8.66 W
2026/07/24 13:58:35.494, 8.61 W
2026/07/24 13:58:36.494, 8.56 W
2026/07/24 13:58:37.494, 8.56 W
2026/07/24 13:58:38.495, 8.61 W
2026/07/24 13:58:39.495, 8.66 W
2026/07/24 13:58:40.495, 8.66 W
2026/07/24 13:58:41.495, 8.61 W
2026/07/24 13:58:42.495, 8.56 W
2026/07/24 13:58:43.495, 8.61 W
2026/07/24 13:58:44.495, 8.61 W
2026/07/24 13:58:45.495, 8.56 W
2026/07/24 13:58:46.495, 8.61 W
2026/07/24 13:58:47.495, 8.66 W
2026/07/24 13:58:48.496, 8.66 W
2026/07/24 13:58:49.496, 8.66 W
2026/07/24 13:58:50.496, 8.66 W
2026/07/24 13:58:51.496, 8.66 W
2026/07/24 13:58:52.496, 8.66 W
2026/07/24 13:58:53.496, 8.61 W
2026/07/24 13:58:54.496, 8.56 W
2026/07/24 13:58:55.496, 8.56 W
2026/07/24 13:58:56.497, 8.61 W
2026/07/24 13:58:57.497, 8.61 W
2026/07/24 13:58:58.497, 8.56 W
2026/07/24 13:58:59.497, 8.56 W
2026/07/24 13:59:00.497, 8.56 W
2026/07/24 13:59:01.497, 8.56 W
2026/07/24 13:59:02.497, 8.56 W
2026/07/24 13:59:03.497, 8.56 W
2026/07/24 13:59:04.497, 8.61 W
2026/07/24 13:59:05.497, 8.61 W
2026/07/24 13:59:06.498, 8.61 W
2026/07/24 13:59:07.498, 8.61 W
2026/07/24 13:59:08.498, 8.61 W
2026/07/24 13:59:09.498, 8.61 W
2026/07/24 13:59:10.498, 8.56 W
2026/07/24 13:59:11.498, 8.56 W
2026/07/24 13:59:12.498, 8.61 W
2026/07/24 13:59:13.498, 8.61 W
2026/07/24 13:59:14.498, 8.56 W
2026/07/24 13:59:15.498, 8.56 W
2026/07/24 13:59:16.498, 8.56 W
2026/07/24 13:59:17.499, 8.56 W
2026/07/24 13:59:18.499, 8.56 W
2026/07/24 13:59:19.499, 8.61 W
2026/07/24 13:59:20.499, 8.61 W
2026/07/24 13:59:21.499, 8.61 W
2026/07/24 13:59:22.499, 8.61 W
2026/07/24 13:59:23.499, 8.61 W
2026/07/24 13:59:24.499, 8.61 W
2026/07/24 13:59:25.499, 8.56 W
2026/07/24 13:59:26.499, 8.61 W
2026/07/24 13:59:27.500, 8.66 W
2026/07/24 13:59:28.500, 8.61 W
2026/07/24 13:59:29.500, 8.61 W
2026/07/24 13:59:30.500, 8.61 W
2026/07/24 13:59:31.500, 8.61 W
2026/07/24 13:59:32.500, 8.61 W
2026/07/24 13:59:33.500, 8.61 W
2026/07/24 13:59:34.500, 8.61 W
2026/07/24 13:59:35.500, 8.61 W
2026/07/24 13:59:36.501, 8.66 W
2026/07/24 13:59:37.501, 8.66 W
2026/07/24 13:59:38.501, 8.61 W
2026/07/24 13:59:39.501, 8.56 W
2026/07/24 13:59:40.501, 8.56 W
2026/07/24 13:59:41.501, 8.56 W
2026/07/24 13:59:42.501, 8.61 W
2026/07/24 13:59:43.501, 8.61 W
2026/07/24 13:59:44.501, 8.56 W
2026/07/24 13:59:45.501, 8.56 W
2026/07/24 13:59:46.501, 8.56 W
2026/07/24 13:59:47.502, 8.56 W
2026/07/24 13:59:48.502, 8.56 W
2026/07/24 13:59:49.502, 8.56 W
2026/07/24 13:59:50.502, 8.61 W
2026/07/24 13:59:51.502, 8.61 W
2026/07/24 13:59:52.502, 8.56 W
2026/07/24 13:59:53.502, 8.56 W
2026/07/24 13:59:54.502, 8.56 W
2026/07/24 13:59:55.502, 8.56 W
2026/07/24 13:59:56.502, 8.56 W
2026/07/24 13:59:57.503, 8.56 W
2026/07/24 13:59:58.503, 8.56 W
2026/07/24 13:59:59.503, 8.56 W
2026/07/24 14:00:00.503, 8.56 W
2026/07/24 14:00:01.503, 8.56 W
2026/07/24 14:00:02.503, 8.56 W
2026/07/24 14:00:03.503, 8.56 W
2026/07/24 14:00:04.503, 8.56 W
2026/07/24 14:00:05.503, 8.61 W
2026/07/24 14:00:06.504, 8.61 W
2026/07/24 14:00:07.504, 8.56 W
2026/07/24 14:00:08.504, 8.56 W
2026/07/24 14:00:09.504, 8.56 W
2026/07/24 14:00:10.504, 8.56 W
2026/07/24 14:00:11.504, 8.61 W
2026/07/24 14:00:12.504, 8.61 W
2026/07/24 14:00:13.504, 8.56 W
2026/07/24 14:00:14.504, 8.61 W
2026/07/24 14:00:15.505, 8.66 W
2026/07/24 14:00:16.505, 8.61 W
2026/07/24 14:00:17.505, 8.56 W
2026/07/24 14:00:18.505, 8.61 W
2026/07/24 14:00:19.505, 8.61 W
2026/07/24 14:00:20.505, 8.56 W
2026/07/24 14:00:21.505, 8.56 W
2026/07/24 14:00:22.505, 8.56 W
2026/07/24 14:00:23.505, 8.56 W
2026/07/24 14:00:24.505, 8.61 W
2026/07/24 14:00:25.505, 8.61 W
2026/07/24 14:00:26.506, 8.56 W
2026/07/24 14:00:27.506, 8.56 W
2026/07/24 14:00:28.506, 8.61 W
2026/07/24 14:00:29.506, 8.66 W
2026/07/24 14:00:30.506, 8.61 W
2026/07/24 14:00:31.506, 8.56 W
2026/07/24 14:00:32.506, 8.56 W
2026/07/24 14:00:33.506, 8.56 W
2026/07/24 14:00:34.506, 8.56 W
2026/07/24 14:00:35.507, 8.56 W
2026/07/24 14:00:36.507, 8.56 W
2026/07/24 14:00:37.507, 8.56 W
2026/07/24 14:00:38.507, 8.56 W
2026/07/24 14:00:39.507, 8.56 W
2026/07/24 14:00:40.507, 8.56 W
2026/07/24 14:00:41.507, 8.61 W
2026/07/24 14:00:42.507, 8.61 W
2026/07/24 14:00:43.507, 8.61 W
2026/07/24 14:00:44.507, 8.61 W
2026/07/24 14:00:45.507, 8.56 W
2026/07/24 14:00:46.508, 8.56 W
2026/07/24 14:00:47.508, 8.56 W
2026/07/24 14:00:48.508, 8.61 W
2026/07/24 14:00:49.508, 8.66 W
2026/07/24 14:00:50.508, 8.61 W
2026/07/24 14:00:51.508, 8.56 W
2026/07/24 14:00:52.508, 8.56 W
2026/07/24 14:00:53.508, 8.56 W
2026/07/24 14:00:54.509, 8.56 W
2026/07/24 14:00:55.509, 8.61 W
2026/07/24 14:00:56.509, 8.61 W
2026/07/24 14:00:57.509, 8.61 W
2026/07/24 14:00:58.509, 8.61 W
2026/07/24 14:00:59.509, 8.56 W
2026/07/24 14:01:00.510, 8.56 W
2026/07/24 14:01:01.510, 8.56 W
2026/07/24 14:01:02.510, 8.56 W
2026/07/24 14:01:03.510, 8.56 W
2026/07/24 14:01:04.510, 8.56 W
2026/07/24 14:01:05.510, 8.56 W
2026/07/24 14:01:06.510, 8.56 W
2026/07/24 14:01:07.510, 8.61 W
2026/07/24 14:01:08.510, 8.61 W
2026/07/24 14:01:09.511, 8.56 W
2026/07/24 14:01:10.511, 8.61 W
2026/07/24 14:01:11.511, 8.61 W
2026/07/24 14:01:12.511, 8.61 W
2026/07/24 14:01:13.511, 8.61 W
2026/07/24 14:01:14.511, 8.56 W
2026/07/24 14:01:15.511, 8.56 W
2026/07/24 14:01:16.511, 8.61 W
2026/07/24 14:01:17.511, 8.66 W
2026/07/24 14:01:18.511, 8.66 W
2026/07/24 14:01:19.512, 8.61 W
2026/07/24 14:01:20.512, 8.56 W
2026/07/24 14:01:21.512, 8.61 W
2026/07/24 14:01:22.512, 8.66 W
2026/07/24 14:01:23.512, 8.61 W
2026/07/24 14:01:24.512, 8.61 W
2026/07/24 14:01:25.512, 8.66 W
2026/07/24 14:01:26.512, 8.61 W
2026/07/24 14:01:27.512, 8.61 W
2026/07/24 14:01:28.512, 8.61 W
2026/07/24 14:01:29.513, 8.61 W
2026/07/24 14:01:30.513, 8.61 W
2026/07/24 14:01:31.513, 8.56 W
2026/07/24 14:01:32.513, 8.56 W
2026/07/24 14:01:33.513, 8.56 W
2026/07/24 14:01:34.513, 8.61 W
2026/07/24 14:01:35.513, 8.66 W
2026/07/24 14:01:36.513, 8.66 W
2026/07/24 14:01:37.513, 8.61 W
2026/07/24 14:01:38.513, 8.61 W
2026/07/24 14:01:39.514, 8.66 W
2026/07/24 14:01:40.514, 8.66 W
2026/07/24 14:01:41.514, 8.61 W
2026/07/24 14:01:42.514, 8.56 W
2026/07/24 14:01:43.514, 8.56 W
2026/07/24 14:01:44.514, 8.61 W
2026/07/24 14:01:45.514, 8.66 W
2026/07/24 14:01:46.514, 8.66 W
2026/07/24 14:01:47.514, 8.66 W
2026/07/24 14:01:48.515, 8.66 W
2026/07/24 14:01:49.515, 8.61 W
2026/07/24 14:01:50.515, 8.56 W
2026/07/24 14:01:51.515, 8.61 W
2026/07/24 14:01:52.515, 8.66 W
2026/07/24 14:01:53.515, 8.61 W
2026/07/24 14:01:54.515, 8.56 W
2026/07/24 14:01:55.515, 8.61 W
2026/07/24 14:01:56.515, 8.61 W
2026/07/24 14:01:57.515, 8.56 W
2026/07/24 14:01:58.516, 8.56 W
2026/07/24 14:01:59.516, 8.61 W
2026/07/24 14:02:00.516, 8.61 W
2026/07/24 14:02:01.516, 8.61 W
2026/07/24 14:02:02.516, 8.61 W
2026/07/24 14:02:03.516, 8.56 W
2026/07/24 14:02:04.516, 8.61 W
2026/07/24 14:02:05.516, 8.66 W
2026/07/24 14:02:06.516, 8.61 W
2026/07/24 14:02:07.517, 8.61 W
2026/07/24 14:02:08.517, 8.61 W
2026/07/24 14:02:09.517, 8.56 W
2026/07/24 14:02:10.517, 8.56 W
2026/07/24 14:02:11.517, 8.56 W
2026/07/24 14:02:12.517, 8.61 W
2026/07/24 14:02:13.517, 8.56 W
2026/07/24 14:02:14.517, 8.56 W
2026/07/24 14:02:15.517, 8.56 W
2026/07/24 14:02:16.517, 8.56 W
2026/07/24 14:02:17.518, 8.56 W
2026/07/24 14:02:18.518, 8.56 W
2026/07/24 14:02:19.518, 8.61 W
2026/07/24 14:02:20.518, 8.66 W
2026/07/24 14:02:21.518, 8.61 W
2026/07/24 14:02:22.518, 8.56 W
2026/07/24 14:02:23.518, 8.61 W
2026/07/24 14:02:24.518, 8.61 W
2026/07/24 14:02:25.519, 8.56 W
2026/07/24 14:02:26.519, 8.56 W
2026/07/24 14:02:27.519, 8.56 W
2026/07/24 14:02:28.519, 8.56 W
2026/07/24 14:02:29.519, 8.56 W
2026/07/24 14:02:30.519, 8.56 W
2026/07/24 14:02:31.519, 8.56 W
2026/07/24 14:02:32.519, 8.56 W
2026/07/24 14:02:33.519, 8.56 W
2026/07/24 14:02:34.520, 8.56 W
2026/07/24 14:02:35.520, 8.56 W
2026/07/24 14:02:36.520, 8.56 W
2026/07/24 14:02:37.520, 8.56 W
2026/07/24 14:02:38.520, 8.56 W
2026/07/24 14:02:39.520, 8.56 W
2026/07/24 14:02:40.520, 8.61 W
2026/07/24 14:02:41.520, 8.61 W
2026/07/24 14:02:42.520, 8.61 W
2026/07/24 14:02:43.520, 8.61 W
2026/07/24 14:02:44.520, 8.56 W
2026/07/24 14:02:45.521, 8.56 W
2026/07/24 14:02:46.521, 8.61 W
2026/07/24 14:02:47.521, 8.66 W
2026/07/24 14:02:48.521, 8.66 W
2026/07/24 14:02:49.521, 8.61 W
2026/07/24 14:02:50.521, 8.56 W
2026/07/24 14:02:51.521, 8.56 W
2026/07/24 14:02:52.521, 8.56 W
2026/07/24 14:02:53.521, 8.61 W
2026/07/24 14:02:54.521, 8.61 W
2026/07/24 14:02:55.521, 8.61 W
2026/07/24 14:02:56.522, 8.66 W
2026/07/24 14:02:57.522, 8.66 W
2026/07/24 14:02:58.522, 8.66 W
2026/07/24 14:02:59.522, 8.61 W
2026/07/24 14:03:00.522, 8.56 W
2026/07/24 14:03:01.522, 8.56 W
2026/07/24 14:03:02.522, 8.61 W
2026/07/24 14:03:03.522, 8.61 W
2026/07/24 14:03:04.522, 8.61 W
2026/07/24 14:03:05.522, 8.61 W
2026/07/24 14:03:06.523, 8.56 W
2026/07/24 14:03:07.523, 8.56 W
2026/07/24 14:03:08.523, 8.61 W
2026/07/24 14:03:09.523, 8.61 W
2026/07/24 14:03:10.523, 8.56 W
2026/07/24 14:03:11.523, 8.61 W
2026/07/24 14:03:12.523, 8.61 W
2026/07/24 14:03:13.524, 8.56 W
2026/07/24 14:03:14.524, 8.56 W
2026/07/24 14:03:15.524, 8.61 W
2026/07/24 14:03:16.524, 8.61 W
2026/07/24 14:03:17.524, 8.61 W
2026/07/24 14:03:18.524, 8.61 W
2026/07/24 14:03:19.524, 8.56 W
2026/07/24 14:03:20.524, 8.61 W
2026/07/24 14:03:21.524, 8.61 W
2026/07/24 14:03:22.524, 8.56 W
2026/07/24 14:03:23.525, 8.56 W
2026/07/24 14:03:24.525, 8.56 W
2026/07/24 14:03:25.525, 8.56 W
2026/07/24 14:03:26.525, 8.56 W
2026/07/24 14:03:27.525, 8.61 W
2026/07/24 14:03:28.525, 8.61 W
2026/07/24 14:03:29.525, 8.56 W
2026/07/24 14:03:30.525, 8.56 W
2026/07/24 14:03:31.525, 8.56 W
2026/07/24 14:03:32.526, 8.56 W
2026/07/24 14:03:33.526, 8.56 W
2026/07/24 14:03:34.526, 8.56 W
2026/07/24 14:03:35.526, 8.61 W
2026/07/24 14:03:36.526, 8.61 W
2026/07/24 14:03:37.526, 8.56 W
2026/07/24 14:03:38.526, 8.56 W
2026/07/24 14:03:39.526, 8.61 W
2026/07/24 14:03:40.526, 8.61 W
2026/07/24 14:03:41.527, 8.56 W
2026/07/24 14:03:42.527, 8.56 W
2026/07/24 14:03:43.527, 8.56 W
2026/07/24 14:03:44.527, 8.56 W
2026/07/24 14:03:45.527, 8.56 W
2026/07/24 14:03:46.527, 8.61 W
2026/07/24 14:03:47.527, 8.61 W
2026/07/24 14:03:48.527, 8.56 W
2026/07/24 14:03:49.527, 8.56 W
2026/07/24 14:03:50.528, 8.61 W
2026/07/24 14:03:51.528, 8.61 W
2026/07/24 14:03:52.528, 8.56 W
2026/07/24 14:03:53.528, 8.61 W
2026/07/24 14:03:54.528, 8.66 W
2026/07/24 14:03:55.528, 8.61 W
2026/07/24 14:03:56.528, 8.56 W
2026/07/24 14:03:57.528, 8.56 W
2026/07/24 14:03:58.528, 8.56 W
2026/07/24 14:03:59.528, 8.56 W
2026/07/24 14:04:00.529, 8.56 W
2026/07/24 14:04:01.529, 8.56 W
2026/07/24 14:04:02.529, 8.56 W
2026/07/24 14:04:03.529, 8.56 W
2026/07/24 14:04:04.529, 8.56 W
2026/07/24 14:04:05.529, 8.56 W
2026/07/24 14:04:06.529, 8.56 W
2026/07/24 14:04:07.529, 8.56 W
2026/07/24 14:04:08.529, 8.61 W
2026/07/24 14:04:09.529, 8.66 W
2026/07/24 14:04:10.530, 8.61 W
2026/07/24 14:04:11.530, 8.56 W
2026/07/24 14:04:12.530, 8.56 W
2026/07/24 14:04:13.530, 8.56 W
2026/07/24 14:04:14.530, 8.56 W
2026/07/24 14:04:15.530, 8.61 W
2026/07/24 14:04:16.530, 8.61 W
2026/07/24 14:04:17.530, 8.56 W
2026/07/24 14:04:18.531, 8.56 W
2026/07/24 14:04:19.531, 8.56 W
2026/07/24 14:04:20.531, 8.61 W
2026/07/24 14:04:21.531, 8.61 W
2026/07/24 14:04:22.531, 8.56 W
2026/07/24 14:04:23.531, 8.56 W
2026/07/24 14:04:24.531, 8.56 W
2026/07/24 14:04:25.531, 8.56 W
2026/07/24 14:04:26.532, 8.61 W
2026/07/24 14:04:27.532, 8.61 W
2026/07/24 14:04:28.532, 8.56 W
2026/07/24 14:04:29.532, 8.56 W
2026/07/24 14:04:30.532, 8.56 W
2026/07/24 14:04:31.532, 8.56 W
2026/07/24 14:04:32.532, 8.56 W
2026/07/24 14:04:33.532, 8.56 W
2026/07/24 14:04:34.533, 8.56 W
2026/07/24 14:04:35.533, 8.56 W
2026/07/24 14:04:36.533, 8.56 W
2026/07/24 14:04:37.533, 8.56 W
2026/07/24 14:04:38.533, 8.61 W
2026/07/24 14:04:39.533, 8.61 W
2026/07/24 14:04:40.533, 8.56 W
2026/07/24 14:04:41.533, 8.56 W
2026/07/24 14:04:42.534, 8.61 W
2026/07/24 14:04:43.534, 8.61 W
2026/07/24 14:04:44.534, 8.56 W
2026/07/24 14:04:45.534, 8.56 W
2026/07/24 14:04:46.534, 8.56 W
2026/07/24 14:04:47.534, 8.56 W
2026/07/24 14:04:48.534, 8.56 W
2026/07/24 14:04:49.534, 8.61 W
2026/07/24 14:04:50.534, 8.61 W
2026/07/24 14:04:51.534, 8.56 W
2026/07/24 14:04:52.534, 8.61 W
2026/07/24 14:04:53.535, 8.66 W
2026/07/24 14:04:54.535, 8.61 W
2026/07/24 14:04:55.535, 8.56 W
2026/07/24 14:04:56.535, 8.56 W
2026/07/24 14:04:57.535, 8.56 W
2026/07/24 14:04:58.535, 8.61 W
2026/07/24 14:04:59.535, 8.66 W
2026/07/24 14:05:00.535, 8.61 W
2026/07/24 14:05:01.535, 8.56 W
2026/07/24 14:05:02.535, 8.56 W
2026/07/24 14:05:03.535, 8.61 W
2026/07/24 14:05:04.536, 8.61 W
2026/07/24 14:05:05.536, 8.61 W
2026/07/24 14:05:06.536, 8.66 W
2026/07/24 14:05:07.536, 8.61 W
2026/07/24 14:05:08.536, 8.56 W
2026/07/24 14:05:09.536, 8.56 W
2026/07/24 14:05:10.536, 8.56 W
2026/07/24 14:05:11.536, 8.56 W
2026/07/24 14:05:12.536, 8.61 W
2026/07/24 14:05:13.537, 8.61 W
2026/07/24 14:05:14.537, 8.61 W
2026/07/24 14:05:15.537, 8.61 W
2026/07/24 14:05:16.537, 8.56 W
2026/07/24 14:05:17.537, 8.61 W
2026/07/24 14:05:18.537, 8.61 W
2026/07/24 14:05:19.537, 8.56 W
2026/07/24 14:05:20.537, 8.61 W
2026/07/24 14:05:21.537, 8.61 W
2026/07/24 14:05:22.538, 8.56 W
2026/07/24 14:05:23.538, 8.56 W
2026/07/24 14:05:24.538, 8.56 W
2026/07/24 14:05:25.538, 8.61 W
2026/07/24 14:05:26.538, 8.61 W
2026/07/24 14:05:27.538, 8.56 W
2026/07/24 14:05:28.538, 8.56 W
2026/07/24 14:05:29.538, 8.56 W
2026/07/24 14:05:30.538, 8.56 W
2026/07/24 14:05:31.538, 8.56 W
2026/07/24 14:05:32.539, 8.61 W
2026/07/24 14:05:33.539, 8.66 W
2026/07/24 14:05:34.539, 8.61 W
2026/07/24 14:05:35.539, 8.61 W
2026/07/24 14:05:36.539, 8.61 W
2026/07/24 14:05:37.539, 8.61 W
2026/07/24 14:05:38.539, 8.61 W
2026/07/24 14:05:39.539, 8.56 W
2026/07/24 14:05:40.539, 8.56 W
2026/07/24 14:05:41.540, 8.56 W
2026/07/24 14:05:42.540, 8.56 W
2026/07/24 14:05:43.540, 8.56 W
2026/07/24 14:05:44.540, 8.56 W
2026/07/24 14:05:45.540, 8.61 W
2026/07/24 14:05:46.540, 8.61 W
2026/07/24 14:05:47.540, 8.56 W
2026/07/24 14:05:48.540, 8.56 W
2026/07/24 14:05:49.540, 8.61 W
2026/07/24 14:05:50.540, 8.61 W
2026/07/24 14:05:51.541, 8.56 W
2026/07/24 14:05:52.541, 8.56 W
2026/07/24 14:05:53.541, 8.56 W
2026/07/24 14:05:54.541, 8.56 W
2026/07/24 14:05:55.541, 8.61 W
2026/07/24 14:05:56.541, 8.61 W
2026/07/24 14:05:57.541, 8.61 W
2026/07/24 14:05:58.541, 8.66 W
2026/07/24 14:05:59.542, 8.61 W
2026/07/24 14:06:00.542, 8.56 W
2026/07/24 14:06:01.542, 8.56 W
2026/07/24 14:06:02.542, 8.56 W
2026/07/24 14:06:03.542, 8.56 W
2026/07/24 14:06:04.542, 8.56 W
2026/07/24 14:06:05.542, 8.56 W
2026/07/24 14:06:06.543, 8.56 W
2026/07/24 14:06:07.543, 8.56 W
2026/07/24 14:06:08.543, 8.56 W
2026/07/24 14:06:09.543, 8.61 W
2026/07/24 14:06:10.543, 8.66 W
2026/07/24 14:06:11.543, 8.61 W
2026/07/24 14:06:12.543, 8.56 W
2026/07/24 14:06:13.543, 8.56 W
2026/07/24 14:06:14.544, 8.56 W
2026/07/24 14:06:15.544, 8.56 W
2026/07/24 14:06:16.544, 8.56 W
2026/07/24 14:06:17.544, 8.56 W
2026/07/24 14:06:18.544, 8.61 W
2026/07/24 14:06:19.544, 8.61 W
2026/07/24 14:06:20.544, 8.56 W
2026/07/24 14:06:21.544, 8.56 W
2026/07/24 14:06:22.545, 8.61 W
2026/07/24 14:06:23.545, 8.61 W
2026/07/24 14:06:24.545, 8.56 W
2026/07/24 14:06:25.545, 8.61 W
2026/07/24 14:06:26.545, 8.61 W
2026/07/24 14:06:27.545, 8.56 W
2026/07/24 14:06:28.545, 8.56 W
2026/07/24 14:06:29.545, 8.61 W
2026/07/24 14:06:30.545, 8.61 W
2026/07/24 14:06:31.546, 8.61 W
2026/07/24 14:06:32.546, 8.66 W
2026/07/24 14:06:33.546, 8.61 W
2026/07/24 14:06:34.546, 8.61 W
2026/07/24 14:06:35.546, 8.66 W
2026/07/24 14:06:36.546, 8.61 W
2026/07/24 14:06:37.546, 8.56 W
2026/07/24 14:06:38.546, 8.56 W
2026/07/24 14:06:39.546, 8.56 W
2026/07/24 14:06:40.546, 8.61 W
2026/07/24 14:06:41.547, 8.61 W
2026/07/24 14:06:42.547, 8.56 W
2026/07/24 14:06:43.547, 8.56 W
2026/07/24 14:06:44.547, 8.56 W
2026/07/24 14:06:45.547, 8.56 W
2026/07/24 14:06:46.547, 8.56 W
2026/07/24 14:06:47.547, 8.56 W
2026/07/24 14:06:48.547, 8.61 W
2026/07/24 14:06:49.548, 8.61 W
2026/07/24 14:06:50.548, 8.61 W
2026/07/24 14:06:51.548, 8.61 W
2026/07/24 14:06:52.548, 8.56 W
2026/07/24 14:06:53.548, 8.56 W
2026/07/24 14:06:54.548, 8.61 W
2026/07/24 14:06:55.548, 8.61 W
2026/07/24 14:06:56.548, 8.56 W
2026/07/24 14:06:57.548, 8.56 W
2026/07/24 14:06:58.548, 8.61 W
2026/07/24 14:06:59.548, 8.61 W
2026/07/24 14:07:00.549, 8.56 W
2026/07/24 14:07:01.549, 8.56 W
2026/07/24 14:07:02.549, 8.56 W
2026/07/24 14:07:03.549, 8.61 W
2026/07/24 14:07:04.549, 8.66 W
2026/07/24 14:07:05.549, 8.61 W
2026/07/24 14:07:06.549, 8.56 W
2026/07/24 14:07:07.549, 8.56 W
2026/07/24 14:07:08.549, 8.56 W
2026/07/24 14:07:09.550, 8.56 W
2026/07/24 14:07:10.550, 8.56 W
2026/07/24 14:07:11.550, 8.56 W
2026/07/24 14:07:12.550, 8.56 W
2026/07/24 14:07:13.550, 8.56 W
2026/07/24 14:07:14.550, 8.56 W
2026/07/24 14:07:15.550, 8.56 W
2026/07/24 14:07:16.550, 8.56 W
2026/07/24 14:07:17.550, 8.61 W
2026/07/24 14:07:18.551, 8.61 W
2026/07/24 14:07:19.551, 8.61 W
2026/07/24 14:07:20.551, 8.61 W
2026/07/24 14:07:21.551, 8.56 W
2026/07/24 14:07:22.551, 8.56 W
2026/07/24 14:07:23.551, 8.61 W
2026/07/24 14:07:24.551, 8.66 W
2026/07/24 14:07:25.551, 8.61 W
2026/07/24 14:07:26.552, 8.56 W
2026/07/24 14:07:27.552, 8.56 W
2026/07/24 14:07:28.552, 8.56 W
2026/07/24 14:07:29.552, 8.56 W
2026/07/24 14:07:30.552, 8.56 W
2026/07/24 14:07:31.552, 8.56 W
2026/07/24 14:07:32.552, 8.56 W
2026/07/24 14:07:33.552, 8.56 W
2026/07/24 14:07:34.552, 8.56 W
2026/07/24 14:07:35.553, 8.56 W
2026/07/24 14:07:36.553, 8.56 W
2026/07/24 14:07:37.553, 8.56 W
2026/07/24 14:07:38.553, 8.56 W
2026/07/24 14:07:39.553, 8.56 W
2026/07/24 14:07:40.553, 8.61 W
2026/07/24 14:07:41.553, 8.66 W
2026/07/24 14:07:42.554, 8.61 W
2026/07/24 14:07:43.554, 8.56 W
2026/07/24 14:07:44.554, 8.56 W
2026/07/24 14:07:45.554, 8.56 W
2026/07/24 14:07:46.554, 8.61 W
2026/07/24 14:07:47.554, 8.61 W
2026/07/24 14:07:48.554, 8.56 W
2026/07/24 14:07:49.554, 8.56 W
2026/07/24 14:07:50.554, 8.56 W
2026/07/24 14:07:51.555, 8.56 W
2026/07/24 14:07:52.555, 8.56 W
2026/07/24 14:07:53.555, 8.56 W
2026/07/24 14:07:54.555, 8.56 W
2026/07/24 14:07:55.555, 8.56 W
2026/07/24 14:07:56.555, 8.56 W
2026/07/24 14:07:57.555, 8.56 W
2026/07/24 14:07:58.555, 8.56 W
2026/07/24 14:07:59.555, 8.61 W
2026/07/24 14:08:00.555, 8.61 W
2026/07/24 14:08:01.556, 8.56 W
2026/07/24 14:08:02.556, 8.56 W
2026/07/24 14:08:03.556, 8.56 W
2026/07/24 14:08:04.556, 8.56 W
2026/07/24 14:08:05.556, 8.61 W
2026/07/24 14:08:06.556, 8.61 W
2026/07/24 14:08:07.556, 8.56 W
2026/07/24 14:08:08.557, 8.56 W
2026/07/24 14:08:09.557, 8.56 W
2026/07/24 14:08:10.557, 8.56 W
2026/07/24 14:08:11.557, 8.56 W
2026/07/24 14:08:12.557, 8.56 W
2026/07/24 14:08:13.557, 8.56 W
2026/07/24 14:08:14.557, 8.56 W
2026/07/24 14:08:15.557, 8.56 W
2026/07/24 14:08:16.557, 8.56 W
2026/07/24 14:08:17.558, 8.56 W
2026/07/24 14:08:18.558, 8.56 W
2026/07/24 14:08:19.558, 8.61 W
2026/07/24 14:08:20.558, 8.61 W
2026/07/24 14:08:21.558, 8.56 W
2026/07/24 14:08:22.558, 8.61 W
2026/07/24 14:08:23.558, 8.66 W
2026/07/24 14:08:24.558, 8.61 W
2026/07/24 14:08:25.558, 8.56 W
2026/07/24 14:08:26.558, 8.56 W
2026/07/24 14:08:27.559, 8.56 W
2026/07/24 14:08:28.559, 8.61 W
2026/07/24 14:08:29.559, 8.61 W
2026/07/24 14:08:30.559, 8.61 W
2026/07/24 14:08:31.559, 8.61 W
2026/07/24 14:08:32.559, 8.56 W
2026/07/24 14:08:33.559, 8.56 W
2026/07/24 14:08:34.559, 8.61 W
2026/07/24 14:08:35.560, 8.61 W
2026/07/24 14:08:36.560, 8.56 W
2026/07/24 14:08:37.560, 8.56 W
2026/07/24 14:08:38.560, 8.61 W
2026/07/24 14:08:39.560, 8.61 W
2026/07/24 14:08:40.560, 8.56 W
2026/07/24 14:08:41.560, 8.56 W
2026/07/24 14:08:42.560, 8.61 W
2026/07/24 14:08:43.560, 8.61 W
2026/07/24 14:08:44.561, 8.61 W
2026/07/24 14:08:45.561, 8.66 W
2026/07/24 14:08:46.561, 8.61 W
2026/07/24 14:08:47.561, 8.56 W
2026/07/24 14:08:48.561, 8.56 W
2026/07/24 14:08:49.561, 8.56 W
2026/07/24 14:08:50.561, 8.61 W
2026/07/24 14:08:51.561, 8.61 W
2026/07/24 14:08:52.561, 8.56 W
2026/07/24 14:08:53.562, 8.56 W
2026/07/24 14:08:54.562, 8.56 W
2026/07/24 14:08:55.562, 8.61 W
2026/07/24 14:08:56.562, 8.66 W
2026/07/24 14:08:57.562, 8.61 W
2026/07/24 14:08:58.562, 8.56 W
2026/07/24 14:08:59.562, 8.56 W
2026/07/24 14:09:00.562, 8.56 W
2026/07/24 14:09:01.562, 8.56 W
2026/07/24 14:09:02.563, 8.56 W
2026/07/24 14:09:03.563, 8.61 W
2026/07/24 14:09:04.563, 8.61 W
2026/07/24 14:09:05.563, 8.56 W
2026/07/24 14:09:06.563, 8.56 W
2026/07/24 14:09:07.563, 8.56 W
2026/07/24 14:09:08.563, 8.56 W
2026/07/24 14:09:09.563, 8.61 W
2026/07/24 14:09:10.563, 8.61 W
2026/07/24 14:09:11.564, 8.56 W
2026/07/24 14:09:12.564, 8.56 W
2026/07/24 14:09:13.564, 8.61 W
2026/07/24 14:09:14.564, 8.61 W
2026/07/24 14:09:15.564, 8.56 W
2026/07/24 14:09:16.564, 8.56 W
2026/07/24 14:09:17.564, 8.56 W
2026/07/24 14:09:18.564, 8.61 W
2026/07/24 14:09:19.565, 8.61 W
2026/07/24 14:09:20.565, 8.61 W
2026/07/24 14:09:21.565, 8.61 W
2026/07/24 14:09:22.565, 8.56 W
2026/07/24 14:09:23.565, 8.61 W
2026/07/24 14:09:24.565, 8.61 W
2026/07/24 14:09:25.565, 8.56 W
2026/07/24 14:09:26.565, 8.56 W
2026/07/24 14:09:27.566, 8.56 W
2026/07/24 14:09:28.566, 8.56 W
2026/07/24 14:09:29.566, 8.56 W
2026/07/24 14:09:30.566, 8.61 W
2026/07/24 14:09:31.566, 8.61 W
2026/07/24 14:09:32.566, 8.56 W
2026/07/24 14:09:33.566, 8.56 W
2026/07/24 14:09:34.567, 8.56 W
2026/07/24 14:09:35.567, 8.56 W
2026/07/24 14:09:36.567, 8.61 W
2026/07/24 14:09:37.567, 8.61 W
2026/07/24 14:09:38.567, 8.61 W
2026/07/24 14:09:39.567, 8.61 W
2026/07/24 14:09:40.567, 8.56 W
2026/07/24 14:09:41.567, 8.61 W
2026/07/24 14:09:42.567, 8.61 W
2026/07/24 14:09:43.567, 8.61 W
2026/07/24 14:09:44.568, 8.61 W
2026/07/24 14:09:45.568, 8.61 W
2026/07/24 14:09:46.568, 8.61 W
2026/07/24 14:09:47.568, 8.56 W
2026/07/24 14:09:48.568, 8.56 W
2026/07/24 14:09:49.568, 8.61 W
2026/07/24 14:09:50.568, 8.61 W
2026/07/24 14:09:51.568, 8.56 W
2026/07/24 14:09:52.568, 8.61 W
2026/07/24 14:09:53.568, 8.61 W
2026/07/24 14:09:54.568, 8.56 W
2026/07/24 14:09:55.569, 8.56 W
2026/07/24 14:09:56.569, 8.56 W
2026/07/24 14:09:57.569, 8.56 W
2026/07/24 14:09:58.569, 8.56 W
2026/07/24 14:09:59.569, 8.56 W
2026/07/24 14:10:00.569, 8.61 W
2026/07/24 14:10:01.569, 8.61 W
2026/07/24 14:10:02.569, 8.56 W
2026/07/24 14:10:03.570, 8.56 W
2026/07/24 14:10:04.570, 8.56 W
2026/07/24 14:10:05.570, 8.56 W
2026/07/24 14:10:06.570, 8.61 W
2026/07/24 14:10:07.570, 8.66 W
2026/07/24 14:10:08.570, 8.66 W
2026/07/24 14:10:09.570, 8.61 W
2026/07/24 14:10:10.570, 8.56 W
2026/07/24 14:10:11.570, 8.61 W
2026/07/24 14:10:12.570, 8.66 W
2026/07/24 14:10:13.571, 8.61 W
2026/07/24 14:10:14.571, 8.56 W
2026/07/24 14:10:15.571, 8.56 W
2026/07/24 14:10:16.571, 8.56 W
2026/07/24 14:10:17.571, 8.56 W
2026/07/24 14:10:18.571, 8.61 W
2026/07/24 14:10:19.571, 8.61 W
2026/07/24 14:10:20.571, 8.61 W
2026/07/24 14:10:21.572, 8.61 W
2026/07/24 14:10:22.572, 8.56 W
2026/07/24 14:10:23.572, 8.56 W
2026/07/24 14:10:24.572, 8.56 W
2026/07/24 14:10:25.572, 8.56 W
2026/07/24 14:10:26.572, 8.56 W
2026/07/24 14:10:27.572, 8.56 W
2026/07/24 14:10:28.573, 8.61 W
2026/07/24 14:10:29.573, 8.61 W
2026/07/24 14:10:30.573, 8.61 W
2026/07/24 14:10:31.573, 8.61 W
2026/07/24 14:10:32.573, 8.56 W
2026/07/24 14:10:33.573, 8.56 W
2026/07/24 14:10:34.573, 8.56 W
2026/07/24 14:10:35.573, 8.56 W
2026/07/24 14:10:36.574, 8.56 W
2026/07/24 14:10:37.574, 8.56 W
2026/07/24 14:10:38.574, 8.56 W
2026/07/24 14:10:39.574, 8.56 W
2026/07/24 14:10:40.574, 8.56 W
2026/07/24 14:10:41.574, 8.56 W
2026/07/24 14:10:42.574, 8.56 W
2026/07/24 14:10:43.574, 8.56 W
2026/07/24 14:10:44.575, 8.56 W
2026/07/24 14:10:45.575, 8.61 W
2026/07/24 14:10:46.575, 8.61 W
2026/07/24 14:10:47.575, 8.61 W
2026/07/24 14:10:48.575, 8.61 W
2026/07/24 14:10:49.575, 8.56 W
2026/07/24 14:10:50.575, 8.56 W
2026/07/24 14:10:51.575, 8.61 W
2026/07/24 14:10:52.575, 8.61 W
2026/07/24 14:10:53.575, 8.56 W
2026/07/24 14:10:54.575, 8.56 W
2026/07/24 14:10:55.576, 8.56 W
2026/07/24 14:10:56.576, 8.56 W
2026/07/24 14:10:57.576, 8.61 W
2026/07/24 14:10:58.576, 8.66 W
2026/07/24 14:10:59.576, 8.61 W
2026/07/24 14:11:00.576, 8.56 W
2026/07/24 14:11:01.576, 8.56 W
2026/07/24 14:11:02.576, 8.56 W
2026/07/24 14:11:03.576, 8.56 W
2026/07/24 14:11:04.576, 8.56 W
2026/07/24 14:11:05.577, 8.56 W
2026/07/24 14:11:06.577, 8.56 W
2026/07/24 14:11:07.577, 8.56 W
2026/07/24 14:11:08.577, 8.56 W
2026/07/24 14:11:09.577, 8.56 W
2026/07/24 14:11:10.577, 8.56 W
2026/07/24 14:11:11.577, 8.56 W
2026/07/24 14:11:12.577, 8.61 W
2026/07/24 14:11:13.577, 8.61 W
2026/07/24 14:11:14.578, 8.56 W
2026/07/24 14:11:15.578, 8.56 W
2026/07/24 14:11:16.578, 8.56 W
2026/07/24 14:11:17.578, 8.56 W
2026/07/24 14:11:18.578, 8.61 W
2026/07/24 14:11:19.578, 8.61 W
2026/07/24 14:11:20.578, 8.61 W
2026/07/24 14:11:21.578, 8.61 W
2026/07/24 14:11:22.579, 8.61 W
2026/07/24 14:11:23.579, 8.61 W
2026/07/24 14:11:24.579, 8.56 W
2026/07/24 14:11:25.579, 8.56 W
2026/07/24 14:11:26.579, 8.56 W
2026/07/24 14:11:27.579, 8.56 W
2026/07/24 14:11:28.579, 8.61 W
2026/07/24 14:11:29.580, 8.61 W
2026/07/24 14:11:30.580, 8.56 W
2026/07/24 14:11:31.580, 8.61 W
2026/07/24 14:11:32.580, 8.61 W
2026/07/24 14:11:33.580, 8.56 W
2026/07/24 14:11:34.580, 8.56 W
2026/07/24 14:11:35.580, 8.56 W
2026/07/24 14:11:36.581, 8.61 W
2026/07/24 14:11:37.581, 8.66 W
2026/07/24 14:11:38.581, 8.66 W
2026/07/24 14:11:39.581, 8.61 W
2026/07/24 14:11:40.581, 8.56 W
2026/07/24 14:11:41.581, 8.56 W
2026/07/24 14:11:42.581, 8.56 W
2026/07/24 14:11:43.581, 8.56 W
2026/07/24 14:11:44.581, 8.56 W
2026/07/24 14:11:45.581, 8.56 W
2026/07/24 14:11:46.582, 8.61 W
2026/07/24 14:11:47.582, 8.61 W
2026/07/24 14:11:48.582, 8.56 W
2026/07/24 14:11:49.582, 8.61 W
2026/07/24 14:11:50.582, 8.61 W
2026/07/24 14:11:51.582, 8.56 W
2026/07/24 14:11:52.582, 8.56 W
2026/07/24 14:11:53.582, 8.56 W
2026/07/24 14:11:54.582, 8.56 W
2026/07/24 14:11:55.583, 8.61 W
2026/07/24 14:11:56.583, 8.66 W
2026/07/24 14:11:57.583, 8.61 W
2026/07/24 14:11:58.583, 8.56 W
2026/07/24 14:11:59.583, 8.56 W
2026/07/24 14:12:00.583, 8.61 W
2026/07/24 14:12:01.583, 8.61 W
2026/07/24 14:12:02.583, 8.61 W
2026/07/24 14:12:03.584, 8.61 W
2026/07/24 14:12:04.584, 8.56 W
2026/07/24 14:12:05.584, 8.61 W
2026/07/24 14:12:06.584, 8.66 W
2026/07/24 14:12:07.584, 8.66 W
2026/07/24 14:12:08.584, 8.61 W
2026/07/24 14:12:09.584, 8.56 W
2026/07/24 14:12:10.584, 8.56 W
2026/07/24 14:12:11.585, 8.56 W
2026/07/24 14:12:12.585, 8.56 W
2026/07/24 14:12:13.585, 8.56 W
2026/07/24 14:12:14.585, 8.56 W
2026/07/24 14:12:15.585, 8.61 W
2026/07/24 14:12:16.585, 8.61 W
2026/07/24 14:12:17.585, 8.56 W
2026/07/24 14:12:18.585, 8.56 W
2026/07/24 14:12:19.586, 8.56 W
2026/07/24 14:12:20.586, 8.61 W
2026/07/24 14:12:21.586, 8.61 W
2026/07/24 14:12:22.586, 8.56 W
2026/07/24 14:12:23.586, 8.56 W
2026/07/24 14:12:24.586, 8.56 W
2026/07/24 14:12:25.586, 8.56 W
2026/07/24 14:12:26.587, 8.56 W
2026/07/24 14:12:27.587, 8.56 W
2026/07/24 14:12:28.587, 8.56 W
2026/07/24 14:12:29.587, 8.61 W
2026/07/24 14:12:30.587, 8.61 W
2026/07/24 14:12:31.587, 8.56 W
2026/07/24 14:12:32.587, 8.56 W
2026/07/24 14:12:33.587, 8.56 W
2026/07/24 14:12:34.588, 8.56 W
2026/07/24 14:12:35.588, 8.56 W
2026/07/24 14:12:36.588, 8.56 W
2026/07/24 14:12:37.588, 8.56 W
2026/07/24 14:12:38.588, 8.56 W
2026/07/24 14:12:39.588, 8.61 W
2026/07/24 14:12:40.588, 8.61 W
2026/07/24 14:12:41.588, 8.56 W
2026/07/24 14:12:42.588, 8.56 W
2026/07/24 14:12:43.588, 8.56 W
2026/07/24 14:12:44.589, 8.56 W
2026/07/24 14:12:45.589, 8.56 W
2026/07/24 14:12:46.589, 8.61 W
2026/07/24 14:12:47.589, 8.61 W
2026/07/24 14:12:48.589, 8.56 W
2026/07/24 14:12:49.589, 8.61 W
2026/07/24 14:12:50.589, 8.61 W
2026/07/24 14:12:51.589, 8.56 W
2026/07/24 14:12:52.589, 8.61 W
2026/07/24 14:12:53.589, 8.61 W
2026/07/24 14:12:54.590, 8.56 W
2026/07/24 14:12:55.590, 8.61 W
2026/07/24 14:12:56.590, 8.61 W
2026/07/24 14:12:57.590, 8.56 W
2026/07/24 14:12:58.590, 8.61 W
2026/07/24 14:12:59.590, 8.66 W
2026/07/24 14:13:00.590, 8.61 W
2026/07/24 14:13:01.590, 8.61 W
2026/07/24 14:13:02.590, 8.61 W
2026/07/24 14:13:03.590, 8.61 W
2026/07/24 14:13:04.591, 8.61 W
2026/07/24 14:13:05.591, 8.61 W
2026/07/24 14:13:06.591, 8.61 W
2026/07/24 14:13:07.591, 8.61 W
2026/07/24 14:13:08.591, 8.66 W
2026/07/24 14:13:09.591, 8.61 W
2026/07/24 14:13:10.591, 8.56 W
2026/07/24 14:13:11.591, 8.61 W
2026/07/24 14:13:12.592, 8.61 W
2026/07/24 14:13:13.592, 8.56 W
2026/07/24 14:13:14.592, 8.56 W
2026/07/24 14:13:15.592, 8.56 W
2026/07/24 14:13:16.592, 8.56 W
2026/07/24 14:13:17.592, 8.56 W
2026/07/24 14:13:18.592, 8.56 W
2026/07/24 14:13:19.592, 8.56 W
2026/07/24 14:13:20.592, 8.56 W
2026/07/24 14:13:21.593, 8.56 W
2026/07/24 14:13:22.593, 8.56 W
2026/07/24 14:13:23.593, 8.61 W
2026/07/24 14:13:24.593, 8.66 W
2026/07/24 14:13:25.593, 8.61 W
2026/07/24 14:13:26.593, 8.56 W
2026/07/24 14:13:27.593, 8.56 W
2026/07/24 14:13:28.593, 8.56 W
2026/07/24 14:13:29.593, 8.56 W
2026/07/24 14:13:30.593, 8.56 W
2026/07/24 14:13:31.594, 8.56 W
2026/07/24 14:13:32.594, 8.56 W
2026/07/24 14:13:33.594, 8.56 W
2026/07/24 14:13:34.594, 8.56 W
2026/07/24 14:13:35.594, 8.56 W
2026/07/24 14:13:36.594, 8.56 W
2026/07/24 14:13:37.594, 8.56 W
2026/07/24 14:13:38.594, 8.56 W
2026/07/24 14:13:39.594, 8.56 W
2026/07/24 14:13:40.594, 8.56 W
2026/07/24 14:13:41.595, 8.56 W
2026/07/24 14:13:42.595, 8.56 W
2026/07/24 14:13:43.595, 8.61 W
2026/07/24 14:13:44.595, 8.61 W
2026/07/24 14:13:45.595, 8.56 W
2026/07/24 14:13:46.595, 8.61 W
2026/07/24 14:13:47.595, 8.61 W
2026/07/24 14:13:48.595, 8.56 W
2026/07/24 14:13:49.595, 8.56 W
2026/07/24 14:13:50.596, 8.56 W
2026/07/24 14:13:51.596, 8.56 W
2026/07/24 14:13:52.596, 8.56 W
2026/07/24 14:13:53.596, 8.56 W
2026/07/24 14:13:54.596, 8.56 W
2026/07/24 14:13:55.596, 8.61 W
2026/07/24 14:13:56.596, 8.61 W
2026/07/24 14:13:57.596, 8.56 W
2026/07/24 14:13:58.596, 8.61 W
2026/07/24 14:13:59.597, 8.61 W
2026/07/24 14:14:00.597, 8.56 W
2026/07/24 14:14:01.597, 8.56 W
2026/07/24 14:14:02.597, 8.56 W
2026/07/24 14:14:03.597, 8.56 W
2026/07/24 14:14:04.597, 8.61 W
2026/07/24 14:14:05.597, 8.61 W
2026/07/24 14:14:06.597, 8.56 W
2026/07/24 14:14:07.597, 8.56 W
2026/07/24 14:14:08.597, 8.61 W
2026/07/24 14:14:09.598, 8.61 W
2026/07/24 14:14:10.598, 8.56 W
2026/07/24 14:14:11.598, 8.56 W
2026/07/24 14:14:12.598, 8.61 W
2026/07/24 14:14:13.598, 8.66 W
2026/07/24 14:14:14.598, 8.66 W
2026/07/24 14:14:15.598, 8.61 W
2026/07/24 14:14:16.598, 8.61 W
2026/07/24 14:14:17.598, 8.66 W
2026/07/24 14:14:18.598, 8.61 W
2026/07/24 14:14:19.599, 8.56 W
2026/07/24 14:14:20.599, 8.56 W
2026/07/24 14:14:21.599, 8.61 W
2026/07/24 14:14:22.599, 8.61 W
2026/07/24 14:14:23.599, 8.56 W
2026/07/24 14:14:24.599, 8.61 W
2026/07/24 14:14:25.599, 8.61 W
2026/07/24 14:14:26.599, 8.56 W
2026/07/24 14:14:27.599, 8.56 W
2026/07/24 14:14:28.599, 8.61 W
2026/07/24 14:14:29.599, 8.61 W
2026/07/24 14:14:30.600, 8.56 W
2026/07/24 14:14:31.600, 8.56 W
2026/07/24 14:14:32.600, 8.61 W
2026/07/24 14:14:33.600, 8.61 W
2026/07/24 14:14:34.600, 8.56 W
2026/07/24 14:14:35.600, 8.61 W
2026/07/24 14:14:36.600, 8.66 W
2026/07/24 14:14:37.600, 8.61 W
2026/07/24 14:14:38.600, 8.61 W
2026/07/24 14:14:39.601, 8.61 W
2026/07/24 14:14:40.601, 8.61 W
2026/07/24 14:14:41.601, 8.61 W
2026/07/24 14:14:42.601, 8.56 W
2026/07/24 14:14:43.601, 8.56 W
2026/07/24 14:14:44.601, 8.56 W
2026/07/24 14:14:45.601, 8.56 W
2026/07/24 14:14:46.601, 8.56 W
2026/07/24 14:14:47.601, 8.56 W
2026/07/24 14:14:48.601, 8.56 W
2026/07/24 14:14:49.601, 8.56 W
2026/07/24 14:14:50.602, 8.56 W
2026/07/24 14:14:51.602, 8.56 W
2026/07/24 14:14:52.602, 8.56 W
2026/07/24 14:14:53.602, 8.56 W
2026/07/24 14:14:54.602, 8.56 W
2026/07/24 14:14:55.602, 8.61 W
2026/07/24 14:14:56.602, 8.61 W
2026/07/24 14:14:57.602, 8.56 W
2026/07/24 14:14:58.602, 8.56 W
2026/07/24 14:14:59.603, 8.61 W
2026/07/24 14:15:00.603, 8.66 W
2026/07/24 14:15:01.603, 8.61 W
2026/07/24 14:15:02.603, 8.56 W
2026/07/24 14:15:03.603, 8.56 W
2026/07/24 14:15:04.603, 8.61 W
2026/07/24 14:15:05.603, 8.61 W
2026/07/24 14:15:06.603, 8.56 W
2026/07/24 14:15:07.603, 8.61 W
2026/07/24 14:15:08.603, 8.61 W
2026/07/24 14:15:09.604, 8.61 W
2026/07/24 14:15:10.604, 8.61 W
2026/07/24 14:15:11.604, 8.56 W
2026/07/24 14:15:12.604, 8.56 W
2026/07/24 14:15:13.604, 8.56 W
2026/07/24 14:15:14.604, 8.56 W
2026/07/24 14:15:15.604, 8.61 W
2026/07/24 14:15:16.604, 8.61 W
2026/07/24 14:15:17.604, 8.61 W
2026/07/24 14:15:18.605, 8.61 W
2026/07/24 14:15:19.605, 8.56 W
2026/07/24 14:15:20.605, 8.56 W
2026/07/24 14:15:21.605, 8.56 W
2026/07/24 14:15:22.605, 8.56 W
2026/07/24 14:15:23.605, 8.56 W
2026/07/24 14:15:24.605, 8.56 W
2026/07/24 14:15:25.605, 8.56 W
2026/07/24 14:15:26.605, 8.56 W
2026/07/24 14:15:27.606, 8.56 W
2026/07/24 14:15:28.606, 8.61 W
2026/07/24 14:15:29.606, 8.61 W
2026/07/24 14:15:30.606, 8.56 W
2026/07/24 14:15:31.606, 8.56 W
2026/07/24 14:15:32.606, 8.56 W
2026/07/24 14:15:33.606, 8.56 W
2026/07/24 14:15:34.606, 8.61 W
2026/07/24 14:15:35.606, 8.61 W
2026/07/24 14:15:36.606, 8.61 W
2026/07/24 14:15:37.607, 8.61 W
2026/07/24 14:15:38.607, 8.56 W
2026/07/24 14:15:39.607, 8.56 W
2026/07/24 14:15:40.607, 8.56 W
2026/07/24 14:15:41.607, 8.56 W
2026/07/24 14:15:42.607, 8.56 W
2026/07/24 14:15:43.607, 8.56 W
2026/07/24 14:15:44.607, 8.56 W
2026/07/24 14:15:45.607, 8.56 W
2026/07/24 14:15:46.607, 8.61 W
2026/07/24 14:15:47.607, 8.61 W
2026/07/24 14:15:48.608, 8.61 W
2026/07/24 14:15:49.608, 8.61 W
2026/07/24 14:15:50.608, 8.56 W
2026/07/24 14:15:51.608, 8.61 W
2026/07/24 14:15:52.608, 8.61 W
2026/07/24 14:15:53.608, 8.56 W
2026/07/24 14:15:54.608, 8.56 W
2026/07/24 14:15:55.608, 8.56 W
2026/07/24 14:15:56.609, 8.56 W
2026/07/24 14:15:57.609, 8.56 W
2026/07/24 14:15:58.609, 8.56 W
2026/07/24 14:15:59.609, 8.56 W
2026/07/24 14:16:00.609, 8.56 W
2026/07/24 14:16:01.609, 8.56 W
2026/07/24 14:16:02.609, 8.56 W
2026/07/24 14:16:03.609, 8.56 W
2026/07/24 14:16:04.609, 8.56 W
2026/07/24 14:16:05.609, 8.56 W
2026/07/24 14:16:06.610, 8.56 W
2026/07/24 14:16:07.610, 8.56 W
2026/07/24 14:16:08.610, 8.56 W
2026/07/24 14:16:09.610, 8.56 W
2026/07/24 14:16:10.610, 8.56 W
2026/07/24 14:16:11.610, 8.56 W
2026/07/24 14:16:12.610, 8.61 W
2026/07/24 14:16:13.610, 8.61 W
2026/07/24 14:16:14.610, 8.56 W
2026/07/24 14:16:15.610, 8.56 W
2026/07/24 14:16:16.611, 8.56 W
2026/07/24 14:16:17.611, 8.56 W
2026/07/24 14:16:18.611, 8.56 W
2026/07/24 14:16:19.611, 8.56 W
2026/07/24 14:16:20.611, 8.56 W
2026/07/24 14:16:21.611, 8.56 W
2026/07/24 14:16:22.611, 8.56 W
2026/07/24 14:16:23.611, 8.56 W
2026/07/24 14:16:24.611, 8.56 W
2026/07/24 14:16:25.611, 8.56 W
2026/07/24 14:16:26.612, 8.56 W
2026/07/24 14:16:27.612, 8.56 W
2026/07/24 14:16:28.612, 8.56 W
2026/07/24 14:16:29.612, 8.56 W
2026/07/24 14:16:30.612, 8.56 W
2026/07/24 14:16:31.612, 8.56 W
2026/07/24 14:16:32.612, 8.61 W
2026/07/24 14:16:33.612, 8.61 W
2026/07/24 14:16:34.613, 8.56 W
2026/07/24 14:16:35.613, 8.56 W
2026/07/24 14:16:36.613, 8.56 W
2026/07/24 14:16:37.613, 8.56 W
2026/07/24 14:16:38.613, 8.56 W
2026/07/24 14:16:39.613, 8.56 W
2026/07/24 14:16:40.613, 8.61 W
2026/07/24 14:16:41.613, 8.61 W
2026/07/24 14:16:42.613, 8.56 W
2026/07/24 14:16:43.613, 8.56 W
2026/07/24 14:16:44.614, 8.56 W
2026/07/24 14:16:45.614, 8.56 W
2026/07/24 14:16:46.614, 8.56 W
2026/07/24 14:16:47.614, 8.56 W
2026/07/24 14:16:48.614, 8.56 W
2026/07/24 14:16:49.614, 8.56 W
2026/07/24 14:16:50.614, 8.56 W
2026/07/24 14:16:51.614, 8.56 W
2026/07/24 14:16:52.614, 8.56 W
2026/07/24 14:16:53.615, 8.56 W
2026/07/24 14:16:54.615, 8.56 W
2026/07/24 14:16:55.615, 8.56 W
2026/07/24 14:16:56.615, 8.56 W
2026/07/24 14:16:57.615, 8.56 W
2026/07/24 14:16:58.615, 8.56 W
2026/07/24 14:16:59.615, 8.56 W
2026/07/24 14:17:00.615, 8.61 W
2026/07/24 14:17:01.615, 8.61 W
2026/07/24 14:17:02.616, 8.56 W
2026/07/24 14:17:03.616, 8.56 W
2026/07/24 14:17:04.616, 8.56 W
2026/07/24 14:17:05.616, 8.56 W
2026/07/24 14:17:06.616, 8.56 W
2026/07/24 14:17:07.616, 8.56 W
2026/07/24 14:17:08.616, 8.56 W
2026/07/24 14:17:09.616, 8.56 W
2026/07/24 14:17:10.616, 8.56 W
2026/07/24 14:17:11.617, 8.56 W
2026/07/24 14:17:12.617, 8.56 W
2026/07/24 14:17:13.617, 8.56 W
2026/07/24 14:17:14.617, 8.56 W
2026/07/24 14:17:15.617, 8.56 W
2026/07/24 14:17:16.617, 8.56 W
2026/07/24 14:17:17.617, 8.56 W
2026/07/24 14:17:18.617, 8.56 W
2026/07/24 14:17:19.617, 8.56 W
2026/07/24 14:17:20.618, 8.56 W
2026/07/24 14:17:21.618, 8.56 W
2026/07/24 14:17:22.618, 8.56 W
2026/07/24 14:17:23.618, 8.56 W
2026/07/24 14:17:24.618, 8.56 W
2026/07/24 14:17:25.618, 8.56 W
2026/07/24 14:17:26.618, 8.56 W
2026/07/24 14:17:27.618, 8.56 W
2026/07/24 14:17:28.618, 8.56 W
2026/07/24 14:17:29.619, 8.56 W
2026/07/24 14:17:30.619, 8.56 W
2026/07/24 14:17:31.619, 8.56 W
2026/07/24 14:17:32.619, 8.56 W
2026/07/24 14:17:33.619, 8.56 W
2026/07/24 14:17:34.619, 8.56 W
2026/07/24 14:17:35.619, 8.56 W
2026/07/24 14:17:36.619, 8.56 W
2026/07/24 14:17:37.620, 8.56 W
2026/07/24 14:17:38.620, 8.56 W
2026/07/24 14:17:39.620, 8.56 W
2026/07/24 14:17:40.620, 8.56 W
2026/07/24 14:17:41.620, 8.56 W
2026/07/24 14:17:42.620, 8.56 W
2026/07/24 14:17:43.620, 8.56 W
2026/07/24 14:17:44.620, 8.56 W
2026/07/24 14:17:45.620, 8.56 W
2026/07/24 14:17:46.620, 8.56 W
2026/07/24 14:17:47.621, 8.56 W
2026/07/24 14:17:48.621, 8.56 W
2026/07/24 14:17:49.621, 8.56 W
2026/07/24 14:17:50.621, 8.56 W
2026/07/24 14:17:51.621, 8.56 W
2026/07/24 14:17:52.621, 8.56 W
2026/07/24 14:17:53.621, 8.56 W
2026/07/24 14:17:54.621, 8.56 W
2026/07/24 14:17:55.621, 8.56 W
2026/07/24 14:17:56.621, 8.56 W
2026/07/24 14:17:57.622, 8.56 W
2026/07/24 14:17:58.622, 8.56 W
2026/07/24 14:17:59.622, 8.56 W
2026/07/24 14:18:00.622, 8.56 W
2026/07/24 14:18:01.622, 8.56 W
2026/07/24 14:18:02.622, 8.56 W
2026/07/24 14:18:03.622, 8.56 W
2026/07/24 14:18:04.622, 8.56 W
2026/07/24 14:18:05.622, 8.56 W
2026/07/24 14:18:06.622, 8.56 W
2026/07/24 14:18:07.623, 8.56 W
2026/07/24 14:18:08.623, 8.56 W
2026/07/24 14:18:09.623, 8.56 W
2026/07/24 14:18:10.623, 8.56 W
2026/07/24 14:18:11.623, 8.56 W
2026/07/24 14:18:12.623, 8.56 W
2026/07/24 14:18:13.623, 8.56 W
2026/07/24 14:18:14.623, 8.56 W
2026/07/24 14:18:15.623, 8.56 W
2026/07/24 14:18:16.623, 8.56 W
2026/07/24 14:18:17.624, 8.56 W
2026/07/24 14:18:18.624, 8.56 W
2026/07/24 14:18:19.624, 8.56 W
2026/07/24 14:18:20.624, 8.56 W
2026/07/24 14:18:21.624, 8.56 W
2026/07/24 14:18:22.624, 8.56 W
2026/07/24 14:18:23.624, 8.56 W
2026/07/24 14:18:24.624, 8.56 W
2026/07/24 14:18:25.624, 8.56 W
2026/07/24 14:18:26.624, 8.56 W
2026/07/24 14:18:27.625, 8.56 W
2026/07/24 14:18:28.625, 8.56 W
2026/07/24 14:18:29.625, 8.56 W
2026/07/24 14:18:30.625, 8.56 W
2026/07/24 14:18:31.625, 8.56 W
2026/07/24 14:18:32.625, 8.56 W
2026/07/24 14:18:33.625, 8.56 W
2026/07/24 14:18:34.625, 8.56 W
2026/07/24 14:18:35.625, 8.56 W
2026/07/24 14:18:36.626, 8.56 W
2026/07/24 14:18:37.626, 8.56 W
2026/07/24 14:18:38.626, 8.56 W
2026/07/24 14:18:39.626, 8.56 W
2026/07/24 14:18:40.626, 8.56 W
2026/07/24 14:18:41.626, 8.56 W
2026/07/24 14:18:42.626, 8.56 W
2026/07/24 14:18:43.626, 8.56 W
2026/07/24 14:18:44.626, 8.56 W
2026/07/24 14:18:45.626, 8.56 W
2026/07/24 14:18:46.627, 8.56 W
2026/07/24 14:18:47.627, 8.56 W
2026/07/24 14:18:48.627, 8.56 W
2026/07/24 14:18:49.627, 8.56 W
2026/07/24 14:18:50.627, 8.56 W
2026/07/24 14:18:51.627, 8.56 W
2026/07/24 14:18:52.627, 8.56 W
2026/07/24 14:18:53.627, 8.56 W
2026/07/24 14:18:54.627, 8.56 W
2026/07/24 14:18:55.627, 8.56 W
2026/07/24 14:18:56.628, 8.56 W
2026/07/24 14:18:57.628, 8.56 W
2026/07/24 14:18:58.628, 8.56 W
2026/07/24 14:18:59.628, 8.56 W
2026/07/24 14:19:00.628, 8.56 W
2026/07/24 14:19:01.628, 8.56 W
2026/07/24 14:19:02.628, 8.56 W
2026/07/24 14:19:03.628, 8.56 W
2026/07/24 14:19:04.628, 8.56 W
2026/07/24 14:19:05.628, 8.56 W
2026/07/24 14:19:06.629, 8.56 W
2026/07/24 14:19:07.629, 8.56 W
2026/07/24 14:19:08.629, 8.56 W
2026/07/24 14:19:09.629, 8.56 W
2026/07/24 14:19:10.629, 8.56 W
2026/07/24 14:19:11.629, 8.56 W
2026/07/24 14:19:12.629, 8.56 W
2026/07/24 14:19:13.629, 8.56 W
2026/07/24 14:19:14.629, 8.56 W
2026/07/24 14:19:15.629, 8.56 W
2026/07/24 14:19:16.630, 8.56 W
2026/07/24 14:19:17.630, 8.56 W
2026/07/24 14:19:18.630, 8.56 W
2026/07/24 14:19:19.630, 8.56 W
2026/07/24 14:19:20.630, 8.56 W
2026/07/24 14:19:21.630, 8.56 W
2026/07/24 14:19:22.630, 8.56 W
2026/07/24 14:19:23.630, 8.56 W
2026/07/24 14:19:24.630, 8.56 W
2026/07/24 14:19:25.630, 8.56 W
2026/07/24 14:19:26.631, 8.56 W
2026/07/24 14:19:27.631, 8.56 W
2026/07/24 14:19:28.631, 8.56 W
2026/07/24 14:19:29.631, 8.56 W
2026/07/24 14:19:30.631, 8.56 W
2026/07/24 14:19:31.631, 8.56 W
2026/07/24 14:19:32.631, 8.56 W
2026/07/24 14:19:33.631, 8.56 W
2026/07/24 14:19:34.632, 8.56 W
2026/07/24 14:19:35.632, 8.56 W
2026/07/24 14:19:36.632, 8.56 W
2026/07/24 14:19:37.632, 8.56 W
2026/07/24 14:19:38.632, 8.56 W
2026/07/24 14:19:39.632, 8.56 W
2026/07/24 14:19:40.632, 8.56 W
2026/07/24 14:19:41.632, 8.56 W
2026/07/24 14:19:42.632, 8.56 W
2026/07/24 14:19:43.632, 8.56 W
2026/07/24 14:19:44.632, 8.56 W
2026/07/24 14:19:45.633, 8.56 W
2026/07/24 14:19:46.633, 8.56 W
2026/07/24 14:19:47.633, 8.56 W
2026/07/24 14:19:48.633, 8.56 W
2026/07/24 14:19:49.633, 8.56 W
2026/07/24 14:19:50.633, 8.56 W
2026/07/24 14:19:51.633, 8.56 W
2026/07/24 14:19:52.633, 8.56 W
2026/07/24 14:19:53.633, 8.56 W
2026/07/24 14:19:54.633, 8.56 W
2026/07/24 14:19:55.633, 8.56 W
2026/07/24 14:19:56.634, 8.56 W
2026/07/24 14:19:57.634, 8.56 W
2026/07/24 14:19:58.634, 8.56 W
2026/07/24 14:19:59.634, 8.56 W
2026/07/24 14:20:00.634, 8.56 W
2026/07/24 14:20:01.634, 8.56 W
2026/07/24 14:20:02.634, 8.56 W
2026/07/24 14:20:03.634, 8.56 W
2026/07/24 14:20:04.634, 8.56 W
2026/07/24 14:20:05.634, 8.56 W
2026/07/24 14:20:06.634, 8.56 W
2026/07/24 14:20:07.635, 8.56 W
2026/07/24 14:20:08.635, 8.56 W
2026/07/24 14:20:09.635, 8.56 W
2026/07/24 14:20:10.635, 8.56 W
2026/07/24 14:20:11.635, 8.56 W
2026/07/24 14:20:12.635, 8.56 W
2026/07/24 14:20:13.635, 8.56 W
2026/07/24 14:20:14.635, 8.56 W
2026/07/24 14:20:15.635, 8.56 W
2026/07/24 14:20:16.635, 8.56 W
2026/07/24 14:20:17.636, 8.56 W
2026/07/24 14:20:18.636, 8.56 W
2026/07/24 14:20:19.636, 8.56 W
2026/07/24 14:20:20.636, 8.56 W
2026/07/24 14:20:21.636, 8.56 W
2026/07/24 14:20:22.636, 8.56 W
2026/07/24 14:20:23.636, 8.56 W
2026/07/24 14:20:24.636, 8.56 W
2026/07/24 14:20:25.636, 8.56 W
2026/07/24 14:20:26.637, 8.56 W
2026/07/24 14:20:27.637, 8.56 W
2026/07/24 14:20:28.637, 8.56 W
2026/07/24 14:20:29.637, 8.56 W
2026/07/24 14:20:30.637, 8.56 W
2026/07/24 14:20:31.637, 8.56 W
2026/07/24 14:20:32.637, 8.56 W
2026/07/24 14:20:33.638, 8.56 W
2026/07/24 14:20:34.638, 8.56 W
2026/07/24 14:20:35.638, 8.56 W
2026/07/24 14:20:36.638, 8.56 W
2026/07/24 14:20:37.638, 8.56 W
2026/07/24 14:20:38.638, 8.56 W
2026/07/24 14:20:39.638, 8.56 W
2026/07/24 14:20:40.638, 8.56 W
2026/07/24 14:20:41.638, 8.56 W
2026/07/24 14:20:42.639, 8.56 W
2026/07/24 14:20:43.639, 8.56 W
2026/07/24 14:20:44.639, 8.56 W
2026/07/24 14:20:45.639, 8.56 W
2026/07/24 14:20:46.639, 8.56 W
2026/07/24 14:20:47.639, 8.56 W
2026/07/24 14:20:48.639, 8.56 W
2026/07/24 14:20:49.639, 8.56 W
2026/07/24 14:20:50.639, 8.56 W
2026/07/24 14:20:51.639, 8.56 W
2026/07/24 14:20:52.639, 8.56 W
2026/07/24 14:20:53.640, 8.56 W
2026/07/24 14:20:54.640, 8.56 W
2026/07/24 14:20:55.640, 8.56 W
2026/07/24 14:20:56.640, 8.56 W
2026/07/24 14:20:57.640, 8.56 W
2026/07/24 14:20:58.640, 8.56 W
2026/07/24 14:20:59.640, 8.56 W
2026/07/24 14:21:00.640, 8.56 W
2026/07/24 14:21:01.640, 8.56 W
2026/07/24 14:21:02.640, 8.56 W
2026/07/24 14:21:03.641, 8.56 W
2026/07/24 14:21:04.641, 8.56 W
2026/07/24 14:21:05.641, 8.56 W
2026/07/24 14:21:06.641, 8.56 W
2026/07/24 14:21:07.641, 8.56 W
2026/07/24 14:21:08.641, 8.56 W
2026/07/24 14:21:09.641, 8.56 W
2026/07/24 14:21:10.641, 8.56 W
2026/07/24 14:21:11.641, 8.56 W
2026/07/24 14:21:12.641, 8.56 W
2026/07/24 14:21:13.642, 8.56 W
2026/07/24 14:21:14.642, 8.56 W
2026/07/24 14:21:15.642, 8.56 W
2026/07/24 14:21:16.642, 8.56 W
2026/07/24 14:21:17.642, 8.56 W
2026/07/24 14:21:18.642, 8.56 W
2026/07/24 14:21:19.642, 8.56 W
2026/07/24 14:21:20.642, 8.56 W
2026/07/24 14:21:21.642, 8.56 W
2026/07/24 14:21:22.642, 8.56 W
2026/07/24 14:21:23.642, 8.56 W
2026/07/24 14:21:24.643, 8.56 W
2026/07/24 14:21:25.643, 8.56 W
2026/07/24 14:21:26.643, 8.56 W
2026/07/24 14:21:27.643, 8.56 W
2026/07/24 14:21:28.643, 8.56 W
2026/07/24 14:21:29.643, 8.56 W
2026/07/24 14:21:30.643, 8.56 W
2026/07/24 14:21:31.643, 8.56 W
2026/07/24 14:21:32.643, 8.56 W
2026/07/24 14:21:33.644, 8.56 W
2026/07/24 14:21:34.644, 8.56 W
2026/07/24 14:21:35.644, 8.56 W
2026/07/24 14:21:36.644, 8.56 W
2026/07/24 14:21:37.644, 8.56 W
2026/07/24 14:21:38.644, 8.56 W
2026/07/24 14:21:39.644, 8.56 W
2026/07/24 14:21:40.644, 8.56 W
2026/07/24 14:21:41.644, 8.56 W
2026/07/24 14:21:42.645, 8.56 W
2026/07/24 14:21:43.645, 8.56 W
2026/07/24 14:21:44.645, 8.56 W
2026/07/24 14:21:45.645, 8.56 W
2026/07/24 14:21:46.645, 8.56 W
2026/07/24 14:21:47.645, 8.56 W
2026/07/24 14:21:48.645, 8.56 W
2026/07/24 14:21:49.645, 8.56 W
2026/07/24 14:21:50.645, 8.56 W
2026/07/24 14:21:51.646, 8.56 W
2026/07/24 14:21:52.646, 8.56 W
2026/07/24 14:21:53.646, 8.56 W
2026/07/24 14:21:54.646, 8.56 W
2026/07/24 14:21:55.646, 8.56 W
2026/07/24 14:21:56.646, 8.56 W
2026/07/24 14:21:57.646, 8.56 W
2026/07/24 14:21:58.646, 8.56 W
2026/07/24 14:21:59.646, 8.56 W
2026/07/24 14:22:00.646, 8.56 W
2026/07/24 14:22:01.647, 8.56 W
2026/07/24 14:22:02.647, 8.56 W
2026/07/24 14:22:03.647, 8.56 W
2026/07/24 14:22:04.647, 8.56 W
2026/07/24 14:22:05.647, 8.56 W
2026/07/24 14:22:06.647, 8.56 W
2026/07/24 14:22:07.647, 8.56 W
2026/07/24 14:22:08.647, 8.56 W
2026/07/24 14:22:09.647, 8.56 W
2026/07/24 14:22:10.647, 8.56 W
2026/07/24 14:22:11.647, 8.56 W
2026/07/24 14:22:12.648, 8.56 W
2026/07/24 14:22:13.648, 8.56 W
2026/07/24 14:22:14.648, 8.56 W
2026/07/24 14:22:15.648, 8.56 W
2026/07/24 14:22:16.648, 8.56 W
2026/07/24 14:22:17.648, 8.56 W
2026/07/24 14:22:18.648, 8.56 W
2026/07/24 14:22:19.648, 8.56 W
2026/07/24 14:22:20.648, 8.56 W
2026/07/24 14:22:21.649, 8.56 W
2026/07/24 14:22:22.649, 8.56 W
2026/07/24 14:22:23.649, 8.56 W
2026/07/24 14:22:24.649, 8.56 W
2026/07/24 14:22:25.649, 8.56 W
2026/07/24 14:22:26.649, 8.56 W
2026/07/24 14:22:27.649, 8.56 W
2026/07/24 14:22:28.649, 8.56 W
2026/07/24 14:22:29.649, 8.56 W
2026/07/24 14:22:30.649, 8.56 W
2026/07/24 14:22:31.650, 8.56 W
2026/07/24 14:22:32.650, 8.56 W
2026/07/24 14:22:33.650, 8.56 W
2026/07/24 14:22:34.650, 8.56 W
2026/07/24 14:22:35.650, 8.56 W
2026/07/24 14:22:36.650, 8.56 W
2026/07/24 14:22:37.651, 8.56 W
2026/07/24 14:22:38.651, 8.56 W
2026/07/24 14:22:39.651, 8.56 W
2026/07/24 14:22:40.651, 8.56 W
2026/07/24 14:22:41.651, 8.56 W
2026/07/24 14:22:42.651, 8.56 W
2026/07/24 14:22:43.651, 8.56 W
2026/07/24 14:22:44.651, 8.56 W
2026/07/24 14:22:45.651, 8.56 W
2026/07/24 14:22:46.652, 8.56 W
2026/07/24 14:22:47.652, 8.56 W
2026/07/24 14:22:48.652, 8.56 W
2026/07/24 14:22:49.652, 8.56 W
2026/07/24 14:22:50.652, 8.56 W
2026/07/24 14:22:51.652, 8.56 W
2026/07/24 14:22:52.652, 8.56 W
2026/07/24 14:22:53.652, 8.56 W
2026/07/24 14:22:54.652, 8.56 W
2026/07/24 14:22:55.652, 8.56 W
2026/07/24 14:22:56.653, 8.56 W
2026/07/24 14:22:57.653, 8.56 W
2026/07/24 14:22:58.653, 8.56 W
2026/07/24 14:22:59.653, 8.56 W
2026/07/24 14:23:00.653, 8.56 W
2026/07/24 14:23:01.653, 8.56 W
2026/07/24 14:23:02.653, 8.56 W
2026/07/24 14:23:03.653, 8.56 W
2026/07/24 14:23:04.654, 8.56 W
2026/07/24 14:23:05.654, 8.56 W
2026/07/24 14:23:06.654, 8.56 W
2026/07/24 14:23:07.654, 8.56 W
2026/07/24 14:23:08.654, 8.56 W
2026/07/24 14:23:09.654, 8.56 W
2026/07/24 14:23:10.654, 8.56 W
2026/07/24 14:23:11.654, 8.56 W
2026/07/24 14:23:12.654, 8.56 W
2026/07/24 14:23:13.655, 8.56 W
2026/07/24 14:23:14.655, 8.56 W
2026/07/24 14:23:15.655, 8.56 W
2026/07/24 14:23:16.655, 8.56 W
2026/07/24 14:23:17.655, 8.56 W
2026/07/24 14:23:18.655, 8.56 W
2026/07/24 14:23:19.655, 8.56 W
2026/07/24 14:23:20.655, 8.56 W
2026/07/24 14:23:21.655, 8.56 W
2026/07/24 14:23:22.655, 8.56 W
2026/07/24 14:23:23.656, 8.56 W
2026/07/24 14:23:24.656, 8.56 W
2026/07/24 14:23:25.656, 8.56 W
2026/07/24 14:23:26.656, 8.56 W
2026/07/24 14:23:27.656, 8.56 W
2026/07/24 14:23:28.656, 8.56 W
2026/07/24 14:23:29.656, 8.56 W
2026/07/24 14:23:30.656, 8.56 W
2026/07/24 14:23:31.656, 8.56 W
2026/07/24 14:23:32.657, 8.56 W
2026/07/24 14:23:33.657, 8.56 W
2026/07/24 14:23:34.657, 8.56 W
2026/07/24 14:23:35.657, 8.56 W
2026/07/24 14:23:36.657, 8.56 W
2026/07/24 14:23:37.657, 8.56 W
2026/07/24 14:23:38.657, 8.56 W
2026/07/24 14:23:39.657, 8.56 W
2026/07/24 14:23:40.657, 8.56 W
2026/07/24 14:23:41.658, 8.56 W
2026/07/24 14:23:42.658, 8.56 W
2026/07/24 14:23:43.658, 8.56 W
2026/07/24 14:23:44.658, 8.56 W
2026/07/24 14:23:45.658, 8.56 W
2026/07/24 14:23:46.658, 8.56 W
2026/07/24 14:23:47.658, 8.56 W
2026/07/24 14:23:48.658, 8.56 W
2026/07/24 14:23:49.658, 8.56 W
2026/07/24 14:23:50.658, 8.56 W
2026/07/24 14:23:51.659, 8.56 W
2026/07/24 14:23:52.659, 8.56 W
2026/07/24 14:23:53.659, 8.56 W
2026/07/24 14:23:54.659, 8.56 W
2026/07/24 14:23:55.659, 8.56 W
2026/07/24 14:23:56.659, 8.56 W
2026/07/24 14:23:57.659, 8.56 W
2026/07/24 14:23:58.659, 8.56 W
2026/07/24 14:23:59.659, 8.56 W
2026/07/24 14:24:00.660, 8.56 W
2026/07/24 14:24:01.660, 8.56 W
2026/07/24 14:24:02.660, 8.56 W
2026/07/24 14:24:03.660, 8.56 W
2026/07/24 14:24:04.660, 8.56 W
2026/07/24 14:24:05.660, 8.56 W
2026/07/24 14:24:06.660, 8.56 W
2026/07/24 14:24:07.660, 8.56 W
2026/07/24 14:24:08.660, 8.56 W
2026/07/24 14:24:09.661, 8.56 W
2026/07/24 14:24:10.661, 8.56 W
2026/07/24 14:24:11.661, 8.56 W
2026/07/24 14:24:12.661, 8.56 W
2026/07/24 14:24:13.661, 8.56 W
2026/07/24 14:24:14.661, 8.56 W
2026/07/24 14:24:15.661, 8.56 W
2026/07/24 14:24:16.661, 8.56 W
2026/07/24 14:24:17.661, 8.56 W
2026/07/24 14:24:18.662, 8.56 W
2026/07/24 14:24:19.662, 8.56 W
2026/07/24 14:24:20.662, 8.56 W
2026/07/24 14:24:21.662, 8.56 W
2026/07/24 14:24:22.662, 8.56 W
2026/07/24 14:24:23.662, 8.56 W
2026/07/24 14:24:24.662, 8.56 W
2026/07/24 14:24:25.662, 8.56 W
2026/07/24 14:24:26.662, 8.56 W
2026/07/24 14:24:27.662, 8.56 W
2026/07/24 14:24:28.663, 8.56 W
2026/07/24 14:24:29.663, 8.56 W
2026/07/24 14:24:30.663, 8.56 W
2026/07/24 14:24:31.663, 8.56 W
2026/07/24 14:24:32.663, 8.56 W
2026/07/24 14:24:33.663, 8.56 W
2026/07/24 14:24:34.663, 8.56 W
2026/07/24 14:24:35.663, 8.56 W
2026/07/24 14:24:36.664, 8.56 W
2026/07/24 14:24:37.664, 8.56 W
2026/07/24 14:24:38.664, 8.56 W
2026/07/24 14:24:39.664, 8.56 W
2026/07/24 14:24:40.664, 8.56 W
2026/07/24 14:24:41.664, 8.56 W
2026/07/24 14:24:42.664, 8.56 W
2026/07/24 14:24:43.664, 8.56 W
2026/07/24 14:24:44.664, 8.56 W
2026/07/24 14:24:45.664, 8.56 W
2026/07/24 14:24:46.665, 8.56 W
2026/07/24 14:24:47.665, 8.56 W
2026/07/24 14:24:48.665, 8.56 W
2026/07/24 14:24:49.665, 8.56 W
2026/07/24 14:24:50.665, 8.56 W
2026/07/24 14:24:51.665, 8.56 W
2026/07/24 14:24:52.665, 8.56 W
2026/07/24 14:24:53.665, 8.56 W
2026/07/24 14:24:54.666, 8.56 W
2026/07/24 14:24:55.666, 8.56 W
2026/07/24 14:24:56.666, 8.56 W
2026/07/24 14:24:57.666, 8.56 W
2026/07/24 14:24:58.666, 8.56 W
2026/07/24 14:24:59.666, 8.56 W
2026/07/24 14:25:00.666, 8.56 W
2026/07/24 14:25:01.666, 8.56 W
2026/07/24 14:25:02.666, 8.56 W
2026/07/24 14:25:03.667, 8.56 W
2026/07/24 14:25:04.667, 8.56 W
2026/07/24 14:25:05.667, 8.56 W
2026/07/24 14:25:06.667, 8.56 W
2026/07/24 14:25:07.667, 8.56 W
2026/07/24 14:25:08.667, 8.56 W
2026/07/24 14:25:09.667, 8.56 W
2026/07/24 14:25:10.667, 8.56 W
2026/07/24 14:25:11.668, 8.56 W
2026/07/24 14:25:12.668, 8.56 W
2026/07/24 14:25:13.668, 8.56 W
2026/07/24 14:25:14.668, 8.56 W
2026/07/24 14:25:15.668, 8.56 W
2026/07/24 14:25:16.668, 8.56 W
2026/07/24 14:25:17.668, 8.56 W
2026/07/24 14:25:18.668, 8.56 W
2026/07/24 14:25:19.668, 8.56 W
2026/07/24 14:25:20.669, 8.56 W
2026/07/24 14:25:21.669, 8.56 W
2026/07/24 14:25:22.669, 8.56 W
2026/07/24 14:25:23.669, 8.56 W
2026/07/24 14:25:24.669, 8.56 W
2026/07/24 14:25:25.669, 8.56 W
2026/07/24 14:25:26.669, 8.56 W
2026/07/24 14:25:27.669, 8.56 W
2026/07/24 14:25:28.670, 8.56 W
2026/07/24 14:25:29.670, 8.56 W
2026/07/24 14:25:30.670, 8.56 W
2026/07/24 14:25:31.670, 8.56 W
2026/07/24 14:25:32.670, 8.56 W
2026/07/24 14:25:33.670, 8.56 W
2026/07/24 14:25:34.670, 8.56 W
2026/07/24 14:25:35.671, 8.56 W
2026/07/24 14:25:36.671, 8.56 W
2026/07/24 14:25:37.671, 8.56 W
2026/07/24 14:25:38.671, 8.56 W
2026/07/24 14:25:39.671, 8.56 W
2026/07/24 14:25:40.671, 8.56 W
2026/07/24 14:25:41.671, 8.56 W
2026/07/24 14:25:42.671, 8.56 W
2026/07/24 14:25:43.671, 8.56 W
2026/07/24 14:25:44.671, 8.56 W
2026/07/24 14:25:45.672, 8.56 W
2026/07/24 14:25:46.672, 8.56 W
2026/07/24 14:25:47.672, 8.56 W
2026/07/24 14:25:48.672, 8.56 W
2026/07/24 14:25:49.672, 8.56 W
2026/07/24 14:25:50.672, 8.56 W
2026/07/24 14:25:51.672, 8.56 W
2026/07/24 14:25:52.672, 8.56 W
2026/07/24 14:25:53.672, 8.56 W
2026/07/24 14:25:54.672, 8.56 W
2026/07/24 14:25:55.673, 8.56 W
2026/07/24 14:25:56.673, 8.56 W
2026/07/24 14:25:57.673, 8.56 W
2026/07/24 14:25:58.673, 8.56 W
2026/07/24 14:25:59.673, 8.56 W
2026/07/24 14:26:00.673, 8.56 W
2026/07/24 14:26:01.673, 8.56 W
2026/07/24 14:26:02.673, 8.56 W
2026/07/24 14:26:03.674, 8.56 W
2026/07/24 14:26:04.674, 8.56 W
2026/07/24 14:26:05.674, 8.56 W
2026/07/24 14:26:06.674, 8.56 W
2026/07/24 14:26:07.674, 8.56 W
2026/07/24 14:26:08.674, 8.56 W
2026/07/24 14:26:09.674, 8.56 W
2026/07/24 14:26:10.674, 8.56 W
2026/07/24 14:26:11.674, 8.56 W
2026/07/24 14:26:12.674, 8.56 W
2026/07/24 14:26:13.675, 8.56 W
2026/07/24 14:26:14.675, 8.56 W
2026/07/24 14:26:15.675, 8.56 W
2026/07/24 14:26:16.675, 8.56 W
2026/07/24 14:26:17.675, 8.56 W
2026/07/24 14:26:18.675, 8.56 W
2026/07/24 14:26:19.675, 8.56 W
2026/07/24 14:26:20.675, 8.56 W
2026/07/24 14:26:21.675, 8.56 W
2026/07/24 14:26:22.675, 8.56 W
2026/07/24 14:26:23.675, 8.56 W
2026/07/24 14:26:24.676, 8.56 W
2026/07/24 14:26:25.676, 8.56 W
2026/07/24 14:26:26.676, 8.56 W
2026/07/24 14:26:27.676, 8.56 W
2026/07/24 14:26:28.676, 8.56 W
2026/07/24 14:26:29.676, 8.56 W
2026/07/24 14:26:30.676, 8.56 W
2026/07/24 14:26:31.676, 8.56 W
2026/07/24 14:26:32.676, 8.56 W
2026/07/24 14:26:33.677, 8.56 W
2026/07/24 14:26:34.677, 8.56 W
2026/07/24 14:26:35.677, 8.56 W
2026/07/24 14:26:36.677, 8.56 W
2026/07/24 14:26:37.677, 8.56 W
2026/07/24 14:26:38.677, 8.56 W
2026/07/24 14:26:39.677, 8.56 W
2026/07/24 14:26:40.677, 8.56 W
2026/07/24 14:26:41.677, 8.56 W
2026/07/24 14:26:42.678, 8.56 W
2026/07/24 14:26:43.678, 8.56 W
2026/07/24 14:26:44.678, 8.56 W
2026/07/24 14:26:45.678, 8.56 W
2026/07/24 14:26:46.678, 8.56 W
2026/07/24 14:26:47.678, 8.56 W
2026/07/24 14:26:48.678, 8.56 W
2026/07/24 14:26:49.678, 8.56 W
2026/07/24 14:26:50.678, 8.56 W
2026/07/24 14:26:51.678, 8.56 W
2026/07/24 14:26:52.678, 8.56 W
2026/07/24 14:26:53.679, 8.56 W
2026/07/24 14:26:54.679, 8.56 W
2026/07/24 14:26:55.679, 8.56 W
2026/07/24 14:26:56.679, 8.56 W
2026/07/24 14:26:57.679, 8.56 W
2026/07/24 14:26:58.679, 8.56 W
2026/07/24 14:26:59.679, 8.56 W
2026/07/24 14:27:00.680, 8.56 W
2026/07/24 14:27:01.680, 8.56 W
2026/07/24 14:27:02.680, 8.56 W
2026/07/24 14:27:03.680, 8.56 W
2026/07/24 14:27:04.680, 8.56 W
2026/07/24 14:27:05.680, 8.56 W
2026/07/24 14:27:06.680, 8.56 W
2026/07/24 14:27:07.680, 8.56 W
2026/07/24 14:27:08.680, 8.56 W
2026/07/24 14:27:09.680, 8.56 W
2026/07/24 14:27:10.680, 8.56 W
2026/07/24 14:27:11.681, 8.56 W
2026/07/24 14:27:12.681, 8.56 W
2026/07/24 14:27:13.681, 8.56 W
2026/07/24 14:27:14.681, 8.56 W
2026/07/24 14:27:15.681, 8.56 W
2026/07/24 14:27:16.681, 8.56 W
2026/07/24 14:27:17.681, 8.56 W
2026/07/24 14:27:18.681, 8.56 W
2026/07/24 14:27:19.682, 8.56 W
2026/07/24 14:27:20.682, 8.56 W
2026/07/24 14:27:21.682, 8.56 W
2026/07/24 14:27:22.682, 8.56 W
2026/07/24 14:27:23.682, 8.56 W
2026/07/24 14:27:24.682, 8.56 W
2026/07/24 14:27:25.682, 8.56 W
2026/07/24 14:27:26.682, 8.56 W
2026/07/24 14:27:27.682, 8.56 W
2026/07/24 14:27:28.682, 8.56 W
2026/07/24 14:27:29.683, 8.56 W
2026/07/24 14:27:30.683, 8.56 W
2026/07/24 14:27:31.683, 8.56 W
2026/07/24 14:27:32.683, 8.56 W
2026/07/24 14:27:33.683, 8.56 W
2026/07/24 14:27:34.683, 8.56 W
2026/07/24 14:27:35.683, 8.56 W
2026/07/24 14:27:36.683, 8.56 W
2026/07/24 14:27:37.683, 8.56 W
2026/07/24 14:27:38.683, 8.56 W
2026/07/24 14:27:39.684, 8.56 W
2026/07/24 14:27:40.684, 8.56 W
2026/07/24 14:27:41.684, 8.56 W
2026/07/24 14:27:42.684, 8.56 W
2026/07/24 14:27:43.684, 8.56 W
2026/07/24 14:27:44.684, 8.56 W
2026/07/24 14:27:45.684, 8.56 W
2026/07/24 14:27:46.684, 8.56 W
2026/07/24 14:27:47.684, 8.56 W
2026/07/24 14:27:48.685, 8.56 W
2026/07/24 14:27:49.685, 8.56 W
2026/07/24 14:27:50.685, 8.56 W
2026/07/24 14:27:51.685, 8.56 W
2026/07/24 14:27:52.685, 8.56 W
2026/07/24 14:27:53.685, 8.56 W
2026/07/24 14:27:54.685, 8.56 W
2026/07/24 14:27:55.685, 8.56 W
2026/07/24 14:27:56.686, 8.56 W
2026/07/24 14:27:57.686, 8.56 W
2026/07/24 14:27:58.686, 8.56 W
2026/07/24 14:27:59.686, 8.56 W
2026/07/24 14:28:00.686, 8.56 W
2026/07/24 14:28:01.686, 8.56 W
2026/07/24 14:28:02.686, 8.56 W
2026/07/24 14:28:03.686, 8.56 W
2026/07/24 14:28:04.687, 8.56 W
2026/07/24 14:28:05.687, 8.56 W
2026/07/24 14:28:06.687, 8.56 W
2026/07/24 14:28:07.687, 8.56 W
2026/07/24 14:28:08.687, 8.56 W
2026/07/24 14:28:09.687, 8.56 W
2026/07/24 14:28:10.687, 8.56 W
2026/07/24 14:28:11.687, 8.56 W
2026/07/24 14:28:12.688, 8.56 W
2026/07/24 14:28:13.688, 8.56 W
2026/07/24 14:28:14.688, 8.56 W
2026/07/24 14:28:15.688, 8.56 W
2026/07/24 14:28:16.688, 8.56 W
2026/07/24 14:28:17.688, 8.56 W
2026/07/24 14:28:18.688, 8.56 W
2026/07/24 14:28:19.688, 8.56 W
2026/07/24 14:28:20.688, 8.56 W
2026/07/24 14:28:21.689, 8.56 W
2026/07/24 14:28:22.689, 8.56 W
2026/07/24 14:28:23.689, 8.56 W
2026/07/24 14:28:24.689, 8.56 W
2026/07/24 14:28:25.689, 8.56 W
2026/07/24 14:28:26.689, 8.56 W
2026/07/24 14:28:27.689, 8.56 W
2026/07/24 14:28:28.689, 8.56 W
2026/07/24 14:28:29.689, 8.56 W
2026/07/24 14:28:30.689, 8.56 W
2026/07/24 14:28:31.689, 8.56 W
2026/07/24 14:28:32.690, 8.56 W
2026/07/24 14:28:33.690, 8.56 W
2026/07/24 14:28:34.690, 8.56 W
2026/07/24 14:28:35.690, 8.56 W
2026/07/24 14:28:36.690, 8.56 W
2026/07/24 14:28:37.690, 8.56 W
2026/07/24 14:28:38.690, 8.56 W
2026/07/24 14:28:39.690, 8.56 W
2026/07/24 14:28:40.690, 8.56 W
2026/07/24 14:28:41.691, 8.56 W
2026/07/24 14:28:42.691, 8.56 W
2026/07/24 14:28:43.691, 8.56 W
2026/07/24 14:28:44.691, 8.56 W
2026/07/24 14:28:45.691, 8.56 W
2026/07/24 14:28:46.691, 8.56 W
2026/07/24 14:28:47.691, 8.56 W
2026/07/24 14:28:48.691, 8.56 W
2026/07/24 14:28:49.691, 8.56 W
2026/07/24 14:28:50.691, 8.56 W
2026/07/24 14:28:51.691, 8.56 W
2026/07/24 14:28:52.692, 8.56 W
2026/07/24 14:28:53.692, 8.56 W
2026/07/24 14:28:54.692, 8.56 W
2026/07/24 14:28:55.692, 8.56 W
2026/07/24 14:28:56.692, 8.56 W
2026/07/24 14:28:57.692, 8.56 W
2026/07/24 14:28:58.692, 8.56 W
2026/07/24 14:28:59.693, 8.56 W
2026/07/24 14:29:00.693, 8.56 W
2026/07/24 14:29:01.693, 8.56 W
2026/07/24 14:29:02.693, 8.56 W
2026/07/24 14:29:03.693, 8.56 W
2026/07/24 14:29:04.693, 8.56 W
2026/07/24 14:29:05.693, 8.56 W
2026/07/24 14:29:06.693, 8.56 W
2026/07/24 14:29:07.694, 8.56 W
2026/07/24 14:29:08.694, 8.56 W
2026/07/24 14:29:09.694, 8.56 W
2026/07/24 14:29:10.694, 8.56 W
2026/07/24 14:29:11.694, 8.61 W
2026/07/24 14:29:12.694, 8.61 W
2026/07/24 14:29:13.694, 8.56 W
2026/07/24 14:29:14.694, 8.56 W
2026/07/24 14:29:15.694, 8.56 W
2026/07/24 14:29:16.694, 8.56 W
2026/07/24 14:29:17.694, 8.56 W
2026/07/24 14:29:18.695, 8.56 W
2026/07/24 14:29:19.695, 8.56 W
2026/07/24 14:29:20.695, 8.56 W
2026/07/24 14:29:21.695, 8.56 W
2026/07/24 14:29:22.695, 8.56 W
2026/07/24 14:29:23.695, 8.56 W
2026/07/24 14:29:24.695, 8.56 W
2026/07/24 14:29:25.695, 8.56 W
2026/07/24 14:29:26.695, 8.56 W
2026/07/24 14:29:27.695, 8.56 W
2026/07/24 14:29:28.695, 8.56 W
2026/07/24 14:29:29.696, 8.56 W
2026/07/24 14:29:30.696, 8.56 W
2026/07/24 14:29:31.696, 8.56 W
2026/07/24 14:29:32.696, 8.56 W
2026/07/24 14:29:33.696, 8.56 W
2026/07/24 14:29:34.696, 8.56 W
2026/07/24 14:29:35.696, 8.56 W
2026/07/24 14:29:36.696, 8.56 W
2026/07/24 14:29:37.696, 8.56 W
2026/07/24 14:29:38.696, 8.56 W
2026/07/24 14:29:39.697, 8.56 W
2026/07/24 14:29:40.697, 8.61 W
2026/07/24 14:29:41.697, 8.61 W
2026/07/24 14:29:42.697, 8.56 W
2026/07/24 14:29:43.697, 8.56 W
2026/07/24 14:29:44.697, 8.56 W
2026/07/24 14:29:45.697, 8.56 W
2026/07/24 14:29:46.697, 8.56 W
2026/07/24 14:29:47.697, 8.56 W
2026/07/24 14:29:48.697, 8.56 W
2026/07/24 14:29:49.697, 8.56 W
2026/07/24 14:29:50.698, 8.56 W
2026/07/24 14:29:51.698, 8.56 W
2026/07/24 14:29:52.698, 8.56 W
2026/07/24 14:29:53.698, 8.56 W
2026/07/24 14:29:54.698, 8.56 W
2026/07/24 14:29:55.698, 8.56 W
2026/07/24 14:29:56.698, 8.56 W
2026/07/24 14:29:57.698, 8.56 W
2026/07/24 14:29:58.698, 8.56 W
2026/07/24 14:29:59.698, 8.56 W
2026/07/24 14:30:00.698, 8.56 W
2026/07/24 14:30:01.699, 8.56 W
2026/07/24 14:30:02.699, 8.56 W
2026/07/24 14:30:03.699, 8.56 W
2026/07/24 14:30:04.699, 8.56 W
2026/07/24 14:30:05.699, 8.56 W
2026/07/24 14:30:06.699, 8.56 W
2026/07/24 14:30:07.699, 8.56 W
2026/07/24 14:30:08.699, 8.56 W
2026/07/24 14:30:09.699, 8.56 W
2026/07/24 14:30:10.700, 8.56 W
2026/07/24 14:30:11.700, 8.56 W
2026/07/24 14:30:12.700, 8.56 W
2026/07/24 14:30:13.700, 8.56 W
2026/07/24 14:30:14.700, 8.56 W
2026/07/24 14:30:15.700, 8.56 W
2026/07/24 14:30:16.700, 8.56 W
2026/07/24 14:30:17.700, 8.56 W
2026/07/24 14:30:18.700, 8.56 W
2026/07/24 14:30:19.700, 8.56 W
2026/07/24 14:30:20.700, 8.56 W
2026/07/24 14:30:21.701, 8.56 W
2026/07/24 14:30:22.701, 8.56 W
2026/07/24 14:30:23.701, 8.56 W
2026/07/24 14:30:24.701, 8.56 W
2026/07/24 14:30:25.701, 8.56 W
2026/07/24 14:30:26.701, 8.56 W
2026/07/24 14:30:27.701, 8.56 W
2026/07/24 14:30:28.701, 8.56 W
2026/07/24 14:30:29.701, 8.56 W
2026/07/24 14:30:30.701, 8.56 W
2026/07/24 14:30:31.701, 8.56 W
2026/07/24 14:30:32.702, 8.56 W
2026/07/24 14:30:33.702, 8.56 W
2026/07/24 14:30:34.702, 8.56 W
2026/07/24 14:30:35.702, 8.56 W
2026/07/24 14:30:36.702, 8.56 W
2026/07/24 14:30:37.702, 8.56 W
2026/07/24 14:30:38.702, 8.56 W
2026/07/24 14:30:39.702, 8.56 W
2026/07/24 14:30:40.703, 8.56 W
2026/07/24 14:30:41.703, 8.56 W
2026/07/24 14:30:42.703, 8.56 W
2026/07/24 14:30:43.703, 8.56 W
2026/07/24 14:30:44.703, 8.56 W
2026/07/24 14:30:45.703, 8.56 W
2026/07/24 14:30:46.703, 8.56 W
2026/07/24 14:30:47.703, 8.56 W
2026/07/24 14:30:48.703, 8.56 W
2026/07/24 14:30:49.703, 8.56 W
2026/07/24 14:30:50.704, 8.56 W
2026/07/24 14:30:51.704, 8.56 W
2026/07/24 14:30:52.704, 8.56 W
2026/07/24 14:30:53.704, 8.56 W
2026/07/24 14:30:54.704, 8.56 W
2026/07/24 14:30:55.705, 8.56 W
2026/07/24 14:30:56.705, 8.56 W
2026/07/24 14:30:57.705, 8.56 W
2026/07/24 14:30:58.705, 8.56 W
2026/07/24 14:30:59.705, 8.56 W
2026/07/24 14:31:00.705, 8.56 W
2026/07/24 14:31:01.705, 8.56 W
2026/07/24 14:31:02.705, 8.56 W
2026/07/24 14:31:03.706, 8.56 W
2026/07/24 14:31:04.706, 8.56 W
2026/07/24 14:31:05.706, 8.56 W
2026/07/24 14:31:06.706, 8.56 W
2026/07/24 14:31:07.706, 8.56 W
2026/07/24 14:31:08.706, 8.56 W
2026/07/24 14:31:09.706, 8.56 W
2026/07/24 14:31:10.706, 8.56 W
2026/07/24 14:31:11.706, 8.56 W
2026/07/24 14:31:12.706, 8.56 W
2026/07/24 14:31:13.707, 8.56 W
2026/07/24 14:31:14.707, 8.56 W
2026/07/24 14:31:15.707, 8.56 W
2026/07/24 14:31:16.707, 8.56 W
2026/07/24 14:31:17.707, 8.56 W
2026/07/24 14:31:18.707, 8.56 W
2026/07/24 14:31:19.707, 8.56 W
2026/07/24 14:31:20.707, 8.56 W
2026/07/24 14:31:21.707, 8.56 W
2026/07/24 14:31:22.707, 8.56 W
2026/07/24 14:31:23.708, 8.56 W
2026/07/24 14:31:24.708, 8.56 W
2026/07/24 14:31:25.708, 8.56 W
2026/07/24 14:31:26.708, 8.56 W
2026/07/24 14:31:27.708, 8.56 W
2026/07/24 14:31:28.708, 8.56 W
2026/07/24 14:31:29.708, 8.56 W
2026/07/24 14:31:30.708, 8.56 W
2026/07/24 14:31:31.708, 8.56 W
2026/07/24 14:31:32.708, 8.56 W
2026/07/24 14:31:33.708, 8.56 W
2026/07/24 14:31:34.709, 8.56 W
2026/07/24 14:31:35.709, 8.56 W
2026/07/24 14:31:36.709, 8.56 W
2026/07/24 14:31:37.709, 8.56 W
2026/07/24 14:31:38.709, 8.56 W
2026/07/24 14:31:39.709, 8.56 W
2026/07/24 14:31:40.709, 8.56 W
2026/07/24 14:31:41.709, 8.56 W
2026/07/24 14:31:42.710, 8.56 W
2026/07/24 14:31:43.710, 8.56 W
2026/07/24 14:31:44.710, 8.56 W
2026/07/24 14:31:45.710, 8.56 W
2026/07/24 14:31:46.710, 8.56 W
2026/07/24 14:31:47.710, 8.56 W
2026/07/24 14:31:48.710, 8.56 W
2026/07/24 14:31:49.710, 8.56 W
2026/07/24 14:31:50.711, 8.56 W
2026/07/24 14:31:51.711, 8.56 W
2026/07/24 14:31:52.711, 8.56 W
2026/07/24 14:31:53.711, 8.56 W
2026/07/24 14:31:54.711, 8.56 W
2026/07/24 14:31:55.711, 8.56 W
2026/07/24 14:31:56.711, 8.61 W
2026/07/24 14:31:57.711, 8.61 W
2026/07/24 14:31:58.711, 8.56 W
2026/07/24 14:31:59.711, 8.56 W
2026/07/24 14:32:00.711, 8.56 W
2026/07/24 14:32:01.712, 8.56 W
2026/07/24 14:32:02.712, 8.56 W
2026/07/24 14:32:03.712, 8.56 W
2026/07/24 14:32:04.712, 8.56 W
2026/07/24 14:32:05.712, 8.56 W
2026/07/24 14:32:06.712, 8.56 W
2026/07/24 14:32:07.712, 8.56 W
2026/07/24 14:32:08.712, 8.56 W
2026/07/24 14:32:09.712, 8.56 W
2026/07/24 14:32:10.712, 8.56 W
2026/07/24 14:32:11.713, 8.56 W
2026/07/24 14:32:12.713, 8.56 W
2026/07/24 14:32:13.713, 8.56 W
2026/07/24 14:32:14.713, 8.56 W
2026/07/24 14:32:15.713, 8.56 W
2026/07/24 14:32:16.713, 8.56 W
2026/07/24 14:32:17.713, 8.56 W
2026/07/24 14:32:18.713, 8.56 W
2026/07/24 14:32:19.713, 8.56 W
2026/07/24 14:32:20.713, 8.56 W
2026/07/24 14:32:21.714, 8.56 W
2026/07/24 14:32:22.714, 8.56 W
2026/07/24 14:32:23.714, 8.56 W
2026/07/24 14:32:24.714, 8.56 W
2026/07/24 14:32:25.714, 8.56 W
2026/07/24 14:32:26.714, 8.56 W
2026/07/24 14:32:27.714, 8.56 W
2026/07/24 14:32:28.714, 8.56 W
2026/07/24 14:32:29.714, 8.56 W
2026/07/24 14:32:30.714, 8.56 W
2026/07/24 14:32:31.714, 8.56 W
2026/07/24 14:32:32.715, 8.56 W
2026/07/24 14:32:33.715, 8.56 W
2026/07/24 14:32:34.715, 8.56 W
2026/07/24 14:32:35.715, 8.56 W
2026/07/24 14:32:36.715, 8.56 W
2026/07/24 14:32:37.715, 8.56 W
2026/07/24 14:32:38.715, 8.56 W
2026/07/24 14:32:39.715, 8.56 W
2026/07/24 14:32:40.715, 8.56 W
2026/07/24 14:32:41.715, 8.56 W
2026/07/24 14:32:42.716, 8.56 W
2026/07/24 14:32:43.716, 8.56 W
2026/07/24 14:32:44.716, 8.56 W
2026/07/24 14:32:45.716, 8.56 W
2026/07/24 14:32:46.716, 8.56 W
2026/07/24 14:32:47.716, 8.56 W
2026/07/24 14:32:48.716, 8.56 W
2026/07/24 14:32:49.716, 8.56 W
2026/07/24 14:32:50.716, 8.56 W
2026/07/24 14:32:51.716, 8.56 W
2026/07/24 14:32:52.717, 8.56 W
2026/07/24 14:32:53.717, 8.56 W
2026/07/24 14:32:54.717, 8.56 W
2026/07/24 14:32:55.717, 8.56 W
2026/07/24 14:32:56.717, 8.56 W
2026/07/24 14:32:57.717, 8.56 W
2026/07/24 14:32:58.717, 8.56 W
2026/07/24 14:32:59.717, 8.56 W
2026/07/24 14:33:00.717, 8.56 W
2026/07/24 14:33:01.718, 8.56 W
2026/07/24 14:33:02.718, 8.56 W
2026/07/24 14:33:03.718, 8.56 W
2026/07/24 14:33:04.718, 8.56 W
2026/07/24 14:33:05.718, 8.56 W
2026/07/24 14:33:06.718, 8.56 W
2026/07/24 14:33:07.718, 8.56 W
2026/07/24 14:33:08.719, 8.56 W
2026/07/24 14:33:09.719, 8.56 W
2026/07/24 14:33:10.719, 8.56 W
2026/07/24 14:33:11.719, 8.56 W
2026/07/24 14:33:12.719, 8.56 W
2026/07/24 14:33:13.719, 8.56 W
2026/07/24 14:33:14.719, 8.56 W
2026/07/24 14:33:15.719, 8.56 W
2026/07/24 14:33:16.719, 8.56 W
2026/07/24 14:33:17.720, 8.56 W
2026/07/24 14:33:18.720, 8.56 W
2026/07/24 14:33:19.720, 8.56 W
2026/07/24 14:33:20.720, 8.56 W
2026/07/24 14:33:21.720, 8.56 W
2026/07/24 14:33:22.720, 8.56 W
2026/07/24 14:33:23.720, 8.56 W
2026/07/24 14:33:24.720, 8.56 W
2026/07/24 14:33:25.720, 8.56 W
2026/07/24 14:33:26.720, 8.56 W
2026/07/24 14:33:27.721, 8.56 W
2026/07/24 14:33:28.721, 8.56 W
2026/07/24 14:33:29.721, 8.56 W
2026/07/24 14:33:30.721, 8.56 W
2026/07/24 14:33:31.721, 8.56 W
2026/07/24 14:33:32.721, 8.56 W
2026/07/24 14:33:33.721, 8.56 W
2026/07/24 14:33:34.721, 8.56 W
2026/07/24 14:33:35.721, 8.56 W
2026/07/24 14:33:36.722, 8.56 W
2026/07/24 14:33:37.722, 8.56 W
2026/07/24 14:33:38.722, 8.56 W
2026/07/24 14:33:39.722, 8.56 W
2026/07/24 14:33:40.722, 8.56 W
2026/07/24 14:33:41.722, 8.56 W
2026/07/24 14:33:42.722, 8.56 W
2026/07/24 14:33:43.722, 8.56 W
2026/07/24 14:33:44.723, 8.56 W
2026/07/24 14:33:45.723, 8.56 W
2026/07/24 14:33:46.723, 8.56 W
2026/07/24 14:33:47.723, 8.56 W
2026/07/24 14:33:48.723, 8.56 W
2026/07/24 14:33:49.723, 8.56 W
2026/07/24 14:33:50.723, 8.60 W
2026/07/24 14:33:51.723, 8.58 W
2026/07/24 14:33:52.723, 8.56 W
2026/07/24 14:33:53.724, 8.56 W
2026/07/24 14:33:54.724, 8.56 W
2026/07/24 14:33:55.724, 8.56 W
2026/07/24 14:33:56.724, 8.56 W
2026/07/24 14:33:57.724, 8.56 W
2026/07/24 14:33:58.724, 8.56 W
2026/07/24 14:33:59.724, 8.56 W
2026/07/24 14:34:00.724, 8.56 W
2026/07/24 14:34:01.724, 8.56 W
2026/07/24 14:34:02.725, 8.56 W
2026/07/24 14:34:03.725, 8.56 W
2026/07/24 14:34:04.725, 8.56 W
2026/07/24 14:34:05.725, 8.56 W
2026/07/24 14:34:06.725, 8.56 W
2026/07/24 14:34:07.725, 8.56 W
2026/07/24 14:34:08.725, 8.56 W
2026/07/24 14:34:09.725, 8.56 W
2026/07/24 14:34:10.725, 13.38 W
2026/07/24 14:34:11.725, 23.47 W
2026/07/24 14:34:12.726, 27.71 W
2026/07/24 14:34:13.726, 50.38 W
2026/07/24 14:34:14.726, 50.06 W
2026/07/24 14:34:15.726, 48.12 W
2026/07/24 14:34:16.726, 50.61 W
2026/07/24 14:34:17.726, 50.62 W
2026/07/24 14:34:18.726, 50.49 W
2026/07/24 14:34:19.726, 60.40 W
2026/07/24 14:34:20.726, 60.03 W
2026/07/24 14:34:21.726, 47.49 W
2026/07/24 14:34:22.727, 43.37 W
2026/07/24 14:34:23.727, 44.38 W
2026/07/24 14:34:24.727, 42.07 W
2026/07/24 14:34:25.727, 41.58 W
2026/07/24 14:34:26.727, 54.15 W
2026/07/24 14:34:27.727, 42.35 W
2026/07/24 14:34:28.727, 33.26 W
2026/07/24 14:34:29.727, 33.72 W
2026/07/24 14:34:30.727, 33.59 W
2026/07/24 14:34:31.727, 28.87 W
2026/07/24 14:34:32.728, 33.73 W
2026/07/24 14:34:33.728, 34.42 W
2026/07/24 14:34:34.728, 28.99 W
2026/07/24 14:34:35.728, 30.28 W
2026/07/24 14:34:36.728, 30.23 W
2026/07/24 14:34:37.728, 28.62 W
2026/07/24 14:34:38.728, 31.55 W
2026/07/24 14:34:39.728, 31.17 W
2026/07/24 14:34:40.728, 32.77 W
2026/07/24 14:34:41.729, 29.08 W
2026/07/24 14:34:42.729, 34.01 W
2026/07/24 14:34:43.729, 29.78 W
2026/07/24 14:34:44.729, 28.67 W
2026/07/24 14:34:45.729, 32.56 W
2026/07/24 14:34:46.729, 29.17 W
2026/07/24 14:34:47.729, 33.51 W
2026/07/24 14:34:48.729, 33.53 W
2026/07/24 14:34:49.730, 33.52 W
2026/07/24 14:34:50.730, 34.34 W
2026/07/24 14:34:51.730, 29.34 W
2026/07/24 14:34:52.730, 34.00 W
2026/07/24 14:34:53.730, 33.44 W
2026/07/24 14:34:54.730, 33.63 W
2026/07/24 14:34:55.730, 34.55 W
2026/07/24 14:34:56.730, 30.21 W
2026/07/24 14:34:57.731, 33.07 W
2026/07/24 14:34:58.731, 33.56 W
2026/07/24 14:34:59.732, 29.19 W
2026/07/24 14:35:00.732, 26.76 W
2026/07/24 14:35:01.732, 27.90 W
2026/07/24 14:35:02.733, 26.91 W
2026/07/24 14:35:03.733, 27.93 W
2026/07/24 14:35:04.733, 34.04 W
2026/07/24 14:35:05.733, 29.38 W
2026/07/24 14:35:06.733, 26.53 W
2026/07/24 14:35:07.733, 30.48 W
2026/07/24 14:35:08.733, 31.39 W
2026/07/24 14:35:09.733, 29.06 W
2026/07/24 14:35:10.733, 31.91 W
2026/07/24 14:35:11.733, 32.49 W
2026/07/24 14:35:12.734, 28.88 W
2026/07/24 14:35:13.734, 34.02 W
2026/07/24 14:35:14.734, 32.97 W
2026/07/24 14:35:15.734, 29.80 W
2026/07/24 14:35:16.734, 34.41 W
2026/07/24 14:35:17.734, 29.36 W
2026/07/24 14:35:18.734, 29.50 W
2026/07/24 14:35:19.734, 34.53 W
2026/07/24 14:35:20.734, 27.45 W
2026/07/24 14:35:21.734, 28.62 W
2026/07/24 14:35:22.734, 33.26 W
2026/07/24 14:35:23.735, 29.66 W
2026/07/24 14:35:24.735, 28.42 W
2026/07/24 14:35:25.735, 33.53 W
2026/07/24 14:35:26.735, 29.76 W
2026/07/24 14:35:27.735, 29.37 W
2026/07/24 14:35:28.735, 33.24 W
2026/07/24 14:35:29.735, 29.09 W
2026/07/24 14:35:30.735, 34.52 W
2026/07/24 14:35:31.735, 27.62 W
2026/07/24 14:35:32.735, 28.14 W
2026/07/24 14:35:33.736, 33.00 W
2026/07/24 14:35:34.736, 35.04 W
2026/07/24 14:35:35.736, 28.06 W
2026/07/24 14:35:36.736, 29.33 W
2026/07/24 14:35:37.736, 32.68 W
2026/07/24 14:35:38.736, 29.50 W
2026/07/24 14:35:39.736, 28.94 W
2026/07/24 14:35:40.736, 33.06 W
2026/07/24 14:35:41.737, 29.87 W
2026/07/24 14:35:42.737, 33.88 W
2026/07/24 14:35:43.737, 33.98 W
2026/07/24 14:35:44.737, 29.70 W
2026/07/24 14:35:45.737, 33.96 W
2026/07/24 14:35:46.737, 30.93 W
2026/07/24 14:35:47.737, 27.65 W
2026/07/24 14:35:48.737, 33.14 W
2026/07/24 14:35:49.737, 30.24 W
2026/07/24 14:35:50.737, 29.19 W
2026/07/24 14:35:51.738, 25.65 W
2026/07/24 14:35:52.738, 29.07 W
2026/07/24 14:35:53.738, 33.45 W
2026/07/24 14:35:54.738, 33.24 W
2026/07/24 14:35:55.740, 33.35 W
2026/07/24 14:35:56.740, 29.44 W
2026/07/24 14:35:57.740, 28.00 W
2026/07/24 14:35:58.741, 32.92 W
2026/07/24 14:35:59.742, 29.89 W
2026/07/24 14:36:00.742, 30.29 W
2026/07/24 14:36:01.742, 29.67 W
2026/07/24 14:36:02.743, 29.67 W
2026/07/24 14:36:03.743, 34.79 W
2026/07/24 14:36:04.743, 30.32 W
2026/07/24 14:36:05.743, 35.05 W
2026/07/24 14:36:06.743, 30.49 W
2026/07/24 14:36:07.743, 34.84 W
2026/07/24 14:36:08.743, 31.86 W
2026/07/24 14:36:09.743, 29.97 W
2026/07/24 14:36:10.744, 33.81 W
2026/07/24 14:36:11.744, 34.32 W
2026/07/24 14:36:12.744, 30.55 W
2026/07/24 14:36:13.744, 34.00 W
2026/07/24 14:36:14.744, 29.19 W
2026/07/24 14:36:15.744, 29.68 W
2026/07/24 14:36:16.744, 34.42 W
2026/07/24 14:36:17.744, 30.49 W
2026/07/24 14:36:18.744, 30.09 W
2026/07/24 14:36:19.745, 33.71 W
2026/07/24 14:36:20.745, 30.15 W
2026/07/24 14:36:21.745, 29.09 W
2026/07/24 14:36:22.745, 30.57 W
2026/07/24 14:36:23.745, 29.21 W
2026/07/24 14:36:24.745, 35.49 W
2026/07/24 14:36:25.745, 32.92 W
2026/07/24 14:36:26.746, 29.91 W
2026/07/24 14:36:27.746, 34.04 W
2026/07/24 14:36:28.746, 32.97 W
2026/07/24 14:36:29.746, 28.90 W
2026/07/24 14:36:30.746, 32.20 W
2026/07/24 14:36:31.746, 31.95 W
2026/07/24 14:36:32.747, 32.69 W
2026/07/24 14:36:33.747, 29.58 W
2026/07/24 14:36:34.747, 32.92 W
2026/07/24 14:36:35.747, 34.45 W
2026/07/24 14:36:36.747, 28.29 W
2026/07/24 14:36:37.747, 29.72 W
2026/07/24 14:36:38.747, 34.33 W
2026/07/24 14:36:39.747, 33.55 W
2026/07/24 14:36:40.747, 29.23 W
2026/07/24 14:36:41.748, 33.69 W
2026/07/24 14:36:42.748, 33.63 W
2026/07/24 14:36:43.748, 29.40 W
2026/07/24 14:36:44.748, 28.52 W
2026/07/24 14:36:45.748, 32.75 W
2026/07/24 14:36:46.748, 29.94 W
2026/07/24 14:36:47.748, 29.52 W
2026/07/24 14:36:48.748, 33.63 W
2026/07/24 14:36:49.749, 30.92 W
2026/07/24 14:36:50.749, 30.08 W
2026/07/24 14:36:51.749, 35.25 W
2026/07/24 14:36:52.749, 30.50 W
2026/07/24 14:36:53.749, 30.47 W
2026/07/24 14:36:54.749, 30.45 W
2026/07/24 14:36:55.749, 31.93 W
2026/07/24 14:36:56.749, 29.73 W
2026/07/24 14:36:57.749, 33.89 W
2026/07/24 14:36:58.750, 30.01 W
2026/07/24 14:36:59.750, 27.97 W
2026/07/24 14:37:00.750, 34.34 W
2026/07/24 14:37:01.750, 30.10 W
2026/07/24 14:37:02.750, 30.11 W
2026/07/24 14:37:03.750, 28.02 W
2026/07/24 14:37:04.750, 33.67 W
2026/07/24 14:37:05.751, 29.71 W
2026/07/24 14:37:06.751, 34.79 W
2026/07/24 14:37:07.751, 30.73 W
2026/07/24 14:37:08.751, 28.82 W
2026/07/24 14:37:09.751, 34.72 W
2026/07/24 14:37:10.751, 30.81 W
2026/07/24 14:37:11.751, 29.58 W
2026/07/24 14:37:12.751, 33.91 W
2026/07/24 14:37:13.751, 33.96 W
2026/07/24 14:37:14.752, 29.95 W
2026/07/24 14:37:15.752, 30.80 W
2026/07/24 14:37:16.752, 33.96 W
2026/07/24 14:37:17.752, 33.43 W
2026/07/24 14:37:18.752, 28.87 W
2026/07/24 14:37:19.752, 34.40 W
2026/07/24 14:37:20.752, 31.69 W
2026/07/24 14:37:21.752, 29.42 W
2026/07/24 14:37:22.753, 34.81 W
2026/07/24 14:37:23.753, 31.75 W
2026/07/24 14:37:24.753, 29.48 W
2026/07/24 14:37:25.753, 34.64 W
2026/07/24 14:37:26.753, 34.94 W
2026/07/24 14:37:27.753, 29.82 W
2026/07/24 14:37:28.753, 31.70 W
2026/07/24 14:37:29.754, 30.29 W
2026/07/24 14:37:30.754, 30.58 W
2026/07/24 14:37:31.754, 30.12 W
2026/07/24 14:37:32.754, 33.40 W
2026/07/24 14:37:33.754, 30.88 W
2026/07/24 14:37:34.754, 30.36 W
2026/07/24 14:37:35.755, 33.37 W
2026/07/24 14:37:36.755, 27.44 W
2026/07/24 14:37:37.755, 30.21 W
2026/07/24 14:37:38.755, 33.40 W
2026/07/24 14:37:39.755, 33.67 W
2026/07/24 14:37:40.755, 34.77 W
2026/07/24 14:37:41.755, 34.87 W
2026/07/24 14:37:42.756, 33.36 W
2026/07/24 14:37:43.756, 30.21 W
2026/07/24 14:37:44.756, 30.10 W
2026/07/24 14:37:45.756, 29.56 W
2026/07/24 14:37:46.756, 34.36 W
2026/07/24 14:37:47.756, 34.89 W
2026/07/24 14:37:48.757, 30.30 W
2026/07/24 14:37:49.757, 28.79 W
2026/07/24 14:37:50.757, 31.96 W
2026/07/24 14:37:51.757, 33.97 W
2026/07/24 14:37:52.757, 31.43 W
2026/07/24 14:37:53.757, 28.01 W
2026/07/24 14:37:54.758, 33.60 W
2026/07/24 14:37:55.758, 30.78 W
2026/07/24 14:37:56.758, 34.31 W
2026/07/24 14:37:57.758, 33.05 W
2026/07/24 14:37:58.758, 29.32 W
2026/07/24 14:37:59.758, 34.16 W
2026/07/24 14:38:00.759, 27.09 W
2026/07/24 14:38:01.759, 33.37 W
2026/07/24 14:38:02.759, 33.89 W
2026/07/24 14:38:03.759, 30.64 W
2026/07/24 14:38:04.759, 25.98 W
2026/07/24 14:38:05.759, 29.79 W
2026/07/24 14:38:06.759, 34.10 W
2026/07/24 14:38:07.760, 28.70 W
2026/07/24 14:38:08.760, 32.45 W
2026/07/24 14:38:09.760, 34.79 W
2026/07/24 14:38:10.760, 34.21 W
2026/07/24 14:38:11.760, 28.85 W
2026/07/24 14:38:12.760, 30.79 W
2026/07/24 14:38:13.760, 31.50 W
2026/07/24 14:38:14.760, 33.73 W
2026/07/24 14:38:15.761, 32.58 W
2026/07/24 14:38:16.761, 29.40 W
2026/07/24 14:38:17.761, 29.76 W
2026/07/24 14:38:18.761, 35.29 W
2026/07/24 14:38:19.761, 30.37 W
2026/07/24 14:38:20.761, 33.63 W
2026/07/24 14:38:21.761, 33.39 W
2026/07/24 14:38:22.761, 34.17 W
2026/07/24 14:38:23.762, 30.67 W
2026/07/24 14:38:24.762, 35.69 W
2026/07/24 14:38:25.762, 30.87 W
2026/07/24 14:38:26.762, 34.33 W
2026/07/24 14:38:27.762, 29.12 W
2026/07/24 14:38:28.762, 31.47 W
2026/07/24 14:38:29.762, 33.64 W
2026/07/24 14:38:30.763, 34.36 W
2026/07/24 14:38:31.763, 31.55 W
2026/07/24 14:38:32.763, 29.33 W
2026/07/24 14:38:33.763, 33.46 W
2026/07/24 14:38:34.763, 29.97 W
2026/07/24 14:38:35.764, 34.85 W
2026/07/24 14:38:36.764, 27.71 W
2026/07/24 14:38:37.764, 32.75 W
2026/07/24 14:38:38.764, 30.75 W
2026/07/24 14:38:39.764, 35.21 W
2026/07/24 14:38:40.764, 34.89 W
2026/07/24 14:38:41.764, 27.90 W
2026/07/24 14:38:42.764, 33.59 W
2026/07/24 14:38:43.764, 30.43 W
2026/07/24 14:38:44.764, 30.12 W
2026/07/24 14:38:45.764, 32.46 W
2026/07/24 14:38:46.765, 33.68 W
2026/07/24 14:38:47.765, 30.43 W
2026/07/24 14:38:48.765, 33.78 W
2026/07/24 14:38:49.765, 30.64 W
2026/07/24 14:38:50.765, 30.40 W
2026/07/24 14:38:51.765, 33.91 W
2026/07/24 14:38:52.765, 31.35 W
2026/07/24 14:38:53.765, 26.87 W
2026/07/24 14:38:54.765, 33.52 W
2026/07/24 14:38:55.765, 29.97 W
2026/07/24 14:38:56.765, 35.05 W
2026/07/24 14:38:57.766, 31.09 W
2026/07/24 14:38:58.766, 34.39 W
2026/07/24 14:38:59.766, 27.68 W
2026/07/24 14:39:00.766, 33.38 W
2026/07/24 14:39:01.766, 34.21 W
2026/07/24 14:39:02.766, 29.17 W
2026/07/24 14:39:03.766, 31.78 W
2026/07/24 14:39:04.766, 29.67 W
2026/07/24 14:39:05.767, 34.30 W
2026/07/24 14:39:06.767, 29.35 W
2026/07/24 14:39:07.767, 33.79 W
2026/07/24 14:39:08.767, 35.17 W
2026/07/24 14:39:09.767, 31.30 W
2026/07/24 14:39:10.767, 31.21 W
2026/07/24 14:39:11.768, 29.48 W
2026/07/24 14:39:12.768, 32.22 W
2026/07/24 14:39:13.768, 32.34 W
2026/07/24 14:39:14.768, 27.85 W
2026/07/24 14:39:15.768, 33.64 W
2026/07/24 14:39:16.768, 30.20 W
2026/07/24 14:39:17.768, 35.54 W
2026/07/24 14:39:18.768, 34.70 W
2026/07/24 14:39:19.768, 28.83 W
2026/07/24 14:39:20.768, 28.46 W
2026/07/24 14:39:21.769, 34.57 W
2026/07/24 14:39:22.769, 28.89 W
2026/07/24 14:39:23.769, 31.97 W
2026/07/24 14:39:24.769, 34.12 W
2026/07/24 14:39:25.769, 34.58 W
2026/07/24 14:39:26.769, 30.38 W
2026/07/24 14:39:27.769, 35.11 W
2026/07/24 14:39:28.770, 28.66 W
2026/07/24 14:39:29.770, 33.97 W
2026/07/24 14:39:30.770, 33.12 W
2026/07/24 14:39:31.770, 28.42 W
2026/07/24 14:39:32.770, 34.54 W
2026/07/24 14:39:33.770, 35.51 W
2026/07/24 14:39:34.770, 30.63 W
2026/07/24 14:39:35.770, 29.18 W
2026/07/24 14:39:36.771, 34.95 W
2026/07/24 14:39:37.771, 32.99 W
2026/07/24 14:39:38.771, 30.44 W
2026/07/24 14:39:39.771, 32.92 W
2026/07/24 14:39:40.771, 27.90 W
2026/07/24 14:39:41.771, 33.66 W
2026/07/24 14:39:42.771, 34.75 W
2026/07/24 14:39:43.772, 35.15 W
2026/07/24 14:39:44.772, 32.64 W
2026/07/24 14:39:45.772, 30.14 W
2026/07/24 14:39:46.772, 31.53 W
2026/07/24 14:39:47.772, 35.30 W
2026/07/24 14:39:48.772, 29.49 W
2026/07/24 14:39:49.772, 31.57 W
2026/07/24 14:39:50.772, 33.92 W
2026/07/24 14:39:51.773, 30.97 W
2026/07/24 14:39:52.773, 34.96 W
2026/07/24 14:39:53.773, 34.91 W
2026/07/24 14:39:54.773, 28.17 W
2026/07/24 14:39:55.773, 34.36 W
2026/07/24 14:39:56.773, 29.94 W
2026/07/24 14:39:57.773, 28.58 W
2026/07/24 14:39:58.773, 32.90 W
2026/07/24 14:39:59.773, 32.04 W
2026/07/24 14:40:00.774, 29.74 W
2026/07/24 14:40:01.774, 34.93 W
2026/07/24 14:40:02.774, 27.87 W
2026/07/24 14:40:03.774, 33.58 W
2026/07/24 14:40:04.774, 31.13 W
2026/07/24 14:40:05.774, 29.16 W
2026/07/24 14:40:06.774, 34.57 W
2026/07/24 14:40:07.774, 30.67 W
2026/07/24 14:40:08.775, 33.29 W
2026/07/24 14:40:09.775, 34.87 W
2026/07/24 14:40:10.775, 32.09 W
2026/07/24 14:40:11.775, 32.13 W
2026/07/24 14:40:12.775, 30.15 W
2026/07/24 14:40:13.775, 35.87 W
2026/07/24 14:40:14.776, 35.17 W
2026/07/24 14:40:15.776, 30.12 W
2026/07/24 14:40:16.776, 34.92 W
2026/07/24 14:40:17.776, 29.31 W
2026/07/24 14:40:18.776, 32.91 W
2026/07/24 14:40:19.776, 31.36 W
2026/07/24 14:40:20.776, 30.25 W
2026/07/24 14:40:21.777, 33.39 W
2026/07/24 14:40:22.777, 31.33 W
2026/07/24 14:40:23.777, 30.49 W
2026/07/24 14:40:24.777, 35.33 W
2026/07/24 14:40:25.777, 29.13 W
2026/07/24 14:40:26.777, 33.72 W
2026/07/24 14:40:27.777, 34.29 W
2026/07/24 14:40:28.777, 34.09 W
2026/07/24 14:40:29.777, 33.70 W
2026/07/24 14:40:30.777, 31.07 W
2026/07/24 14:40:31.778, 32.68 W
2026/07/24 14:40:32.778, 33.91 W
2026/07/24 14:40:33.778, 30.29 W
2026/07/24 14:40:34.778, 33.30 W
2026/07/24 14:40:35.778, 28.99 W
2026/07/24 14:40:36.778, 34.70 W
2026/07/24 14:40:37.778, 33.19 W
2026/07/24 14:40:38.778, 29.52 W
2026/07/24 14:40:39.779, 31.34 W
2026/07/24 14:40:40.779, 32.04 W
2026/07/24 14:40:41.779, 30.44 W
2026/07/24 14:40:42.779, 32.53 W
2026/07/24 14:40:43.779, 34.57 W
2026/07/24 14:40:44.779, 33.42 W
2026/07/24 14:40:45.780, 33.14 W
2026/07/24 14:40:46.780, 30.35 W
2026/07/24 14:40:47.780, 35.19 W
2026/07/24 14:40:48.780, 29.92 W
2026/07/24 14:40:49.780, 28.22 W
2026/07/24 14:40:50.780, 34.25 W
2026/07/24 14:40:51.780, 30.96 W
2026/07/24 14:40:52.780, 34.35 W
2026/07/24 14:40:53.781, 31.92 W
2026/07/24 14:40:54.781, 28.91 W
2026/07/24 14:40:55.781, 34.68 W
2026/07/24 14:40:56.781, 31.09 W
2026/07/24 14:40:57.781, 28.09 W
2026/07/24 14:40:58.781, 31.90 W
2026/07/24 14:40:59.781, 34.81 W
2026/07/24 14:41:00.781, 31.24 W
2026/07/24 14:41:01.781, 32.42 W
2026/07/24 14:41:02.782, 34.96 W
2026/07/24 14:41:03.782, 29.75 W
2026/07/24 14:41:04.782, 34.01 W
2026/07/24 14:41:05.782, 34.90 W
2026/07/24 14:41:06.782, 29.10 W
2026/07/24 14:41:07.782, 34.80 W
2026/07/24 14:41:08.782, 30.27 W
2026/07/24 14:41:09.782, 33.25 W
2026/07/24 14:41:10.783, 34.23 W
2026/07/24 14:41:11.783, 34.82 W
2026/07/24 14:41:12.783, 30.26 W
2026/07/24 14:41:13.783, 35.46 W
2026/07/24 14:41:14.783, 33.81 W
2026/07/24 14:41:15.783, 29.90 W
2026/07/24 14:41:16.784, 30.15 W
2026/07/24 14:41:17.784, 35.01 W
2026/07/24 14:41:18.784, 33.46 W
2026/07/24 14:41:19.784, 30.54 W
2026/07/24 14:41:20.784, 34.53 W
2026/07/24 14:41:21.784, 33.45 W
2026/07/24 14:41:22.784, 30.25 W
2026/07/24 14:41:23.784, 34.62 W
2026/07/24 14:41:24.784, 33.67 W
2026/07/24 14:41:25.785, 30.05 W
2026/07/24 14:41:26.785, 34.47 W
2026/07/24 14:41:27.785, 30.60 W
2026/07/24 14:41:28.785, 30.22 W
2026/07/24 14:41:29.785, 33.35 W
2026/07/24 14:41:30.785, 31.43 W
2026/07/24 14:41:31.785, 29.88 W
2026/07/24 14:41:32.786, 34.65 W
2026/07/24 14:41:33.786, 28.37 W
2026/07/24 14:41:34.786, 34.20 W
2026/07/24 14:41:35.786, 35.46 W
2026/07/24 14:41:36.786, 29.36 W
2026/07/24 14:41:37.786, 30.89 W
2026/07/24 14:41:38.786, 27.97 W
2026/07/24 14:41:39.787, 33.48 W
2026/07/24 14:41:40.787, 33.82 W
2026/07/24 14:41:41.787, 32.24 W
2026/07/24 14:41:42.787, 49.67 W
2026/07/24 14:41:43.787, 49.75 W
2026/07/24 14:41:44.787, 52.94 W
2026/07/24 14:41:45.787, 51.58 W
2026/07/24 14:41:46.787, 51.06 W
2026/07/24 14:41:47.788, 49.31 W
2026/07/24 14:41:48.788, 54.96 W
2026/07/24 14:41:49.788, 60.65 W
2026/07/24 14:41:50.788, 53.20 W
2026/07/24 14:41:51.788, 51.89 W
2026/07/24 14:41:52.788, 50.74 W
2026/07/24 14:41:53.788, 50.43 W
2026/07/24 14:41:54.788, 50.73 W
2026/07/24 14:41:55.788, 50.88 W
2026/07/24 14:41:56.788, 51.02 W
2026/07/24 14:41:57.788, 57.66 W
2026/07/24 14:41:58.789, 60.19 W
2026/07/24 14:41:59.789, 55.65 W
2026/07/24 14:42:00.789, 49.67 W
2026/07/24 14:42:01.789, 43.62 W
2026/07/24 14:42:02.789, 46.67 W
2026/07/24 14:42:03.789, 46.34 W
2026/07/24 14:42:04.789, 52.11 W
2026/07/24 14:42:05.789, 50.58 W
2026/07/24 14:42:06.789, 34.39 W
2026/07/24 14:42:07.789, 35.99 W
2026/07/24 14:42:08.790, 35.38 W
2026/07/24 14:42:09.790, 33.47 W
2026/07/24 14:42:10.790, 30.17 W
2026/07/24 14:42:11.790, 34.12 W
2026/07/24 14:42:12.790, 30.91 W
2026/07/24 14:42:13.790, 34.35 W
2026/07/24 14:42:14.790, 34.45 W
2026/07/24 14:42:15.790, 27.67 W
2026/07/24 14:42:16.790, 33.52 W
2026/07/24 14:42:17.790, 34.53 W
2026/07/24 14:42:18.791, 30.40 W
2026/07/24 14:42:19.791, 34.44 W
2026/07/24 14:42:20.791, 31.17 W
2026/07/24 14:42:21.791, 35.24 W
2026/07/24 14:42:22.791, 32.92 W
2026/07/24 14:42:23.791, 28.95 W
2026/07/24 14:42:24.791, 34.21 W
2026/07/24 14:42:25.791, 31.05 W
2026/07/24 14:42:26.791, 35.74 W
2026/07/24 14:42:27.791, 30.69 W
2026/07/24 14:42:28.792, 33.00 W
2026/07/24 14:42:29.792, 33.99 W
2026/07/24 14:42:30.792, 34.97 W
2026/07/24 14:42:31.792, 35.93 W
2026/07/24 14:42:32.792, 35.78 W
2026/07/24 14:42:33.793, 34.36 W
2026/07/24 14:42:34.793, 27.51 W
2026/07/24 14:42:35.793, 32.47 W
2026/07/24 14:42:36.793, 29.94 W
2026/07/24 14:42:37.793, 32.99 W
2026/07/24 14:42:38.793, 35.25 W
2026/07/24 14:42:39.793, 29.48 W
2026/07/24 14:42:40.793, 34.03 W
2026/07/24 14:42:41.794, 30.44 W
2026/07/24 14:42:42.794, 29.18 W
2026/07/24 14:42:43.794, 34.50 W
2026/07/24 14:42:44.794, 31.05 W
2026/07/24 14:42:45.794, 36.12 W
2026/07/24 14:42:46.794, 30.57 W
2026/07/24 14:42:47.794, 34.83 W
2026/07/24 14:42:48.795, 35.58 W
2026/07/24 14:42:49.795, 30.78 W
2026/07/24 14:42:50.795, 35.08 W
2026/07/24 14:42:51.795, 28.91 W
2026/07/24 14:42:52.795, 32.71 W
2026/07/24 14:42:53.795, 33.68 W
2026/07/24 14:42:54.795, 34.52 W
2026/07/24 14:42:55.795, 35.78 W
2026/07/24 14:42:56.795, 30.04 W
2026/07/24 14:42:57.796, 34.15 W
2026/07/24 14:42:58.796, 31.05 W
2026/07/24 14:42:59.796, 35.35 W
2026/07/24 14:43:00.796, 29.28 W
2026/07/24 14:43:01.796, 32.09 W
2026/07/24 14:43:02.796, 34.04 W
2026/07/24 14:43:03.796, 35.20 W
2026/07/24 14:43:04.796, 36.10 W
2026/07/24 14:43:05.796, 34.10 W
2026/07/24 14:43:06.797, 31.47 W
2026/07/24 14:43:07.797, 29.59 W
2026/07/24 14:43:08.797, 35.39 W
2026/07/24 14:43:09.797, 31.53 W
2026/07/24 14:43:10.797, 34.05 W
2026/07/24 14:43:11.797, 29.43 W
2026/07/24 14:43:12.797, 29.64 W
2026/07/24 14:43:13.797, 32.28 W
2026/07/24 14:43:14.798, 30.88 W
2026/07/24 14:43:15.798, 34.33 W
2026/07/24 14:43:16.798, 35.31 W
2026/07/24 14:43:17.798, 30.49 W
2026/07/24 14:43:18.798, 33.94 W
2026/07/24 14:43:19.798, 32.94 W
2026/07/24 14:43:20.798, 29.90 W
2026/07/24 14:43:21.798, 34.67 W
2026/07/24 14:43:22.798, 31.33 W
2026/07/24 14:43:23.799, 32.87 W
2026/07/24 14:43:24.799, 34.15 W
2026/07/24 14:43:25.799, 35.69 W
2026/07/24 14:43:26.799, 35.51 W
2026/07/24 14:43:27.799, 29.43 W
2026/07/24 14:43:28.799, 35.26 W
2026/07/24 14:43:29.799, 33.81 W
2026/07/24 14:43:30.799, 29.21 W
2026/07/24 14:43:31.799, 34.93 W
2026/07/24 14:43:32.800, 31.10 W
2026/07/24 14:43:33.800, 33.83 W
2026/07/24 14:43:34.800, 35.05 W
2026/07/24 14:43:35.800, 35.44 W
2026/07/24 14:43:36.800, 33.59 W
2026/07/24 14:43:37.800, 28.34 W
2026/07/24 14:43:38.800, 34.32 W
2026/07/24 14:43:39.800, 31.15 W
2026/07/24 14:43:40.800, 33.51 W
2026/07/24 14:43:41.800, 31.04 W
2026/07/24 14:43:42.801, 29.84 W
2026/07/24 14:43:43.801, 32.28 W
2026/07/24 14:43:44.801, 30.72 W
2026/07/24 14:43:45.801, 32.36 W
2026/07/24 14:43:46.801, 31.44 W
2026/07/24 14:43:47.802, 34.07 W
2026/07/24 14:43:48.802, 35.09 W
2026/07/24 14:43:49.802, 34.72 W
2026/07/24 14:43:50.802, 31.84 W
2026/07/24 14:43:51.802, 29.62 W
2026/07/24 14:43:52.802, 35.17 W
2026/07/24 14:43:53.802, 28.68 W
2026/07/24 14:43:54.803, 33.56 W
2026/07/24 14:43:55.803, 34.67 W
2026/07/24 14:43:56.803, 32.07 W
2026/07/24 14:43:57.803, 32.01 W
2026/07/24 14:43:58.803, 30.03 W
2026/07/24 14:43:59.803, 35.57 W
2026/07/24 14:44:00.803, 24.76 W
2026/07/24 14:44:01.804, 35.55 W
2026/07/24 14:44:02.804, 29.63 W
2026/07/24 14:44:03.804, 35.68 W
2026/07/24 14:44:04.805, 26.56 W
2026/07/24 14:44:05.805, 34.30 W
2026/07/24 14:44:06.805, 34.28 W
2026/07/24 14:44:07.805, 30.86 W
2026/07/24 14:44:08.805, 34.21 W
2026/07/24 14:44:09.805, 35.54 W
2026/07/24 14:44:10.805, 29.80 W
2026/07/24 14:44:11.805, 33.93 W
2026/07/24 14:44:12.805, 31.26 W
2026/07/24 14:44:13.806, 34.64 W
2026/07/24 14:44:14.806, 34.44 W
2026/07/24 14:44:15.806, 26.07 W
2026/07/24 14:44:16.806, 30.59 W
2026/07/24 14:44:17.806, 33.51 W
2026/07/24 14:44:18.806, 29.33 W
2026/07/24 14:44:19.808, 33.97 W
2026/07/24 14:44:20.808, 35.98 W
2026/07/24 14:44:21.808, 29.07 W
2026/07/24 14:44:22.809, 30.19 W
2026/07/24 14:44:23.809, 30.15 W
2026/07/24 14:44:24.809, 35.45 W
2026/07/24 14:44:25.809, 28.89 W
2026/07/24 14:44:26.809, 34.03 W
2026/07/24 14:44:27.809, 32.97 W
2026/07/24 14:44:28.809, 30.26 W
2026/07/24 14:44:29.810, 33.05 W
2026/07/24 14:44:30.810, 35.15 W
2026/07/24 14:44:31.810, 29.98 W
2026/07/24 14:44:32.810, 34.69 W
2026/07/24 14:44:33.810, 31.04 W
2026/07/24 14:44:34.810, 29.89 W
2026/07/24 14:44:35.810, 33.46 W
2026/07/24 14:44:36.810, 31.24 W
2026/07/24 14:44:37.811, 33.36 W
2026/07/24 14:44:38.811, 35.25 W
2026/07/24 14:44:39.811, 28.46 W
2026/07/24 14:44:40.811, 35.18 W
2026/07/24 14:44:41.811, 30.35 W
2026/07/24 14:44:42.811, 31.92 W
2026/07/24 14:44:43.811, 34.10 W
2026/07/24 14:44:44.811, 35.10 W
2026/07/24 14:44:45.812, 33.12 W
2026/07/24 14:44:46.812, 29.97 W
2026/07/24 14:44:47.812, 35.51 W
2026/07/24 14:44:48.812, 29.52 W
2026/07/24 14:44:49.812, 34.85 W
2026/07/24 14:44:50.812, 35.58 W
2026/07/24 14:44:51.813, 30.65 W
2026/07/24 14:44:52.813, 32.71 W
2026/07/24 14:44:53.813, 32.38 W
2026/07/24 14:44:54.813, 34.98 W
2026/07/24 14:44:55.813, 34.87 W
2026/07/24 14:44:56.813, 29.46 W
2026/07/24 14:44:57.813, 34.20 W
2026/07/24 14:44:58.814, 33.38 W
2026/07/24 14:44:59.814, 30.50 W
2026/07/24 14:45:00.814, 31.91 W
2026/07/24 14:45:01.814, 34.74 W
2026/07/24 14:45:02.814, 32.84 W
2026/07/24 14:45:03.814, 32.92 W
2026/07/24 14:45:04.814, 30.91 W
2026/07/24 14:45:05.815, 34.40 W
2026/07/24 14:45:06.815, 35.10 W
2026/07/24 14:45:07.815, 29.53 W
2026/07/24 14:45:08.815, 34.45 W
2026/07/24 14:45:09.815, 29.45 W
2026/07/24 14:45:10.815, 34.42 W
2026/07/24 14:45:11.815, 35.62 W
2026/07/24 14:45:12.816, 28.95 W
2026/07/24 14:45:13.816, 34.94 W
2026/07/24 14:45:14.816, 29.19 W
2026/07/24 14:45:15.816, 34.31 W
2026/07/24 14:45:16.816, 31.24 W
2026/07/24 14:45:17.816, 28.46 W
2026/07/24 14:45:18.816, 34.29 W
2026/07/24 14:45:19.816, 35.18 W
2026/07/24 14:45:20.816, 30.10 W
2026/07/24 14:45:21.817, 34.28 W
2026/07/24 14:45:22.817, 31.07 W
2026/07/24 14:45:23.817, 33.65 W
2026/07/24 14:45:24.817, 35.16 W
2026/07/24 14:45:25.817, 30.43 W
2026/07/24 14:45:26.817, 33.68 W
2026/07/24 14:45:27.817, 30.81 W
2026/07/24 14:45:28.817, 31.92 W
2026/07/24 14:45:29.818, 31.37 W
2026/07/24 14:45:30.818, 34.96 W
2026/07/24 14:45:31.818, 32.68 W
2026/07/24 14:45:32.818, 29.18 W
2026/07/24 14:45:33.818, 30.05 W
2026/07/24 14:45:34.818, 35.01 W
2026/07/24 14:45:35.819, 29.78 W
2026/07/24 14:45:36.819, 29.99 W
2026/07/24 14:45:37.819, 35.37 W
2026/07/24 14:45:38.819, 28.42 W
2026/07/24 14:45:39.819, 35.36 W
2026/07/24 14:45:40.819, 30.37 W
2026/07/24 14:45:41.819, 29.76 W
2026/07/24 14:45:42.819, 35.25 W
2026/07/24 14:45:43.820, 34.29 W
2026/07/24 14:45:44.820, 30.66 W
2026/07/24 14:45:45.820, 33.91 W
2026/07/24 14:45:46.820, 29.88 W
2026/07/24 14:45:47.820, 34.28 W
2026/07/24 14:45:48.820, 33.76 W
2026/07/24 14:45:49.820, 30.69 W
2026/07/24 14:45:50.821, 31.12 W
2026/07/24 14:45:51.821, 32.98 W
2026/07/24 14:45:52.821, 34.92 W
2026/07/24 14:45:53.821, 28.48 W
2026/07/24 14:45:54.821, 34.41 W
2026/07/24 14:45:55.821, 28.65 W
2026/07/24 14:45:56.821, 30.46 W
2026/07/24 14:45:57.822, 34.48 W
2026/07/24 14:45:58.822, 34.24 W
2026/07/24 14:45:59.822, 32.35 W
2026/07/24 14:46:00.822, 32.72 W
2026/07/24 14:46:01.822, 31.97 W
2026/07/24 14:46:02.823, 34.14 W
2026/07/24 14:46:03.823, 34.74 W
2026/07/24 14:46:04.823, 28.91 W
2026/07/24 14:46:05.823, 33.87 W
2026/07/24 14:46:06.823, 34.89 W
2026/07/24 14:46:07.823, 28.54 W
2026/07/24 14:46:08.823, 32.70 W
2026/07/24 14:46:09.824, 34.52 W
2026/07/24 14:46:10.824, 28.74 W
2026/07/24 14:46:11.824, 34.20 W
2026/07/24 14:46:12.824, 34.56 W
2026/07/24 14:46:13.824, 29.37 W
2026/07/24 14:46:14.824, 33.01 W
2026/07/24 14:46:15.824, 34.54 W
2026/07/24 14:46:16.824, 29.28 W
2026/07/24 14:46:17.825, 34.20 W
2026/07/24 14:46:18.825, 29.68 W
2026/07/24 14:46:19.825, 34.63 W
2026/07/24 14:46:20.825, 33.98 W
2026/07/24 14:46:21.825, 30.01 W
2026/07/24 14:46:22.825, 35.19 W
2026/07/24 14:46:23.826, 30.99 W
2026/07/24 14:46:24.826, 29.39 W
2026/07/24 14:46:25.826, 34.78 W
2026/07/24 14:46:26.826, 28.74 W
2026/07/24 14:46:27.826, 34.27 W
2026/07/24 14:46:28.826, 33.62 W
2026/07/24 14:46:29.826, 29.81 W
2026/07/24 14:46:30.827, 35.94 W
2026/07/24 14:46:31.827, 30.17 W
2026/07/24 14:46:32.827, 30.30 W
2026/07/24 14:46:33.827, 34.16 W
2026/07/24 14:46:34.827, 34.32 W
2026/07/24 14:46:35.827, 31.03 W
2026/07/24 14:46:36.827, 32.78 W
2026/07/24 14:46:37.828, 34.95 W
2026/07/24 14:46:38.828, 28.09 W
2026/07/24 14:46:39.828, 30.72 W
2026/07/24 14:46:40.828, 32.11 W
2026/07/24 14:46:41.828, 30.32 W
2026/07/24 14:46:42.828, 30.61 W
2026/07/24 14:46:43.828, 32.87 W
2026/07/24 14:46:44.828, 34.12 W
2026/07/24 14:46:45.829, 29.67 W
2026/07/24 14:46:46.829, 35.25 W
2026/07/24 14:46:47.829, 29.16 W
2026/07/24 14:46:48.829, 34.92 W
2026/07/24 14:46:49.829, 33.33 W
2026/07/24 14:46:50.829, 30.44 W
2026/07/24 14:46:51.829, 30.32 W
2026/07/24 14:46:52.830, 34.29 W
2026/07/24 14:46:53.830, 29.15 W
2026/07/24 14:46:54.830, 29.70 W
2026/07/24 14:46:55.830, 35.11 W
2026/07/24 14:46:56.830, 31.32 W
2026/07/24 14:46:57.830, 30.54 W
2026/07/24 14:46:58.830, 34.58 W
2026/07/24 14:46:59.831, 29.94 W
2026/07/24 14:47:00.831, 34.48 W
2026/07/24 14:47:01.831, 34.13 W
2026/07/24 14:47:02.831, 30.76 W
2026/07/24 14:47:03.831, 32.46 W
2026/07/24 14:47:04.831, 33.79 W
2026/07/24 14:47:05.832, 29.86 W
2026/07/24 14:47:06.832, 33.86 W
2026/07/24 14:47:07.832, 34.76 W
2026/07/24 14:47:08.832, 29.01 W
2026/07/24 14:47:09.832, 34.92 W
2026/07/24 14:47:10.832, 29.49 W
2026/07/24 14:47:11.832, 33.89 W
2026/07/24 14:47:12.832, 33.82 W
2026/07/24 14:47:13.832, 30.80 W
2026/07/24 14:47:14.833, 30.97 W
2026/07/24 14:47:15.833, 32.29 W
2026/07/24 14:47:16.833, 30.62 W
2026/07/24 14:47:17.833, 33.22 W
2026/07/24 14:47:18.833, 33.46 W
2026/07/24 14:47:19.833, 29.85 W
2026/07/24 14:47:20.833, 34.31 W
2026/07/24 14:47:21.833, 31.13 W
2026/07/24 14:47:22.833, 29.18 W
2026/07/24 14:47:23.833, 34.27 W
2026/07/24 14:47:24.834, 30.51 W
2026/07/24 14:47:25.834, 29.93 W
2026/07/24 14:47:26.834, 35.47 W
2026/07/24 14:47:27.834, 34.61 W
2026/07/24 14:47:28.834, 28.49 W
2026/07/24 14:47:29.834, 30.62 W
2026/07/24 14:47:30.834, 30.36 W
2026/07/24 14:47:31.834, 30.42 W
2026/07/24 14:47:32.834, 35.19 W
2026/07/24 14:47:33.835, 33.92 W
2026/07/24 14:47:34.835, 30.23 W
2026/07/24 14:47:35.835, 30.48 W
2026/07/24 14:47:36.835, 34.58 W
2026/07/24 14:47:37.835, 33.08 W
2026/07/24 14:47:38.835, 29.94 W
2026/07/24 14:47:39.836, 29.69 W
2026/07/24 14:47:40.836, 34.22 W
2026/07/24 14:47:41.836, 31.44 W
2026/07/24 14:47:42.836, 30.53 W
2026/07/24 14:47:43.836, 30.34 W
2026/07/24 14:47:44.836, 34.23 W
2026/07/24 14:47:45.836, 34.81 W
2026/07/24 14:47:46.837, 28.12 W
2026/07/24 14:47:47.837, 34.28 W
2026/07/24 14:47:48.837, 34.20 W
2026/07/24 14:47:49.837, 30.61 W
2026/07/24 14:47:50.837, 32.62 W
2026/07/24 14:47:51.837, 34.59 W
2026/07/24 14:47:52.837, 29.57 W
2026/07/24 14:47:53.837, 34.92 W
2026/07/24 14:47:54.838, 28.82 W
2026/07/24 14:47:55.838, 31.16 W
2026/07/24 14:47:56.838, 32.79 W
2026/07/24 14:47:57.838, 28.90 W
2026/07/24 14:47:58.838, 34.49 W
2026/07/24 14:47:59.838, 34.46 W
2026/07/24 14:48:00.838, 31.33 W
2026/07/24 14:48:01.838, 32.54 W
2026/07/24 14:48:02.838, 33.75 W
2026/07/24 14:48:03.839, 28.88 W
2026/07/24 14:48:04.839, 34.51 W
2026/07/24 14:48:05.839, 32.68 W
2026/07/24 14:48:06.839, 28.85 W
2026/07/24 14:48:07.839, 30.64 W
2026/07/24 14:48:08.839, 34.89 W
2026/07/24 14:48:09.839, 35.01 W
2026/07/24 14:48:10.840, 28.83 W
2026/07/24 14:48:11.840, 35.72 W
2026/07/24 14:48:12.840, 31.39 W
2026/07/24 14:48:13.840, 30.58 W
2026/07/24 14:48:14.840, 30.30 W
2026/07/24 14:48:15.840, 30.74 W
2026/07/24 14:48:16.840, 32.35 W
2026/07/24 14:48:17.840, 33.31 W
2026/07/24 14:48:18.841, 29.53 W
2026/07/24 14:48:19.841, 29.32 W
2026/07/24 14:48:20.841, 33.57 W
2026/07/24 14:48:21.841, 30.98 W
2026/07/24 14:48:22.841, 30.62 W
2026/07/24 14:48:23.841, 31.51 W
2026/07/24 14:48:24.841, 32.57 W
2026/07/24 14:48:25.841, 29.85 W
2026/07/24 14:48:26.842, 33.78 W
2026/07/24 14:48:27.842, 34.05 W
2026/07/24 14:48:28.842, 30.22 W
2026/07/24 14:48:29.842, 34.36 W
2026/07/24 14:48:30.842, 34.24 W
2026/07/24 14:48:31.842, 30.53 W
2026/07/24 14:48:32.842, 33.25 W
2026/07/24 14:48:33.843, 31.01 W
2026/07/24 14:48:34.843, 29.81 W
2026/07/24 14:48:35.843, 33.56 W
2026/07/24 14:48:36.843, 32.93 W
2026/07/24 14:48:37.843, 30.24 W
2026/07/24 14:48:38.843, 34.98 W
2026/07/24 14:48:39.843, 33.76 W
2026/07/24 14:48:40.844, 30.97 W
2026/07/24 14:48:41.844, 33.39 W
2026/07/24 14:48:42.844, 34.43 W
2026/07/24 14:48:43.844, 29.07 W
2026/07/24 14:48:44.844, 30.01 W
2026/07/24 14:48:45.844, 33.12 W
2026/07/24 14:48:46.845, 34.80 W
2026/07/24 14:48:47.845, 28.31 W
2026/07/24 14:48:48.845, 30.97 W
2026/07/24 14:48:49.845, 34.28 W
2026/07/24 14:48:50.845, 34.94 W
2026/07/24 14:48:51.845, 30.42 W
2026/07/24 14:48:52.845, 30.60 W
2026/07/24 14:48:53.846, 34.91 W
2026/07/24 14:48:54.846, 32.93 W
2026/07/24 14:48:55.846, 30.92 W
2026/07/24 14:48:56.846, 28.57 W
2026/07/24 14:48:57.846, 29.14 W
2026/07/24 14:48:58.846, 30.49 W
2026/07/24 14:48:59.846, 33.47 W
2026/07/24 14:49:00.847, 33.86 W
2026/07/24 14:49:01.847, 29.14 W
2026/07/24 14:49:02.847, 33.94 W
2026/07/24 14:49:03.847, 34.43 W
2026/07/24 14:49:04.847, 34.67 W
2026/07/24 14:49:05.847, 29.29 W
2026/07/24 14:49:06.848, 34.44 W
2026/07/24 14:49:07.848, 32.87 W
2026/07/24 14:49:08.848, 30.48 W
2026/07/24 14:49:09.848, 32.49 W
2026/07/24 14:49:10.848, 33.94 W
2026/07/24 14:49:11.848, 28.53 W
2026/07/24 14:49:12.848, 30.78 W
2026/07/24 14:49:13.848, 34.20 W
2026/07/24 14:49:14.848, 32.95 W
2026/07/24 14:49:15.849, 29.04 W
2026/07/24 14:49:16.849, 33.17 W
2026/07/24 14:49:17.849, 32.43 W
2026/07/24 14:49:18.849, 32.41 W
2026/07/24 14:49:19.849, 29.82 W
2026/07/24 14:49:20.849, 33.09 W
2026/07/24 14:49:21.849, 34.58 W
2026/07/24 14:49:22.849, 30.39 W
2026/07/24 14:49:23.849, 33.74 W
2026/07/24 14:49:24.850, 34.77 W
2026/07/24 14:49:25.850, 29.77 W
2026/07/24 14:49:26.850, 32.91 W
2026/07/24 14:49:27.850, 33.48 W
2026/07/24 14:49:28.850, 30.03 W
2026/07/24 14:49:29.850, 32.96 W
2026/07/24 14:49:30.850, 33.69 W
2026/07/24 14:49:31.850, 29.76 W
2026/07/24 14:49:32.850, 32.06 W
2026/07/24 14:49:33.851, 32.89 W
2026/07/24 14:49:34.851, 31.10 W
2026/07/24 14:49:35.851, 34.40 W
2026/07/24 14:49:36.851, 29.96 W
2026/07/24 14:49:37.851, 30.21 W
2026/07/24 14:49:38.851, 29.35 W
2026/07/24 14:49:39.851, 34.15 W
2026/07/24 14:49:40.851, 29.49 W
2026/07/24 14:49:41.851, 32.37 W
2026/07/24 14:49:42.852, 29.95 W
2026/07/24 14:49:43.852, 30.16 W
2026/07/24 14:49:44.852, 29.64 W
2026/07/24 14:49:45.852, 35.00 W
2026/07/24 14:49:46.852, 31.30 W
2026/07/24 14:49:47.852, 30.11 W
2026/07/24 14:49:48.852, 33.86 W
2026/07/24 14:49:49.853, 34.68 W
2026/07/24 14:49:50.853, 30.54 W
2026/07/24 14:49:51.853, 30.12 W
2026/07/24 14:49:52.853, 32.50 W
2026/07/24 14:49:53.853, 33.27 W
2026/07/24 14:49:54.853, 30.47 W
2026/07/24 14:49:55.853, 30.63 W
2026/07/24 14:49:56.853, 29.06 W
2026/07/24 14:49:57.854, 33.16 W
2026/07/24 14:49:58.854, 30.35 W
2026/07/24 14:49:59.854, 33.04 W
2026/07/24 14:50:00.854, 32.76 W
2026/07/24 14:50:01.854, 29.92 W
2026/07/24 14:50:02.854, 33.47 W
2026/07/24 14:50:03.854, 33.11 W
2026/07/24 14:50:04.855, 30.35 W
2026/07/24 14:50:05.855, 34.69 W
2026/07/24 14:50:06.855, 33.40 W
2026/07/24 14:50:07.855, 34.38 W
2026/07/24 14:50:08.855, 28.04 W
2026/07/24 14:50:09.855, 30.30 W
2026/07/24 14:50:10.855, 34.66 W
2026/07/24 14:50:11.856, 28.72 W
2026/07/24 14:50:12.856, 29.31 W
2026/07/24 14:50:13.856, 34.06 W
2026/07/24 14:50:14.856, 31.45 W
2026/07/24 14:50:15.856, 30.31 W
2026/07/24 14:50:16.856, 33.65 W
2026/07/24 14:50:17.857, 33.81 W
2026/07/24 14:50:18.857, 30.75 W
2026/07/24 14:50:19.857, 28.97 W
2026/07/24 14:50:20.857, 30.35 W
2026/07/24 14:50:21.857, 35.52 W
2026/07/24 14:50:22.857, 34.14 W
2026/07/24 14:50:23.857, 29.83 W
2026/07/24 14:50:24.858, 28.99 W
2026/07/24 14:50:25.858, 30.81 W
2026/07/24 14:50:26.858, 29.91 W
2026/07/24 14:50:27.858, 33.93 W
2026/07/24 14:50:28.858, 32.67 W
2026/07/24 14:50:29.858, 30.28 W
2026/07/24 14:50:30.858, 34.47 W
2026/07/24 14:50:31.858, 34.91 W
2026/07/24 14:50:32.858, 27.93 W
2026/07/24 14:50:33.859, 31.42 W
2026/07/24 14:50:34.859, 29.59 W
2026/07/24 14:50:35.859, 34.62 W
2026/07/24 14:50:36.859, 35.16 W
2026/07/24 14:50:37.859, 30.85 W
2026/07/24 14:50:38.859, 30.38 W
2026/07/24 14:50:39.860, 29.70 W
2026/07/24 14:50:40.860, 29.93 W
2026/07/24 14:50:41.860, 34.11 W
2026/07/24 14:50:42.860, 34.65 W
2026/07/24 14:50:43.860, 30.42 W
2026/07/24 14:50:44.860, 29.02 W
2026/07/24 14:50:45.860, 33.92 W
2026/07/24 14:50:46.861, 33.29 W
2026/07/24 14:50:47.861, 30.63 W
2026/07/24 14:50:48.861, 33.34 W
2026/07/24 14:50:49.861, 34.12 W
2026/07/24 14:50:50.861, 30.25 W
2026/07/24 14:50:51.861, 32.83 W
2026/07/24 14:50:52.861, 33.71 W
2026/07/24 14:50:53.861, 29.31 W
2026/07/24 14:50:54.862, 30.33 W
2026/07/24 14:50:55.862, 34.19 W
2026/07/24 14:50:56.862, 31.64 W
2026/07/24 14:50:57.862, 29.00 W
2026/07/24 14:50:58.862, 34.21 W
2026/07/24 14:50:59.862, 33.85 W
2026/07/24 14:51:00.862, 30.37 W
2026/07/24 14:51:01.862, 30.85 W
2026/07/24 14:51:02.863, 34.42 W
2026/07/24 14:51:03.863, 30.58 W
2026/07/24 14:51:04.863, 29.17 W
2026/07/24 14:51:05.863, 33.93 W
2026/07/24 14:51:06.863, 33.05 W
2026/07/24 14:51:07.863, 30.42 W
2026/07/24 14:51:08.863, 33.79 W
2026/07/24 14:51:09.864, 34.88 W
2026/07/24 14:51:10.864, 28.77 W
2026/07/24 14:51:11.864, 30.13 W
2026/07/24 14:51:12.864, 33.21 W
2026/07/24 14:51:13.864, 32.70 W
2026/07/24 14:51:14.864, 28.95 W
2026/07/24 14:51:15.864, 29.41 W
2026/07/24 14:51:16.864, 30.50 W
2026/07/24 14:51:17.864, 29.46 W
2026/07/24 14:51:18.864, 29.12 W
2026/07/24 14:51:19.865, 33.51 W
2026/07/24 14:51:20.865, 34.37 W
2026/07/24 14:51:21.865, 30.19 W
2026/07/24 14:51:22.865, 29.26 W
2026/07/24 14:51:23.865, 34.88 W
2026/07/24 14:51:24.865, 31.24 W
2026/07/24 14:51:25.865, 30.22 W
2026/07/24 14:51:26.865, 30.22 W
2026/07/24 14:51:27.865, 34.59 W
2026/07/24 14:51:28.865, 34.13 W
2026/07/24 14:51:29.866, 30.03 W
2026/07/24 14:51:30.866, 28.99 W
2026/07/24 14:51:31.866, 34.39 W
2026/07/24 14:51:32.866, 31.28 W
2026/07/24 14:51:33.866, 30.32 W
2026/07/24 14:51:34.866, 34.34 W
2026/07/24 14:51:35.866, 34.79 W
2026/07/24 14:51:36.866, 29.62 W
2026/07/24 14:51:37.867, 29.11 W
2026/07/24 14:51:38.867, 35.20 W
2026/07/24 14:51:39.867, 34.49 W
2026/07/24 14:51:40.867, 30.66 W
2026/07/24 14:51:41.867, 30.35 W
2026/07/24 14:51:42.867, 34.72 W
2026/07/24 14:51:43.868, 34.47 W
2026/07/24 14:51:44.868, 30.50 W
2026/07/24 14:51:45.868, 30.72 W
2026/07/24 14:51:46.868, 33.90 W
2026/07/24 14:51:47.868, 30.76 W
2026/07/24 14:51:48.868, 31.29 W
2026/07/24 14:51:49.869, 29.07 W
2026/07/24 14:51:50.869, 30.48 W
2026/07/24 14:51:51.869, 33.69 W
2026/07/24 14:51:52.869, 33.73 W
2026/07/24 14:51:53.869, 29.81 W
2026/07/24 14:51:54.870, 31.24 W
2026/07/24 14:51:55.870, 28.76 W
2026/07/24 14:51:56.870, 33.06 W
2026/07/24 14:51:57.870, 31.41 W
2026/07/24 14:51:58.870, 28.26 W
2026/07/24 14:51:59.870, 33.29 W
2026/07/24 14:52:00.870, 34.11 W
2026/07/24 14:52:01.870, 29.41 W
2026/07/24 14:52:02.871, 30.22 W
2026/07/24 14:52:03.871, 34.10 W
2026/07/24 14:52:04.871, 33.63 W
2026/07/24 14:52:05.871, 30.38 W
2026/07/24 14:52:06.871, 30.61 W
2026/07/24 14:52:07.871, 32.99 W
2026/07/24 14:52:08.871, 32.10 W
2026/07/24 14:52:09.871, 31.00 W
2026/07/24 14:52:10.872, 29.29 W
2026/07/24 14:52:11.872, 34.78 W
2026/07/24 14:52:12.872, 32.79 W
2026/07/24 14:52:13.872, 29.86 W
2026/07/24 14:52:14.872, 30.29 W
2026/07/24 14:52:15.872, 34.41 W
2026/07/24 14:52:16.872, 33.64 W
2026/07/24 14:52:17.873, 30.65 W
2026/07/24 14:52:18.873, 33.29 W
2026/07/24 14:52:19.873, 34.66 W
2026/07/24 14:52:20.873, 29.70 W
2026/07/24 14:52:21.873, 29.77 W
2026/07/24 14:52:22.873, 34.31 W
2026/07/24 14:52:23.874, 33.12 W
2026/07/24 14:52:24.874, 30.80 W
2026/07/24 14:52:25.874, 32.50 W
2026/07/24 14:52:26.874, 34.63 W
2026/07/24 14:52:27.874, 30.61 W
2026/07/24 14:52:28.874, 30.31 W
2026/07/24 14:52:29.874, 33.97 W
2026/07/24 14:52:30.874, 34.02 W
2026/07/24 14:52:31.874, 30.94 W
2026/07/24 14:52:32.875, 29.65 W
2026/07/24 14:52:33.875, 34.06 W
2026/07/24 14:52:34.875, 30.57 W
2026/07/24 14:52:35.875, 32.65 W
2026/07/24 14:52:36.875, 30.14 W
2026/07/24 14:52:37.875, 33.82 W
2026/07/24 14:52:38.875, 30.54 W
2026/07/24 14:52:39.876, 30.62 W
2026/07/24 14:52:40.876, 34.46 W
2026/07/24 14:52:41.876, 32.20 W
2026/07/24 14:52:42.876, 29.62 W
2026/07/24 14:52:43.876, 34.83 W
2026/07/24 14:52:44.876, 34.00 W
2026/07/24 14:52:45.876, 34.75 W
2026/07/24 14:52:46.876, 30.82 W
2026/07/24 14:52:47.876, 30.35 W
2026/07/24 14:52:48.877, 30.70 W
2026/07/24 14:52:49.877, 30.70 W
2026/07/24 14:52:50.877, 28.67 W
2026/07/24 14:52:51.877, 30.56 W
2026/07/24 14:52:52.877, 31.95 W
2026/07/24 14:52:53.877, 31.70 W
2026/07/24 14:52:54.877, 30.11 W
2026/07/24 14:52:55.878, 32.35 W
2026/07/24 14:52:56.878, 34.37 W
2026/07/24 14:52:57.878, 30.71 W
2026/07/24 14:52:58.878, 28.95 W
2026/07/24 14:52:59.878, 34.50 W
2026/07/24 14:53:00.878, 34.16 W
2026/07/24 14:53:01.878, 28.99 W
2026/07/24 14:53:02.879, 30.38 W
2026/07/24 14:53:03.879, 30.52 W
2026/07/24 14:53:04.879, 34.30 W
2026/07/24 14:53:05.879, 34.41 W
2026/07/24 14:53:06.879, 34.34 W
2026/07/24 14:53:07.879, 29.74 W
2026/07/24 14:53:08.880, 29.28 W
2026/07/24 14:53:09.880, 30.58 W
2026/07/24 14:53:10.880, 30.35 W
2026/07/24 14:53:11.880, 35.28 W
2026/07/24 14:53:12.880, 35.06 W
2026/07/24 14:53:13.880, 30.87 W
2026/07/24 14:53:14.881, 30.13 W
2026/07/24 14:53:15.881, 30.25 W
2026/07/24 14:53:16.881, 29.97 W
2026/07/24 14:53:17.881, 31.25 W
2026/07/24 14:53:18.881, 30.39 W
2026/07/24 14:53:19.881, 42.09 W
2026/07/24 14:53:20.881, 53.27 W
2026/07/24 14:53:21.881, 49.99 W
2026/07/24 14:53:22.881, 49.92 W
2026/07/24 14:53:23.882, 51.30 W
2026/07/24 14:53:24.882, 51.85 W
2026/07/24 14:53:25.882, 51.39 W
2026/07/24 14:53:26.882, 60.97 W
2026/07/24 14:53:27.882, 58.45 W
2026/07/24 14:53:28.882, 39.77 W
2026/07/24 14:53:29.882, 38.96 W
2026/07/24 14:53:30.882, 39.90 W
2026/07/24 14:53:31.883, 40.44 W
2026/07/24 14:53:32.883, 52.50 W
2026/07/24 14:53:33.883, 31.84 W
2026/07/24 14:53:34.883, 35.22 W
2026/07/24 14:53:35.883, 33.56 W
2026/07/24 14:53:36.883, 33.88 W
2026/07/24 14:53:37.883, 34.87 W
2026/07/24 14:53:38.883, 36.00 W
2026/07/24 14:53:39.883, 34.71 W
2026/07/24 14:53:40.884, 30.20 W
2026/07/24 14:53:41.884, 33.19 W
2026/07/24 14:53:42.884, 32.06 W
2026/07/24 14:53:43.884, 33.65 W
2026/07/24 14:53:44.884, 33.83 W
2026/07/24 14:53:45.884, 30.45 W
2026/07/24 14:53:46.884, 34.76 W
2026/07/24 14:53:47.884, 33.81 W
2026/07/24 14:53:48.885, 31.58 W
2026/07/24 14:53:49.885, 35.51 W
2026/07/24 14:53:50.885, 30.78 W
2026/07/24 14:53:51.885, 35.29 W
2026/07/24 14:53:52.885, 34.37 W
2026/07/24 14:53:53.885, 30.25 W
2026/07/24 14:53:54.886, 35.33 W
2026/07/24 14:53:55.886, 30.74 W
2026/07/24 14:53:56.886, 31.93 W
2026/07/24 14:53:57.886, 33.21 W
2026/07/24 14:53:58.886, 33.91 W
2026/07/24 14:53:59.886, 34.79 W
2026/07/24 14:54:00.887, 35.71 W
2026/07/24 14:54:01.887, 36.19 W
2026/07/24 14:54:02.887, 29.45 W
2026/07/24 14:54:03.887, 33.92 W
2026/07/24 14:54:04.887, 31.17 W
2026/07/24 14:54:05.887, 36.09 W
2026/07/24 14:54:06.887, 29.86 W
2026/07/24 14:54:07.887, 30.18 W
2026/07/24 14:54:08.888, 33.30 W
2026/07/24 14:54:09.888, 35.69 W
2026/07/24 14:54:10.888, 36.08 W
2026/07/24 14:54:11.888, 30.00 W
2026/07/24 14:54:12.888, 34.31 W
2026/07/24 14:54:13.888, 34.90 W
2026/07/24 14:54:14.888, 30.41 W
2026/07/24 14:54:15.889, 35.52 W
2026/07/24 14:54:16.889, 35.36 W
2026/07/24 14:54:17.889, 30.02 W
2026/07/24 14:54:18.889, 35.24 W
2026/07/24 14:54:19.889, 31.27 W
2026/07/24 14:54:20.889, 35.16 W
2026/07/24 14:54:21.889, 35.94 W
2026/07/24 14:54:22.890, 34.83 W
2026/07/24 14:54:23.890, 33.42 W
2026/07/24 14:54:24.890, 29.51 W
2026/07/24 14:54:25.890, 32.36 W
2026/07/24 14:54:26.890, 34.08 W
2026/07/24 14:54:27.890, 35.29 W
2026/07/24 14:54:28.890, 36.02 W
2026/07/24 14:54:29.891, 34.32 W
2026/07/24 14:54:30.891, 33.24 W
2026/07/24 14:54:31.891, 30.58 W
2026/07/24 14:54:32.891, 32.94 W
2026/07/24 14:54:33.891, 32.06 W
2026/07/24 14:54:34.891, 35.42 W
2026/07/24 14:54:35.891, 35.73 W
2026/07/24 14:54:36.891, 30.84 W
2026/07/24 14:54:37.891, 33.50 W
2026/07/24 14:54:38.892, 31.81 W
2026/07/24 14:54:39.892, 35.74 W
2026/07/24 14:54:40.892, 31.58 W
2026/07/24 14:54:41.892, 28.64 W
2026/07/24 14:54:42.892, 32.46 W
2026/07/24 14:54:43.892, 31.28 W
2026/07/24 14:54:44.892, 35.11 W
2026/07/24 14:54:45.892, 35.54 W
2026/07/24 14:54:46.892, 35.11 W
2026/07/24 14:54:47.892, 32.48 W
2026/07/24 14:54:48.893, 28.55 W
2026/07/24 14:54:49.893, 33.63 W
2026/07/24 14:54:50.893, 30.30 W
2026/07/24 14:54:51.893, 34.11 W
2026/07/24 14:54:52.893, 35.15 W
2026/07/24 14:54:53.893, 29.78 W
2026/07/24 14:54:54.893, 35.13 W
2026/07/24 14:54:55.894, 31.26 W
2026/07/24 14:54:56.894, 33.27 W
2026/07/24 14:54:57.894, 30.80 W
2026/07/24 14:54:58.894, 33.95 W
2026/07/24 14:54:59.894, 34.70 W
2026/07/24 14:55:00.894, 35.77 W
2026/07/24 14:55:01.894, 32.60 W
2026/07/24 14:55:02.895, 30.42 W
2026/07/24 14:55:03.895, 33.29 W
2026/07/24 14:55:04.895, 34.85 W
2026/07/24 14:55:05.895, 29.06 W
2026/07/24 14:55:06.895, 32.85 W
2026/07/24 14:55:07.895, 31.38 W
2026/07/24 14:55:08.895, 31.93 W
2026/07/24 14:55:09.895, 33.14 W
2026/07/24 14:55:10.896, 35.61 W
2026/07/24 14:55:11.896, 33.29 W
2026/07/24 14:55:12.896, 29.70 W
2026/07/24 14:55:13.896, 33.23 W
2026/07/24 14:55:14.896, 31.75 W
2026/07/24 14:55:15.896, 35.41 W
2026/07/24 14:55:16.896, 35.57 W
2026/07/24 14:55:17.896, 28.78 W
2026/07/24 14:55:18.897, 33.34 W
2026/07/24 14:55:19.897, 30.12 W
2026/07/24 14:55:20.897, 35.03 W
2026/07/24 14:55:21.897, 33.98 W
2026/07/24 14:55:22.897, 29.63 W
2026/07/24 14:55:23.897, 34.62 W
2026/07/24 14:55:24.897, 29.92 W
2026/07/24 14:55:25.897, 34.71 W
2026/07/24 14:55:26.897, 33.22 W
2026/07/24 14:55:27.897, 30.51 W
2026/07/24 14:55:28.898, 34.39 W
2026/07/24 14:55:29.898, 33.54 W
2026/07/24 14:55:30.898, 35.08 W
2026/07/24 14:55:31.898, 34.05 W
2026/07/24 14:55:32.898, 28.52 W
2026/07/24 14:55:33.898, 34.27 W
2026/07/24 14:55:34.898, 28.85 W
2026/07/24 14:55:35.899, 33.91 W
2026/07/24 14:55:36.899, 35.22 W
2026/07/24 14:55:37.899, 31.46 W
2026/07/24 14:55:38.899, 32.99 W
2026/07/24 14:55:39.899, 31.23 W
2026/07/24 14:55:40.899, 33.27 W
2026/07/24 14:55:41.899, 31.26 W
2026/07/24 14:55:42.899, 34.65 W
2026/07/24 14:55:43.899, 35.27 W
2026/07/24 14:55:44.899, 28.19 W
2026/07/24 14:55:45.900, 34.89 W
2026/07/24 14:55:46.900, 30.59 W
2026/07/24 14:55:47.900, 31.85 W
2026/07/24 14:55:48.900, 34.79 W
2026/07/24 14:55:49.900, 30.22 W
2026/07/24 14:55:50.900, 32.74 W
2026/07/24 14:55:51.900, 31.30 W
2026/07/24 14:55:52.900, 33.00 W
2026/07/24 14:55:53.900, 31.16 W
2026/07/24 14:55:54.901, 32.86 W
2026/07/24 14:55:55.901, 32.11 W
2026/07/24 14:55:56.901, 30.06 W
2026/07/24 14:55:57.901, 31.18 W
2026/07/24 14:55:58.901, 32.43 W
2026/07/24 14:55:59.901, 30.89 W
2026/07/24 14:56:00.901, 30.36 W
2026/07/24 14:56:01.901, 34.83 W
2026/07/24 14:56:02.902, 29.31 W
2026/07/24 14:56:03.902, 33.48 W
2026/07/24 14:56:04.902, 30.96 W
2026/07/24 14:56:05.902, 33.42 W
2026/07/24 14:56:06.902, 31.54 W
2026/07/24 14:56:07.902, 34.99 W
2026/07/24 14:56:08.902, 35.77 W
2026/07/24 14:56:09.902, 28.10 W
2026/07/24 14:56:10.902, 33.32 W
2026/07/24 14:56:11.902, 35.32 W
2026/07/24 14:56:12.902, 28.13 W
2026/07/24 14:56:13.903, 34.61 W
2026/07/24 14:56:14.903, 28.73 W
2026/07/24 14:56:15.903, 34.40 W
2026/07/24 14:56:16.903, 34.73 W
2026/07/24 14:56:17.903, 29.66 W
2026/07/24 14:56:18.903, 33.21 W
2026/07/24 14:56:19.903, 35.24 W
2026/07/24 14:56:20.903, 28.67 W
2026/07/24 14:56:21.903, 35.04 W
2026/07/24 14:56:22.903, 33.91 W
2026/07/24 14:56:23.904, 30.36 W
2026/07/24 14:56:24.904, 30.40 W
2026/07/24 14:56:25.904, 34.62 W
2026/07/24 14:56:26.904, 31.22 W
2026/07/24 14:56:27.904, 32.47 W
2026/07/24 14:56:28.904, 34.74 W
2026/07/24 14:56:29.904, 30.34 W
2026/07/24 14:56:30.904, 32.17 W
2026/07/24 14:56:31.904, 31.13 W
2026/07/24 14:56:32.904, 32.90 W
2026/07/24 14:56:33.905, 34.25 W
2026/07/24 14:56:34.905, 29.71 W
2026/07/24 14:56:35.905, 34.36 W
2026/07/24 14:56:36.905, 34.33 W
2026/07/24 14:56:37.905, 34.03 W
2026/07/24 14:56:38.905, 32.57 W
2026/07/24 14:56:39.905, 30.62 W
2026/07/24 14:56:40.905, 34.82 W
2026/07/24 14:56:41.906, 33.73 W
2026/07/24 14:56:42.906, 30.29 W
2026/07/24 14:56:43.906, 30.48 W
2026/07/24 14:56:44.906, 32.06 W
2026/07/24 14:56:45.906, 30.66 W
2026/07/24 14:56:46.906, 34.12 W
2026/07/24 14:56:47.906, 31.06 W
2026/07/24 14:56:48.906, 30.45 W
2026/07/24 14:56:49.906, 34.57 W
2026/07/24 14:56:50.907, 30.61 W
2026/07/24 14:56:51.907, 30.02 W
2026/07/24 14:56:52.907, 32.20 W
2026/07/24 14:56:53.907, 34.46 W
2026/07/24 14:56:54.907, 32.13 W
2026/07/24 14:56:55.907, 32.48 W
2026/07/24 14:56:56.907, 30.51 W
2026/07/24 14:56:57.907, 34.84 W
2026/07/24 14:56:58.908, 29.44 W
2026/07/24 14:56:59.908, 34.72 W
2026/07/24 14:57:00.908, 33.97 W
2026/07/24 14:57:01.908, 30.44 W
2026/07/24 14:57:02.908, 30.02 W
2026/07/24 14:57:03.908, 34.46 W
2026/07/24 14:57:04.908, 31.24 W
2026/07/24 14:57:05.909, 34.40 W
2026/07/24 14:57:06.909, 32.50 W
2026/07/24 14:57:07.909, 30.28 W
2026/07/24 14:57:08.909, 31.22 W
2026/07/24 14:57:09.909, 32.43 W
2026/07/24 14:57:10.909, 32.54 W
2026/07/24 14:57:11.909, 28.97 W
2026/07/24 14:57:12.909, 33.31 W
2026/07/24 14:57:13.909, 32.33 W
2026/07/24 14:57:14.910, 28.49 W
2026/07/24 14:57:15.910, 34.16 W
2026/07/24 14:57:16.910, 34.62 W
2026/07/24 14:57:17.910, 30.21 W
2026/07/24 14:57:18.910, 32.97 W
2026/07/24 14:57:19.910, 30.04 W
2026/07/24 14:57:20.910, 31.12 W
2026/07/24 14:57:21.910, 35.13 W
2026/07/24 14:57:22.910, 30.61 W
2026/07/24 14:57:23.910, 30.89 W
2026/07/24 14:57:24.910, 35.44 W
2026/07/24 14:57:25.910, 29.03 W
2026/07/24 14:57:26.911, 30.42 W
2026/07/24 14:57:27.911, 35.53 W
2026/07/24 14:57:28.911, 35.21 W
2026/07/24 14:57:29.911, 30.11 W
2026/07/24 14:57:30.911, 35.25 W
2026/07/24 14:57:31.911, 33.42 W
2026/07/24 14:57:32.911, 30.50 W
2026/07/24 14:57:33.911, 35.41 W
2026/07/24 14:57:34.912, 33.49 W
2026/07/24 14:57:35.912, 30.51 W
2026/07/24 14:57:36.912, 33.95 W
2026/07/24 14:57:37.912, 33.61 W
2026/07/24 14:57:38.912, 30.05 W
2026/07/24 14:57:39.912, 30.20 W
2026/07/24 14:57:40.912, 29.99 W
2026/07/24 14:57:41.912, 30.35 W
2026/07/24 14:57:42.913, 34.71 W
2026/07/24 14:57:43.913, 29.16 W
2026/07/24 14:57:44.913, 34.56 W
2026/07/24 14:57:45.913, 35.15 W
2026/07/24 14:57:46.913, 29.93 W
2026/07/24 14:57:47.913, 35.19 W
2026/07/24 14:57:48.913, 30.84 W
2026/07/24 14:57:49.913, 30.48 W
2026/07/24 14:57:50.914, 34.35 W
2026/07/24 14:57:51.914, 30.84 W
2026/07/24 14:57:52.914, 32.26 W
2026/07/24 14:57:53.914, 34.18 W
2026/07/24 14:57:54.914, 30.20 W
2026/07/24 14:57:55.914, 34.68 W
2026/07/24 14:57:56.914, 34.34 W
2026/07/24 14:57:57.914, 30.02 W
2026/07/24 14:57:58.915, 34.11 W
2026/07/24 14:57:59.915, 34.18 W
2026/07/24 14:58:00.915, 31.11 W
2026/07/24 14:58:01.915, 35.12 W
2026/07/24 14:58:02.915, 33.38 W
2026/07/24 14:58:03.915, 30.02 W
2026/07/24 14:58:04.915, 35.21 W
2026/07/24 14:58:05.916, 30.58 W
2026/07/24 14:58:06.916, 34.24 W
2026/07/24 14:58:07.916, 33.73 W
2026/07/24 14:58:08.916, 31.05 W
2026/07/24 14:58:09.916, 30.31 W
2026/07/24 14:58:10.916, 33.62 W
2026/07/24 14:58:11.916, 31.06 W
2026/07/24 14:58:12.916, 30.96 W
2026/07/24 14:58:13.916, 28.22 W
2026/07/24 14:58:14.917, 34.60 W
2026/07/24 14:58:15.917, 31.28 W
2026/07/24 14:58:16.917, 30.74 W
2026/07/24 14:58:17.917, 33.08 W
2026/07/24 14:58:18.917, 29.14 W
2026/07/24 14:58:19.917, 35.11 W
2026/07/24 14:58:20.917, 33.26 W
2026/07/24 14:58:21.917, 30.44 W
2026/07/24 14:58:22.918, 32.42 W
2026/07/24 14:58:23.918, 31.26 W
2026/07/24 14:58:24.918, 31.16 W
2026/07/24 14:58:25.918, 31.96 W
2026/07/24 14:58:26.918, 31.14 W
2026/07/24 14:58:27.918, 32.97 W
2026/07/24 14:58:28.918, 34.54 W
2026/07/24 14:58:29.918, 29.26 W
2026/07/24 14:58:30.919, 35.05 W
2026/07/24 14:58:31.919, 29.67 W
2026/07/24 14:58:32.919, 34.66 W
2026/07/24 14:58:33.919, 33.47 W
2026/07/24 14:58:34.919, 30.35 W
2026/07/24 14:58:35.919, 34.83 W
2026/07/24 14:58:36.919, 33.85 W
2026/07/24 14:58:37.920, 30.44 W
2026/07/24 14:58:38.920, 30.74 W
2026/07/24 14:58:39.920, 33.48 W
2026/07/24 14:58:40.920, 31.36 W
2026/07/24 14:58:41.920, 30.96 W
2026/07/24 14:58:42.920, 33.16 W
2026/07/24 14:58:43.920, 30.67 W
2026/07/24 14:58:44.920, 34.11 W
2026/07/24 14:58:45.921, 33.90 W
2026/07/24 14:58:46.921, 30.47 W
2026/07/24 14:58:47.921, 33.70 W
2026/07/24 14:58:48.921, 34.01 W
2026/07/24 14:58:49.921, 30.50 W
2026/07/24 14:58:50.921, 34.24 W
2026/07/24 14:58:51.921, 31.15 W
2026/07/24 14:58:52.921, 30.90 W
2026/07/24 14:58:53.921, 32.45 W
2026/07/24 14:58:54.922, 28.94 W
2026/07/24 14:58:55.922, 34.87 W
2026/07/24 14:58:56.922, 33.36 W
2026/07/24 14:58:57.922, 30.12 W
2026/07/24 14:58:58.922, 34.85 W
2026/07/24 14:58:59.922, 34.67 W
2026/07/24 14:59:00.922, 29.77 W
2026/07/24 14:59:01.922, 36.23 W
2026/07/24 14:59:02.923, 30.54 W
2026/07/24 14:59:03.923, 33.09 W
2026/07/24 14:59:04.923, 33.09 W
2026/07/24 14:59:05.923, 30.50 W
2026/07/24 14:59:06.923, 30.42 W
2026/07/24 14:59:07.923, 34.26 W
2026/07/24 14:59:08.923, 29.51 W
2026/07/24 14:59:09.924, 34.27 W
2026/07/24 14:59:10.924, 33.62 W
2026/07/24 14:59:11.924, 30.83 W
2026/07/24 14:59:12.924, 32.38 W
2026/07/24 14:59:13.924, 33.84 W
2026/07/24 14:59:14.924, 30.45 W
2026/07/24 14:59:15.924, 33.52 W
2026/07/24 14:59:16.925, 34.54 W
2026/07/24 14:59:17.925, 29.67 W
2026/07/24 14:59:18.925, 30.69 W
2026/07/24 14:59:19.925, 30.52 W
2026/07/24 14:59:20.925, 34.97 W
2026/07/24 14:59:21.925, 34.63 W
2026/07/24 14:59:22.926, 28.72 W
2026/07/24 14:59:23.926, 28.31 W
2026/07/24 14:59:24.926, 34.22 W
2026/07/24 14:59:25.926, 31.62 W
2026/07/24 14:59:26.926, 30.47 W
2026/07/24 14:59:27.926, 32.66 W
2026/07/24 14:59:28.927, 32.44 W
2026/07/24 14:59:29.927, 28.68 W
2026/07/24 14:59:30.927, 31.03 W
2026/07/24 14:59:31.927, 34.48 W
2026/07/24 14:59:32.927, 34.69 W
2026/07/24 14:59:33.927, 30.61 W
2026/07/24 14:59:34.927, 34.73 W
2026/07/24 14:59:35.927, 34.66 W
2026/07/24 14:59:36.927, 29.43 W
2026/07/24 14:59:37.928, 34.23 W
2026/07/24 14:59:38.928, 30.38 W
2026/07/24 14:59:39.928, 29.58 W
2026/07/24 14:59:40.928, 34.52 W
2026/07/24 14:59:41.928, 29.94 W
2026/07/24 14:59:42.928, 29.83 W
2026/07/24 14:59:43.928, 35.00 W
2026/07/24 14:59:44.928, 28.69 W
2026/07/24 14:59:45.928, 30.76 W
2026/07/24 14:59:46.929, 32.95 W
2026/07/24 14:59:47.929, 32.63 W
2026/07/24 14:59:48.929, 29.09 W
2026/07/24 14:59:49.929, 34.49 W
2026/07/24 14:59:50.929, 34.11 W
2026/07/24 14:59:51.929, 29.84 W
2026/07/24 14:59:52.929, 33.93 W
2026/07/24 14:59:53.929, 31.60 W
2026/07/24 14:59:54.929, 30.55 W
2026/07/24 14:59:55.930, 29.06 W
2026/07/24 14:59:56.930, 30.33 W
2026/07/24 14:59:57.930, 30.41 W
2026/07/24 14:59:58.930, 34.89 W
2026/07/24 14:59:59.930, 29.70 W
2026/07/24 15:00:00.930, 30.94 W
2026/07/24 15:00:01.930, 33.73 W
2026/07/24 15:00:02.931, 34.90 W
2026/07/24 15:00:03.931, 29.83 W
2026/07/24 15:00:04.931, 31.03 W
2026/07/24 15:00:05.931, 34.63 W
2026/07/24 15:00:06.931, 30.81 W
2026/07/24 15:00:07.931, 29.78 W
2026/07/24 15:00:08.932, 33.26 W
2026/07/24 15:00:09.932, 33.19 W
2026/07/24 15:00:10.932, 29.04 W
2026/07/24 15:00:11.932, 33.40 W
2026/07/24 15:00:12.932, 32.90 W
2026/07/24 15:00:13.932, 30.96 W
2026/07/24 15:00:14.932, 33.82 W
2026/07/24 15:00:15.932, 33.63 W
2026/07/24 15:00:16.933, 30.67 W
2026/07/24 15:00:17.933, 34.72 W
2026/07/24 15:00:18.933, 34.24 W
2026/07/24 15:00:19.933, 30.77 W
2026/07/24 15:00:20.933, 34.40 W
2026/07/24 15:00:21.933, 33.57 W
2026/07/24 15:00:22.933, 33.47 W
2026/07/24 15:00:23.934, 30.20 W
2026/07/24 15:00:24.934, 34.74 W
2026/07/24 15:00:25.934, 30.35 W
2026/07/24 15:00:26.934, 29.17 W
2026/07/24 15:00:27.934, 29.65 W
2026/07/24 15:00:28.934, 33.24 W
2026/07/24 15:00:29.934, 34.01 W
2026/07/24 15:00:30.935, 30.53 W
2026/07/24 15:00:31.935, 30.05 W
2026/07/24 15:00:32.935, 30.25 W
2026/07/24 15:00:33.935, 33.67 W
2026/07/24 15:00:34.935, 32.53 W
2026/07/24 15:00:35.935, 29.41 W
2026/07/24 15:00:36.935, 34.93 W
2026/07/24 15:00:37.936, 34.77 W
2026/07/24 15:00:38.936, 31.12 W
2026/07/24 15:00:39.936, 29.56 W
2026/07/24 15:00:40.936, 30.97 W
2026/07/24 15:00:41.936, 35.64 W
2026/07/24 15:00:42.936, 34.74 W
2026/07/24 15:00:43.936, 30.04 W
2026/07/24 15:00:44.937, 30.45 W
2026/07/24 15:00:45.937, 34.76 W
2026/07/24 15:00:46.937, 29.52 W
2026/07/24 15:00:47.937, 31.44 W
2026/07/24 15:00:48.937, 32.97 W
2026/07/24 15:00:49.937, 29.39 W
2026/07/24 15:00:50.937, 34.69 W
2026/07/24 15:00:51.937, 31.34 W
2026/07/24 15:00:52.937, 49.94 W
2026/07/24 15:00:53.938, 48.58 W
2026/07/24 15:00:54.938, 48.88 W
2026/07/24 15:00:55.938, 48.73 W
2026/07/24 15:00:56.938, 51.89 W
2026/07/24 15:00:57.938, 50.84 W
2026/07/24 15:00:58.938, 57.22 W
2026/07/24 15:00:59.938, 59.85 W
2026/07/24 15:01:00.939, 38.19 W
2026/07/24 15:01:01.939, 30.60 W
2026/07/24 15:01:02.939, 35.41 W
2026/07/24 15:01:03.939, 36.27 W
2026/07/24 15:01:04.939, 30.66 W
2026/07/24 15:01:05.939, 33.55 W
2026/07/24 15:01:06.939, 30.07 W
2026/07/24 15:01:07.940, 33.92 W
2026/07/24 15:01:08.940, 30.11 W
2026/07/24 15:01:09.940, 35.51 W
2026/07/24 15:01:10.940, 35.81 W
2026/07/24 15:01:11.940, 35.73 W
2026/07/24 15:01:12.940, 33.71 W
2026/07/24 15:01:13.940, 28.87 W
2026/07/24 15:01:14.941, 29.85 W
2026/07/24 15:01:15.941, 30.01 W
2026/07/24 15:01:16.941, 33.81 W
2026/07/24 15:01:17.941, 30.80 W
2026/07/24 15:01:18.941, 33.33 W
2026/07/24 15:01:19.941, 32.45 W
2026/07/24 15:01:20.941, 34.05 W
2026/07/24 15:01:21.942, 33.00 W
2026/07/24 15:01:22.942, 34.78 W
2026/07/24 15:01:23.942, 34.53 W
2026/07/24 15:01:24.942, 35.54 W
2026/07/24 15:01:25.942, 31.94 W
2026/07/24 15:01:26.942, 35.65 W
2026/07/24 15:01:27.942, 35.32 W
2026/07/24 15:01:28.943, 35.29 W
2026/07/24 15:01:29.943, 31.84 W
2026/07/24 15:01:30.943, 34.53 W
2026/07/24 15:01:31.943, 30.88 W
2026/07/24 15:01:32.943, 29.19 W
2026/07/24 15:01:33.943, 34.55 W
2026/07/24 15:01:34.944, 31.59 W
2026/07/24 15:01:35.944, 33.05 W
2026/07/24 15:01:36.944, 30.64 W
2026/07/24 15:01:37.944, 35.76 W
2026/07/24 15:01:38.944, 35.16 W
2026/07/24 15:01:39.944, 29.83 W
2026/07/24 15:01:40.944, 34.24 W
2026/07/24 15:01:41.944, 31.33 W
2026/07/24 15:01:42.945, 35.94 W
2026/07/24 15:01:43.945, 31.44 W
2026/07/24 15:01:44.945, 35.05 W
2026/07/24 15:01:45.945, 27.48 W
2026/07/24 15:01:46.945, 29.01 W
2026/07/24 15:01:47.945, 33.54 W
2026/07/24 15:01:48.945, 31.26 W
2026/07/24 15:01:49.945, 33.92 W
2026/07/24 15:01:50.946, 33.68 W
2026/07/24 15:01:51.946, 33.82 W
2026/07/24 15:01:52.946, 34.67 W
2026/07/24 15:01:53.946, 32.03 W
2026/07/24 15:01:54.946, 32.96 W
2026/07/24 15:01:55.946, 29.88 W
2026/07/24 15:01:56.946, 34.80 W
2026/07/24 15:01:57.946, 30.14 W
2026/07/24 15:01:58.946, 33.57 W
2026/07/24 15:01:59.946, 34.56 W
2026/07/24 15:02:00.947, 31.00 W
2026/07/24 15:02:01.947, 32.89 W
2026/07/24 15:02:02.947, 30.18 W
2026/07/24 15:02:03.947, 35.00 W
2026/07/24 15:02:04.947, 30.98 W
2026/07/24 15:02:05.947, 34.12 W
2026/07/24 15:02:06.947, 34.81 W
2026/07/24 15:02:07.947, 31.19 W
2026/07/24 15:02:08.947, 32.87 W
2026/07/24 15:02:09.948, 31.44 W
2026/07/24 15:02:10.948, 33.53 W
2026/07/24 15:02:11.948, 34.03 W
2026/07/24 15:02:12.948, 34.77 W
2026/07/24 15:02:13.948, 33.96 W
2026/07/24 15:02:14.948, 31.43 W
2026/07/24 15:02:15.948, 35.83 W
2026/07/24 15:02:16.948, 28.39 W
2026/07/24 15:02:17.948, 34.86 W
2026/07/24 15:02:18.948, 34.20 W
2026/07/24 15:02:19.949, 29.33 W
2026/07/24 15:02:20.949, 33.34 W
2026/07/24 15:02:21.949, 33.64 W
2026/07/24 15:02:22.949, 28.67 W
2026/07/24 15:02:23.949, 33.57 W
2026/07/24 15:02:24.949, 29.38 W
2026/07/24 15:02:25.949, 29.19 W
2026/07/24 15:02:26.949, 30.10 W
2026/07/24 15:02:27.949, 34.47 W
2026/07/24 15:02:28.949, 35.13 W
2026/07/24 15:02:29.949, 35.44 W
2026/07/24 15:02:30.950, 35.63 W
2026/07/24 15:02:31.950, 36.18 W
2026/07/24 15:02:32.950, 36.16 W
2026/07/24 15:02:33.950, 35.27 W
2026/07/24 15:02:34.950, 34.89 W
2026/07/24 15:02:35.950, 31.15 W
2026/07/24 15:02:36.950, 34.26 W
2026/07/24 15:02:37.950, 29.22 W
2026/07/24 15:02:38.950, 34.39 W
2026/07/24 15:02:39.951, 35.39 W
2026/07/24 15:02:40.951, 35.92 W
2026/07/24 15:02:41.951, 35.93 W
2026/07/24 15:02:42.951, 28.06 W
2026/07/24 15:02:43.951, 32.65 W
2026/07/24 15:02:44.951, 29.27 W
2026/07/24 15:02:45.951, 34.44 W
2026/07/24 15:02:46.951, 35.45 W
2026/07/24 15:02:47.951, 30.18 W
2026/07/24 15:02:48.951, 34.86 W
2026/07/24 15:02:49.952, 30.70 W
2026/07/24 15:02:50.952, 35.50 W
2026/07/24 15:02:51.952, 35.30 W
2026/07/24 15:02:52.952, 29.77 W
2026/07/24 15:02:53.952, 35.92 W
2026/07/24 15:02:54.952, 31.22 W
2026/07/24 15:02:55.952, 33.04 W
2026/07/24 15:02:56.952, 28.28 W
2026/07/24 15:02:57.952, 30.06 W
2026/07/24 15:02:58.953, 32.73 W
2026/07/24 15:02:59.953, 29.79 W
2026/07/24 15:03:00.953, 33.73 W
2026/07/24 15:03:01.953, 34.57 W
2026/07/24 15:03:02.953, 35.50 W
2026/07/24 15:03:03.953, 36.02 W
2026/07/24 15:03:04.953, 35.21 W
2026/07/24 15:03:05.953, 33.44 W
2026/07/24 15:03:06.953, 28.74 W
2026/07/24 15:03:07.953, 33.50 W
2026/07/24 15:03:08.954, 30.09 W
2026/07/24 15:03:09.954, 34.83 W
2026/07/24 15:03:10.954, 30.93 W
2026/07/24 15:03:11.954, 35.34 W
2026/07/24 15:03:12.954, 28.27 W
2026/07/24 15:03:13.954, 34.51 W
2026/07/24 15:03:14.954, 31.44 W
2026/07/24 15:03:15.954, 33.54 W
2026/07/24 15:03:16.954, 28.68 W
2026/07/24 15:03:17.954, 33.66 W
2026/07/24 15:03:18.954, 34.09 W
2026/07/24 15:03:19.955, 35.43 W
2026/07/24 15:03:20.955, 35.90 W
2026/07/24 15:03:21.955, 28.23 W
2026/07/24 15:03:22.955, 33.68 W
2026/07/24 15:03:23.955, 30.24 W
2026/07/24 15:03:24.955, 35.36 W
2026/07/24 15:03:25.955, 31.30 W
2026/07/24 15:03:26.955, 34.77 W
2026/07/24 15:03:27.955, 35.02 W
2026/07/24 15:03:28.955, 30.77 W
2026/07/24 15:03:29.955, 35.33 W
2026/07/24 15:03:30.956, 28.17 W
2026/07/24 15:03:31.956, 33.20 W
2026/07/24 15:03:32.956, 34.00 W
2026/07/24 15:03:33.956, 29.94 W
2026/07/24 15:03:34.956, 34.41 W
2026/07/24 15:03:35.956, 31.77 W
2026/07/24 15:03:36.956, 29.52 W
2026/07/24 15:03:37.956, 33.70 W
2026/07/24 15:03:38.957, 30.12 W
2026/07/24 15:03:39.957, 30.24 W
2026/07/24 15:03:40.957, 33.91 W
2026/07/24 15:03:41.957, 27.86 W
2026/07/24 15:03:42.957, 33.47 W
2026/07/24 15:03:43.957, 33.80 W
2026/07/24 15:03:44.957, 34.75 W
2026/07/24 15:03:45.958, 35.33 W
2026/07/24 15:03:46.958, 31.30 W
2026/07/24 15:03:47.958, 34.99 W
2026/07/24 15:03:48.958, 30.49 W
2026/07/24 15:03:49.958, 33.21 W
2026/07/24 15:03:50.958, 34.47 W
2026/07/24 15:03:51.958, 30.55 W
2026/07/24 15:03:52.958, 31.02 W
2026/07/24 15:03:53.958, 32.74 W
2026/07/24 15:03:54.959, 35.19 W
2026/07/24 15:03:55.959, 35.85 W
2026/07/24 15:03:56.959, 28.26 W
2026/07/24 15:03:57.959, 33.85 W
2026/07/24 15:03:58.959, 27.62 W
2026/07/24 15:03:59.959, 33.71 W
2026/07/24 15:04:00.959, 33.96 W
2026/07/24 15:04:01.959, 30.09 W
2026/07/24 15:04:02.959, 35.31 W
2026/07/24 15:04:03.960, 28.55 W
2026/07/24 15:04:04.960, 33.46 W
2026/07/24 15:04:05.960, 33.95 W
2026/07/24 15:04:06.960, 35.42 W
2026/07/24 15:04:07.960, 32.76 W
2026/07/24 15:04:08.960, 29.70 W
2026/07/24 15:04:09.961, 34.58 W
2026/07/24 15:04:10.961, 31.03 W
2026/07/24 15:04:11.961, 34.59 W
2026/07/24 15:04:12.961, 28.80 W
2026/07/24 15:04:13.961, 34.95 W
2026/07/24 15:04:14.961, 35.55 W
2026/07/24 15:04:15.961, 28.74 W
2026/07/24 15:04:16.961, 34.80 W
2026/07/24 15:04:17.961, 28.38 W
2026/07/24 15:04:18.961, 33.59 W
2026/07/24 15:04:19.962, 35.21 W
2026/07/24 15:04:20.962, 32.19 W
2026/07/24 15:04:21.962, 31.87 W
2026/07/24 15:04:22.962, 30.05 W
2026/07/24 15:04:23.962, 35.36 W
2026/07/24 15:04:24.962, 29.06 W
2026/07/24 15:04:25.962, 34.62 W
2026/07/24 15:04:26.962, 33.88 W
2026/07/24 15:04:27.962, 30.91 W
2026/07/24 15:04:28.963, 28.34 W
2026/07/24 15:04:29.963, 33.11 W
2026/07/24 15:04:30.963, 30.36 W
2026/07/24 15:04:31.963, 35.67 W
2026/07/24 15:04:32.963, 29.06 W
2026/07/24 15:04:33.963, 33.40 W
2026/07/24 15:04:34.963, 32.97 W
2026/07/24 15:04:35.963, 30.49 W
2026/07/24 15:04:36.963, 34.47 W
2026/07/24 15:04:37.963, 30.54 W
2026/07/24 15:04:38.964, 34.65 W
2026/07/24 15:04:39.964, 35.62 W
2026/07/24 15:04:40.964, 28.66 W
2026/07/24 15:04:41.964, 32.93 W
2026/07/24 15:04:42.964, 30.93 W
2026/07/24 15:04:43.964, 35.04 W
2026/07/24 15:04:44.964, 28.94 W
2026/07/24 15:04:45.964, 33.93 W
2026/07/24 15:04:46.964, 35.04 W
2026/07/24 15:04:47.964, 32.97 W
2026/07/24 15:04:48.965, 31.79 W
2026/07/24 15:04:49.965, 30.44 W
2026/07/24 15:04:50.965, 34.98 W
2026/07/24 15:04:51.965, 30.91 W
2026/07/24 15:04:52.965, 35.01 W
2026/07/24 15:04:53.965, 34.67 W
2026/07/24 15:04:54.965, 29.38 W
2026/07/24 15:04:55.965, 33.52 W
2026/07/24 15:04:56.965, 34.66 W
2026/07/24 15:04:57.966, 29.86 W
2026/07/24 15:04:58.966, 33.51 W
2026/07/24 15:04:59.966, 31.14 W
2026/07/24 15:05:00.966, 33.84 W
2026/07/24 15:05:01.966, 33.15 W
2026/07/24 15:05:02.966, 29.76 W
2026/07/24 15:05:03.966, 35.49 W
2026/07/24 15:05:04.966, 28.65 W
2026/07/24 15:05:05.966, 35.33 W
2026/07/24 15:05:06.967, 33.10 W
2026/07/24 15:05:07.967, 30.25 W
2026/07/24 15:05:08.967, 35.57 W
2026/07/24 15:05:09.967, 29.81 W
2026/07/24 15:05:10.967, 29.56 W
2026/07/24 15:05:11.967, 35.01 W
2026/07/24 15:05:12.967, 33.67 W
2026/07/24 15:05:13.967, 29.80 W
2026/07/24 15:05:14.967, 35.30 W
2026/07/24 15:05:15.967, 29.23 W
2026/07/24 15:05:16.968, 34.85 W
2026/07/24 15:05:17.968, 33.33 W
2026/07/24 15:05:18.968, 32.17 W
2026/07/24 15:05:19.968, 29.78 W
2026/07/24 15:05:20.968, 31.24 W
2026/07/24 15:05:21.968, 33.02 W
2026/07/24 15:05:22.968, 34.23 W
2026/07/24 15:05:23.968, 29.95 W
2026/07/24 15:05:24.968, 34.01 W
2026/07/24 15:05:25.968, 35.65 W
2026/07/24 15:05:26.968, 28.76 W
2026/07/24 15:05:27.969, 34.19 W
2026/07/24 15:05:28.969, 33.73 W
2026/07/24 15:05:29.969, 34.53 W
2026/07/24 15:05:30.969, 33.04 W
2026/07/24 15:05:31.969, 29.72 W
2026/07/24 15:05:32.969, 33.54 W
2026/07/24 15:05:33.969, 34.66 W
2026/07/24 15:05:34.969, 30.24 W
2026/07/24 15:05:35.969, 33.22 W
2026/07/24 15:05:36.969, 30.02 W
2026/07/24 15:05:37.969, 32.23 W
2026/07/24 15:05:38.969, 33.65 W
2026/07/24 15:05:39.970, 29.21 W
2026/07/24 15:05:40.970, 34.36 W
2026/07/24 15:05:41.970, 33.89 W
2026/07/24 15:05:42.970, 30.73 W
2026/07/24 15:05:43.970, 33.16 W
2026/07/24 15:05:44.970, 32.16 W
2026/07/24 15:05:45.970, 30.89 W
2026/07/24 15:05:46.970, 31.86 W
2026/07/24 15:05:47.970, 30.62 W
2026/07/24 15:05:48.970, 33.89 W
2026/07/24 15:05:49.970, 34.13 W
2026/07/24 15:05:50.970, 30.45 W
2026/07/24 15:05:51.971, 33.60 W
2026/07/24 15:05:52.971, 31.10 W
2026/07/24 15:05:53.971, 35.17 W
2026/07/24 15:05:54.971, 34.54 W
2026/07/24 15:05:55.971, 31.02 W
2026/07/24 15:05:56.971, 35.25 W
2026/07/24 15:05:57.971, 34.66 W
2026/07/24 15:05:58.971, 31.17 W
2026/07/24 15:05:59.971, 32.59 W
2026/07/24 15:06:00.971, 33.84 W
2026/07/24 15:06:01.971, 30.48 W
2026/07/24 15:06:02.971, 34.91 W
2026/07/24 15:06:03.972, 31.01 W
2026/07/24 15:06:04.972, 30.64 W
2026/07/24 15:06:05.972, 32.47 W
2026/07/24 15:06:06.972, 34.65 W
2026/07/24 15:06:07.972, 30.62 W
2026/07/24 15:06:08.972, 34.73 W
2026/07/24 15:06:09.972, 30.90 W
2026/07/24 15:06:10.972, 30.64 W
2026/07/24 15:06:11.972, 33.13 W
2026/07/24 15:06:12.972, 34.13 W
2026/07/24 15:06:13.973, 28.88 W
2026/07/24 15:06:14.973, 33.52 W
2026/07/24 15:06:15.973, 33.64 W
2026/07/24 15:06:16.973, 28.55 W
2026/07/24 15:06:17.973, 33.94 W
2026/07/24 15:06:18.973, 35.32 W
2026/07/24 15:06:19.973, 28.69 W
2026/07/24 15:06:20.973, 34.68 W
2026/07/24 15:06:21.973, 30.64 W
2026/07/24 15:06:22.974, 32.06 W
2026/07/24 15:06:23.974, 35.20 W
2026/07/24 15:06:24.974, 28.85 W
2026/07/24 15:06:25.974, 33.88 W
2026/07/24 15:06:26.974, 31.01 W
2026/07/24 15:06:27.974, 32.94 W
2026/07/24 15:06:28.974, 34.74 W
2026/07/24 15:06:29.974, 29.02 W
2026/07/24 15:06:30.974, 34.24 W
2026/07/24 15:06:31.974, 30.23 W
2026/07/24 15:06:32.975, 30.27 W
2026/07/24 15:06:33.975, 32.56 W
2026/07/24 15:06:34.975, 33.54 W
2026/07/24 15:06:35.975, 30.74 W
2026/07/24 15:06:36.975, 33.55 W
2026/07/24 15:06:37.975, 33.62 W
2026/07/24 15:06:38.975, 34.67 W
2026/07/24 15:06:39.975, 32.67 W
2026/07/24 15:06:40.975, 33.18 W
2026/07/24 15:06:41.975, 29.76 W
2026/07/24 15:06:42.975, 30.38 W
2026/07/24 15:06:43.976, 34.46 W
2026/07/24 15:06:44.976, 29.84 W
2026/07/24 15:06:45.976, 33.37 W
2026/07/24 15:06:46.976, 33.05 W
2026/07/24 15:06:47.976, 30.67 W
2026/07/24 15:06:48.976, 32.88 W
2026/07/24 15:06:49.976, 33.03 W
2026/07/24 15:06:50.976, 28.81 W
2026/07/24 15:06:51.977, 30.56 W
2026/07/24 15:06:52.977, 30.33 W
2026/07/24 15:06:53.977, 34.25 W
2026/07/24 15:06:54.977, 31.23 W
2026/07/24 15:06:55.977, 29.62 W
2026/07/24 15:06:56.977, 30.24 W
2026/07/24 15:06:57.977, 33.90 W
2026/07/24 15:06:58.977, 31.28 W
2026/07/24 15:06:59.977, 29.73 W
2026/07/24 15:07:00.978, 29.78 W
2026/07/24 15:07:01.978, 33.66 W
2026/07/24 15:07:02.978, 32.86 W
2026/07/24 15:07:03.978, 30.45 W
2026/07/24 15:07:04.978, 32.55 W
2026/07/24 15:07:05.978, 34.36 W
2026/07/24 15:07:06.978, 34.83 W
2026/07/24 15:07:07.978, 34.69 W
2026/07/24 15:07:08.978, 28.81 W
2026/07/24 15:07:09.978, 30.88 W
2026/07/24 15:07:10.979, 32.06 W
2026/07/24 15:07:11.979, 31.01 W
2026/07/24 15:07:12.979, 32.85 W
2026/07/24 15:07:13.979, 35.16 W
2026/07/24 15:07:14.979, 29.86 W
2026/07/24 15:07:15.980, 30.07 W
2026/07/24 15:07:16.980, 34.14 W
2026/07/24 15:07:17.980, 30.97 W
2026/07/24 15:07:18.980, 32.30 W
2026/07/24 15:07:19.980, 34.18 W
2026/07/24 15:07:20.980, 28.59 W
2026/07/24 15:07:21.980, 34.45 W
2026/07/24 15:07:22.980, 34.33 W
2026/07/24 15:07:23.981, 30.01 W
2026/07/24 15:07:24.981, 34.25 W
2026/07/24 15:07:25.981, 31.95 W
2026/07/24 15:07:26.981, 29.80 W
2026/07/24 15:07:27.981, 35.08 W
2026/07/24 15:07:28.981, 30.35 W
2026/07/24 15:07:29.981, 34.91 W
2026/07/24 15:07:30.982, 32.53 W
2026/07/24 15:07:31.982, 30.78 W
2026/07/24 15:07:32.982, 32.76 W
2026/07/24 15:07:33.982, 34.31 W
2026/07/24 15:07:34.982, 29.61 W
2026/07/24 15:07:35.983, 34.72 W
2026/07/24 15:07:36.983, 34.49 W
2026/07/24 15:07:37.983, 29.62 W
2026/07/24 15:07:38.983, 30.79 W
2026/07/24 15:07:39.983, 33.51 W
2026/07/24 15:07:40.983, 34.25 W
2026/07/24 15:07:41.984, 28.60 W
2026/07/24 15:07:42.984, 30.99 W
2026/07/24 15:07:43.984, 32.51 W
2026/07/24 15:07:44.984, 33.60 W
2026/07/24 15:07:45.984, 30.87 W
2026/07/24 15:07:46.984, 32.51 W
2026/07/24 15:07:47.984, 34.44 W
2026/07/24 15:07:48.985, 28.65 W
2026/07/24 15:07:49.985, 34.47 W
2026/07/24 15:07:50.985, 30.67 W
2026/07/24 15:07:51.985, 34.28 W
2026/07/24 15:07:52.985, 33.47 W
2026/07/24 15:07:53.985, 30.91 W
2026/07/24 15:07:54.985, 33.06 W
2026/07/24 15:07:55.985, 34.98 W
2026/07/24 15:07:56.986, 28.75 W
2026/07/24 15:07:57.986, 34.72 W
2026/07/24 15:07:58.986, 33.72 W
2026/07/24 15:07:59.986, 30.39 W
2026/07/24 15:08:00.986, 33.59 W
2026/07/24 15:08:01.986, 34.29 W
2026/07/24 15:08:02.986, 29.32 W
2026/07/24 15:08:03.986, 34.34 W
2026/07/24 15:08:04.986, 34.01 W
2026/07/24 15:08:05.987, 30.38 W
2026/07/24 15:08:06.987, 28.73 W
2026/07/24 15:08:07.987, 33.97 W
2026/07/24 15:08:08.987, 33.67 W
2026/07/24 15:08:09.987, 30.84 W
2026/07/24 15:08:10.987, 29.14 W
2026/07/24 15:08:11.987, 33.09 W
2026/07/24 15:08:12.988, 32.49 W
2026/07/24 15:08:13.988, 28.45 W
2026/07/24 15:08:14.988, 30.53 W
2026/07/24 15:08:15.988, 28.57 W
2026/07/24 15:08:16.988, 35.08 W
2026/07/24 15:08:17.988, 35.13 W
2026/07/24 15:08:18.988, 28.42 W
2026/07/24 15:08:19.988, 30.52 W
2026/07/24 15:08:20.988, 34.47 W
2026/07/24 15:08:21.989, 25.79 W
2026/07/24 15:08:22.989, 33.62 W
2026/07/24 15:08:23.989, 34.80 W
2026/07/24 15:08:24.989, 28.43 W
2026/07/24 15:08:25.989, 34.72 W
2026/07/24 15:08:26.989, 34.73 W
2026/07/24 15:08:27.990, 34.41 W
2026/07/24 15:08:28.990, 29.67 W
2026/07/24 15:08:29.990, 33.27 W
2026/07/24 15:08:30.990, 32.46 W
2026/07/24 15:08:31.990, 28.94 W
2026/07/24 15:08:32.990, 30.11 W
2026/07/24 15:08:33.991, 29.94 W
2026/07/24 15:08:34.991, 34.17 W
2026/07/24 15:08:35.991, 34.70 W
2026/07/24 15:08:36.991, 29.04 W
2026/07/24 15:08:37.991, 33.85 W
2026/07/24 15:08:38.991, 33.56 W
2026/07/24 15:08:39.991, 29.13 W
2026/07/24 15:08:40.992, 30.91 W
2026/07/24 15:08:41.992, 30.07 W
2026/07/24 15:08:42.992, 29.05 W
2026/07/24 15:08:43.992, 34.77 W
2026/07/24 15:08:44.992, 30.09 W
2026/07/24 15:08:45.992, 29.92 W
2026/07/24 15:08:46.992, 34.28 W
2026/07/24 15:08:47.992, 28.97 W
2026/07/24 15:08:48.993, 34.75 W
2026/07/24 15:08:49.993, 34.26 W
2026/07/24 15:08:50.993, 29.40 W
2026/07/24 15:08:51.993, 34.59 W
2026/07/24 15:08:52.993, 33.70 W
2026/07/24 15:08:53.993, 29.35 W
2026/07/24 15:08:54.993, 30.51 W
2026/07/24 15:08:55.994, 34.41 W
2026/07/24 15:08:56.994, 28.34 W
2026/07/24 15:08:57.994, 30.81 W
2026/07/24 15:08:58.994, 34.54 W
2026/07/24 15:08:59.994, 31.15 W
2026/07/24 15:09:00.994, 29.77 W
2026/07/24 15:09:01.994, 30.99 W
2026/07/24 15:09:02.995, 33.48 W
2026/07/24 15:09:03.995, 29.03 W
2026/07/24 15:09:04.995, 30.74 W
2026/07/24 15:09:05.995, 29.94 W
2026/07/24 15:09:06.995, 30.58 W
2026/07/24 15:09:07.996, 30.56 W
2026/07/24 15:09:08.996, 33.62 W
2026/07/24 15:09:09.996, 33.72 W
2026/07/24 15:09:10.996, 30.71 W
2026/07/24 15:09:11.996, 30.86 W
2026/07/24 15:09:12.996, 31.55 W
2026/07/24 15:09:13.996, 28.45 W
2026/07/24 15:09:14.996, 34.10 W
2026/07/24 15:09:15.997, 30.95 W
2026/07/24 15:09:16.997, 29.64 W
2026/07/24 15:09:17.997, 33.65 W
2026/07/24 15:09:18.997, 33.98 W
2026/07/24 15:09:19.997, 30.73 W
2026/07/24 15:09:20.997, 29.15 W
2026/07/24 15:09:21.997, 34.67 W
2026/07/24 15:09:22.997, 30.87 W
2026/07/24 15:09:23.997, 29.67 W
2026/07/24 15:09:24.998, 33.23 W
2026/07/24 15:09:25.998, 32.71 W
2026/07/24 15:09:26.998, 29.19 W
2026/07/24 15:09:27.998, 34.60 W
2026/07/24 15:09:28.998, 31.17 W
2026/07/24 15:09:29.998, 28.95 W
2026/07/24 15:09:30.998, 33.91 W
2026/07/24 15:09:31.998, 31.88 W
2026/07/24 15:09:32.998, 30.00 W
2026/07/24 15:09:33.999, 34.04 W
2026/07/24 15:09:34.999, 33.51 W
2026/07/24 15:09:35.999, 30.44 W
2026/07/24 15:09:36.999, 33.84 W
2026/07/24 15:09:37.999, 34.75 W
2026/07/24 15:09:38.999, 29.80 W
2026/07/24 15:09:40.000, 33.60 W
2026/07/24 15:09:41.000, 34.67 W
2026/07/24 15:09:42.000, 28.36 W
2026/07/24 15:09:43.000, 34.39 W
2026/07/24 15:09:44.000, 34.30 W
2026/07/24 15:09:45.000, 29.83 W
2026/07/24 15:09:46.000, 33.25 W
2026/07/24 15:09:47.001, 32.58 W
2026/07/24 15:09:48.001, 29.99 W
2026/07/24 15:09:49.001, 34.31 W
2026/07/24 15:09:50.001, 32.69 W
2026/07/24 15:09:51.001, 30.81 W
2026/07/24 15:09:52.001, 32.85 W
2026/07/24 15:09:53.002, 34.13 W
2026/07/24 15:09:54.002, 30.56 W
2026/07/24 15:09:55.002, 33.92 W
2026/07/24 15:09:56.002, 34.47 W
2026/07/24 15:09:57.002, 30.25 W
2026/07/24 15:09:58.002, 29.91 W
2026/07/24 15:09:59.002, 33.79 W
2026/07/24 15:10:00.002, 34.45 W
2026/07/24 15:10:01.003, 30.93 W
2026/07/24 15:10:02.003, 29.10 W
2026/07/24 15:10:03.003, 46.77 W
2026/07/24 15:10:04.003, 52.75 W
2026/07/24 15:10:05.003, 49.65 W
2026/07/24 15:10:06.003, 50.64 W
2026/07/24 15:10:07.003, 51.30 W
2026/07/24 15:10:08.003, 50.52 W
2026/07/24 15:10:09.004, 49.45 W
2026/07/24 15:10:10.004, 60.38 W
2026/07/24 15:10:11.004, 58.52 W
2026/07/24 15:10:12.004, 45.84 W
2026/07/24 15:10:13.004, 49.38 W
2026/07/24 15:10:14.004, 40.87 W
2026/07/24 15:10:15.004, 51.56 W
2026/07/24 15:10:16.004, 42.73 W
2026/07/24 15:10:17.004, 51.10 W
2026/07/24 15:10:18.004, 56.66 W
2026/07/24 15:10:19.005, 35.94 W
2026/07/24 15:10:20.005, 37.23 W
2026/07/24 15:10:21.005, 28.33 W
2026/07/24 15:10:22.005, 32.97 W
2026/07/24 15:10:23.005, 30.14 W
2026/07/24 15:10:24.005, 33.58 W
2026/07/24 15:10:25.005, 34.56 W
2026/07/24 15:10:26.005, 34.40 W
2026/07/24 15:10:27.006, 31.62 W
2026/07/24 15:10:28.006, 31.11 W
2026/07/24 15:10:29.006, 32.35 W
2026/07/24 15:10:30.006, 33.63 W
2026/07/24 15:10:31.006, 28.30 W
2026/07/24 15:10:32.006, 33.00 W
2026/07/24 15:10:33.006, 28.80 W
2026/07/24 15:10:34.007, 31.43 W
2026/07/24 15:10:35.007, 31.57 W
2026/07/24 15:10:36.007, 29.77 W
2026/07/24 15:10:37.007, 31.01 W
2026/07/24 15:10:38.007, 32.23 W
2026/07/24 15:10:39.007, 30.52 W
2026/07/24 15:10:40.007, 31.55 W
2026/07/24 15:10:41.007, 32.18 W
2026/07/24 15:10:42.007, 34.71 W
2026/07/24 15:10:43.008, 34.14 W
2026/07/24 15:10:44.008, 31.08 W
2026/07/24 15:10:45.008, 29.66 W
2026/07/24 15:10:46.008, 32.84 W
2026/07/24 15:10:47.008, 28.40 W
2026/07/24 15:10:48.008, 33.08 W
2026/07/24 15:10:49.008, 34.17 W
2026/07/24 15:10:50.008, 35.60 W
2026/07/24 15:10:51.008, 35.66 W
2026/07/24 15:10:52.009, 31.22 W
2026/07/24 15:10:53.009, 31.78 W
2026/07/24 15:10:54.009, 32.38 W
2026/07/24 15:10:55.009, 30.12 W
2026/07/24 15:10:56.009, 33.52 W
2026/07/24 15:10:57.009, 30.27 W
2026/07/24 15:10:58.009, 35.56 W
2026/07/24 15:10:59.009, 30.96 W
2026/07/24 15:11:00.010, 34.11 W
2026/07/24 15:11:01.010, 33.34 W
2026/07/24 15:11:02.010, 30.37 W
2026/07/24 15:11:03.010, 34.86 W
2026/07/24 15:11:04.010, 30.46 W
2026/07/24 15:11:05.010, 34.57 W
2026/07/24 15:11:06.010, 35.66 W
2026/07/24 15:11:07.010, 28.93 W
2026/07/24 15:11:08.010, 33.60 W
2026/07/24 15:11:09.011, 30.58 W
2026/07/24 15:11:10.011, 31.98 W
2026/07/24 15:11:11.011, 32.30 W
2026/07/24 15:11:12.011, 30.94 W
2026/07/24 15:11:13.011, 31.81 W
2026/07/24 15:11:14.011, 33.78 W
2026/07/24 15:11:15.011, 30.00 W
2026/07/24 15:11:16.011, 35.69 W
2026/07/24 15:11:17.011, 28.18 W
2026/07/24 15:11:18.011, 33.95 W
2026/07/24 15:11:19.012, 35.17 W
2026/07/24 15:11:20.012, 30.47 W
2026/07/24 15:11:21.012, 32.37 W
2026/07/24 15:11:22.012, 31.70 W
2026/07/24 15:11:23.012, 30.05 W
2026/07/24 15:11:24.012, 34.33 W
2026/07/24 15:11:25.012, 33.63 W
2026/07/24 15:11:26.012, 29.59 W
2026/07/24 15:11:27.012, 35.23 W
2026/07/24 15:11:28.012, 28.24 W
2026/07/24 15:11:29.013, 35.19 W
2026/07/24 15:11:30.013, 34.29 W
2026/07/24 15:11:31.013, 29.65 W
2026/07/24 15:11:32.013, 34.40 W
2026/07/24 15:11:33.013, 31.04 W
2026/07/24 15:11:34.013, 32.30 W
2026/07/24 15:11:35.013, 33.96 W
2026/07/24 15:11:36.014, 29.05 W
2026/07/24 15:11:37.014, 34.85 W
2026/07/24 15:11:38.014, 30.19 W
2026/07/24 15:11:39.014, 31.09 W
2026/07/24 15:11:40.014, 28.84 W
2026/07/24 15:11:41.014, 32.68 W
2026/07/24 15:11:42.014, 34.45 W
2026/07/24 15:11:43.014, 31.23 W
2026/07/24 15:11:44.015, 32.19 W
2026/07/24 15:11:45.015, 34.38 W
2026/07/24 15:11:46.015, 28.19 W
2026/07/24 15:11:47.015, 33.56 W
2026/07/24 15:11:48.015, 33.51 W
2026/07/24 15:11:49.015, 30.36 W
2026/07/24 15:11:50.016, 35.29 W
2026/07/24 15:11:51.016, 28.95 W
2026/07/24 15:11:52.016, 34.49 W
2026/07/24 15:11:53.016, 35.48 W
2026/07/24 15:11:54.016, 28.42 W
2026/07/24 15:11:55.016, 34.28 W
2026/07/24 15:11:56.016, 29.78 W
2026/07/24 15:11:57.016, 34.38 W
2026/07/24 15:11:58.016, 28.97 W
2026/07/24 15:11:59.016, 33.80 W
2026/07/24 15:12:00.017, 30.92 W
2026/07/24 15:12:01.017, 33.28 W
2026/07/24 15:12:02.017, 33.22 W
2026/07/24 15:12:03.017, 35.46 W
2026/07/24 15:12:04.017, 33.50 W
2026/07/24 15:12:05.017, 30.39 W
2026/07/24 15:12:06.017, 34.50 W
2026/07/24 15:12:07.017, 30.83 W
2026/07/24 15:12:08.017, 35.24 W
2026/07/24 15:12:09.018, 32.75 W
2026/07/24 15:12:10.018, 30.42 W
2026/07/24 15:12:11.018, 32.09 W
2026/07/24 15:12:12.018, 34.05 W
2026/07/24 15:12:13.018, 30.45 W
2026/07/24 15:12:14.018, 34.55 W
2026/07/24 15:12:15.018, 34.48 W
2026/07/24 15:12:16.018, 28.02 W
2026/07/24 15:12:17.018, 33.69 W
2026/07/24 15:12:18.019, 30.46 W
2026/07/24 15:12:19.019, 28.34 W
2026/07/24 15:12:20.019, 34.26 W
2026/07/24 15:12:21.019, 34.84 W
2026/07/24 15:12:22.019, 30.17 W
2026/07/24 15:12:23.019, 30.73 W
2026/07/24 15:12:24.019, 32.90 W
2026/07/24 15:12:25.019, 34.50 W
2026/07/24 15:12:26.020, 31.89 W
2026/07/24 15:12:27.020, 32.32 W
2026/07/24 15:12:28.020, 30.77 W
2026/07/24 15:12:29.020, 33.78 W
2026/07/24 15:12:30.020, 33.59 W
2026/07/24 15:12:31.020, 29.77 W
2026/07/24 15:12:32.020, 34.20 W
2026/07/24 15:12:33.020, 33.93 W
2026/07/24 15:12:34.021, 30.83 W
2026/07/24 15:12:35.021, 31.83 W
2026/07/24 15:12:36.021, 30.74 W
2026/07/24 15:12:37.021, 32.44 W
2026/07/24 15:12:38.021, 33.53 W
2026/07/24 15:12:39.021, 30.44 W
2026/07/24 15:12:40.021, 29.62 W
2026/07/24 15:12:41.022, 34.96 W
2026/07/24 15:12:42.022, 33.30 W
2026/07/24 15:12:43.022, 29.59 W
2026/07/24 15:12:44.022, 35.16 W
2026/07/24 15:12:45.022, 32.99 W
2026/07/24 15:12:46.022, 32.89 W
2026/07/24 15:12:47.023, 28.57 W
2026/07/24 15:12:48.023, 34.01 W
2026/07/24 15:12:49.023, 35.00 W
2026/07/24 15:12:50.023, 28.96 W
2026/07/24 15:12:51.023, 34.38 W
2026/07/24 15:12:52.023, 30.29 W
2026/07/24 15:12:53.023, 28.88 W
2026/07/24 15:12:54.023, 35.10 W
2026/07/24 15:12:55.024, 30.47 W
2026/07/24 15:12:56.024, 29.66 W
2026/07/24 15:12:57.024, 29.54 W
2026/07/24 15:12:58.024, 33.09 W
2026/07/24 15:12:59.024, 34.21 W
2026/07/24 15:13:00.024, 33.38 W
2026/07/24 15:13:01.024, 32.96 W
2026/07/24 15:13:02.024, 30.39 W
2026/07/24 15:13:03.025, 34.42 W
2026/07/24 15:13:04.025, 30.76 W
2026/07/24 15:13:05.025, 29.41 W
2026/07/24 15:13:06.025, 35.11 W
2026/07/24 15:13:07.025, 33.48 W
2026/07/24 15:13:08.025, 30.37 W
2026/07/24 15:13:09.025, 35.01 W
2026/07/24 15:13:10.025, 34.36 W
2026/07/24 15:13:11.025, 30.75 W
2026/07/24 15:13:12.025, 29.65 W
2026/07/24 15:13:13.026, 33.59 W
2026/07/24 15:13:14.026, 34.64 W
2026/07/24 15:13:15.026, 28.86 W
2026/07/24 15:13:16.026, 30.35 W
2026/07/24 15:13:17.026, 34.84 W
2026/07/24 15:13:18.026, 33.63 W
2026/07/24 15:13:19.026, 30.17 W
2026/07/24 15:13:20.026, 33.99 W
2026/07/24 15:13:21.026, 32.15 W
2026/07/24 15:13:22.027, 28.33 W
2026/07/24 15:13:23.027, 34.08 W
2026/07/24 15:13:24.027, 28.98 W
2026/07/24 15:13:25.027, 34.62 W
2026/07/24 15:13:26.027, 34.09 W
2026/07/24 15:13:27.027, 30.51 W
2026/07/24 15:13:28.027, 34.55 W
2026/07/24 15:13:29.027, 34.01 W
2026/07/24 15:13:30.027, 30.46 W
2026/07/24 15:13:31.027, 34.89 W
2026/07/24 15:13:32.028, 34.08 W
2026/07/24 15:13:33.028, 30.82 W
2026/07/24 15:13:34.028, 33.82 W
2026/07/24 15:13:35.028, 35.56 W
2026/07/24 15:13:36.028, 29.75 W
2026/07/24 15:13:37.028, 29.34 W
2026/07/24 15:13:38.028, 34.36 W
2026/07/24 15:13:39.029, 32.97 W
2026/07/24 15:13:40.029, 30.20 W
2026/07/24 15:13:41.029, 34.89 W
2026/07/24 15:13:42.029, 34.01 W
2026/07/24 15:13:43.029, 32.58 W
2026/07/24 15:13:44.029, 34.76 W
2026/07/24 15:13:45.029, 29.04 W
2026/07/24 15:13:46.029, 34.21 W
2026/07/24 15:13:47.029, 33.98 W
2026/07/24 15:13:48.030, 30.10 W
2026/07/24 15:13:49.030, 30.38 W
2026/07/24 15:13:50.030, 30.38 W
2026/07/24 15:13:51.030, 35.10 W
2026/07/24 15:13:52.030, 29.64 W
2026/07/24 15:13:53.030, 30.33 W
2026/07/24 15:13:54.030, 33.14 W
2026/07/24 15:13:55.030, 30.14 W
2026/07/24 15:13:56.030, 30.80 W
2026/07/24 15:13:57.030, 32.93 W
2026/07/24 15:13:58.030, 34.70 W
2026/07/24 15:13:59.031, 29.81 W
2026/07/24 15:14:00.031, 33.37 W
2026/07/24 15:14:01.031, 32.75 W
2026/07/24 15:14:02.031, 30.20 W
2026/07/24 15:14:03.031, 30.12 W
2026/07/24 15:14:04.031, 35.07 W
2026/07/24 15:14:05.031, 35.68 W
2026/07/24 15:14:06.031, 29.98 W
2026/07/24 15:14:07.032, 30.43 W
2026/07/24 15:14:08.032, 34.24 W
2026/07/24 15:14:09.032, 28.36 W
2026/07/24 15:14:10.032, 30.07 W
2026/07/24 15:14:11.032, 34.60 W
2026/07/24 15:14:12.032, 29.73 W
2026/07/24 15:14:13.032, 30.31 W
2026/07/24 15:14:14.032, 33.67 W
2026/07/24 15:14:15.032, 32.46 W
2026/07/24 15:14:16.033, 32.56 W
2026/07/24 15:14:17.033, 28.99 W
2026/07/24 15:14:18.033, 30.36 W
2026/07/24 15:14:19.033, 32.60 W
2026/07/24 15:14:20.033, 34.59 W
2026/07/24 15:14:21.033, 28.93 W
2026/07/24 15:14:22.033, 34.41 W
2026/07/24 15:14:23.033, 31.13 W
2026/07/24 15:14:24.034, 33.94 W
2026/07/24 15:14:25.034, 29.06 W
2026/07/24 15:14:26.034, 34.64 W
2026/07/24 15:14:27.034, 30.50 W
2026/07/24 15:14:28.034, 30.67 W
2026/07/24 15:14:29.034, 33.68 W
2026/07/24 15:14:30.034, 34.32 W
2026/07/24 15:14:31.034, 30.57 W
2026/07/24 15:14:32.034, 34.40 W
2026/07/24 15:14:33.035, 34.36 W
2026/07/24 15:14:34.035, 29.95 W
2026/07/24 15:14:35.035, 33.86 W
2026/07/24 15:14:36.035, 33.26 W
2026/07/24 15:14:37.035, 33.04 W
2026/07/24 15:14:38.035, 30.73 W
2026/07/24 15:14:39.035, 32.80 W
2026/07/24 15:14:40.035, 34.97 W
2026/07/24 15:14:41.036, 28.10 W
2026/07/24 15:14:42.036, 33.15 W
2026/07/24 15:14:43.036, 31.77 W
2026/07/24 15:14:44.036, 32.64 W
2026/07/24 15:14:45.036, 32.82 W
2026/07/24 15:14:46.036, 30.92 W
2026/07/24 15:14:47.036, 28.68 W
2026/07/24 15:14:48.036, 34.97 W
2026/07/24 15:14:49.037, 30.96 W
2026/07/24 15:14:50.037, 30.13 W
2026/07/24 15:14:51.037, 32.53 W
2026/07/24 15:14:52.037, 33.29 W
2026/07/24 15:14:53.037, 30.89 W
2026/07/24 15:14:54.037, 32.26 W
2026/07/24 15:14:55.037, 34.92 W
2026/07/24 15:14:56.037, 29.43 W
2026/07/24 15:14:57.037, 33.17 W
2026/07/24 15:14:58.038, 34.96 W
2026/07/24 15:14:59.038, 28.64 W
2026/07/24 15:15:00.038, 34.35 W
2026/07/24 15:15:01.038, 30.66 W
2026/07/24 15:15:02.038, 30.92 W
2026/07/24 15:15:03.038, 33.27 W
2026/07/24 15:15:04.038, 34.99 W
2026/07/24 15:15:05.039, 29.17 W
2026/07/24 15:15:06.039, 30.14 W
2026/07/24 15:15:07.039, 33.44 W
2026/07/24 15:15:08.039, 34.35 W
2026/07/24 15:15:09.039, 30.20 W
2026/07/24 15:15:10.039, 29.56 W
2026/07/24 15:15:11.039, 33.91 W
2026/07/24 15:15:12.039, 30.32 W
2026/07/24 15:15:13.040, 30.38 W
2026/07/24 15:15:14.040, 28.91 W
2026/07/24 15:15:15.040, 34.88 W
2026/07/24 15:15:16.040, 28.73 W
2026/07/24 15:15:17.040, 34.42 W
2026/07/24 15:15:18.040, 33.16 W
2026/07/24 15:15:19.041, 31.09 W
2026/07/24 15:15:20.041, 33.52 W
2026/07/24 15:15:21.041, 34.85 W
2026/07/24 15:15:22.041, 28.50 W
2026/07/24 15:15:23.041, 34.61 W
2026/07/24 15:15:24.041, 32.54 W
2026/07/24 15:15:25.041, 30.56 W
2026/07/24 15:15:26.041, 28.83 W
2026/07/24 15:15:27.041, 33.51 W
2026/07/24 15:15:28.042, 32.30 W
2026/07/24 15:15:29.042, 29.77 W
2026/07/24 15:15:30.042, 29.92 W
2026/07/24 15:15:31.042, 34.15 W
2026/07/24 15:15:32.042, 28.72 W
2026/07/24 15:15:33.042, 34.15 W
2026/07/24 15:15:34.042, 34.46 W
2026/07/24 15:15:35.042, 29.22 W
2026/07/24 15:15:36.043, 30.85 W
2026/07/24 15:15:37.043, 32.71 W
2026/07/24 15:15:38.043, 29.62 W
2026/07/24 15:15:39.043, 33.93 W
2026/07/24 15:15:40.043, 33.45 W
2026/07/24 15:15:41.043, 29.82 W
2026/07/24 15:15:42.043, 34.47 W
2026/07/24 15:15:43.043, 34.18 W
2026/07/24 15:15:44.043, 30.73 W
2026/07/24 15:15:45.044, 30.25 W
2026/07/24 15:15:46.044, 29.90 W
2026/07/24 15:15:47.044, 29.79 W
2026/07/24 15:15:48.044, 34.78 W
2026/07/24 15:15:49.044, 34.91 W
2026/07/24 15:15:50.044, 30.21 W
2026/07/24 15:15:51.044, 30.10 W
2026/07/24 15:15:52.044, 32.93 W
2026/07/24 15:15:53.045, 34.40 W
2026/07/24 15:15:54.045, 30.32 W
2026/07/24 15:15:55.045, 33.24 W
2026/07/24 15:15:56.045, 34.35 W
2026/07/24 15:15:57.045, 29.33 W
2026/07/24 15:15:58.045, 33.42 W
2026/07/24 15:15:59.046, 33.24 W
2026/07/24 15:16:00.046, 29.62 W
2026/07/24 15:16:01.046, 34.46 W
2026/07/24 15:16:02.046, 34.19 W
2026/07/24 15:16:03.046, 30.78 W
2026/07/24 15:16:04.046, 29.16 W
2026/07/24 15:16:05.046, 34.89 W
2026/07/24 15:16:06.047, 30.43 W
2026/07/24 15:16:07.047, 28.68 W
2026/07/24 15:16:08.047, 33.98 W
2026/07/24 15:16:09.047, 34.43 W
2026/07/24 15:16:10.047, 29.75 W
2026/07/24 15:16:11.047, 34.61 W
2026/07/24 15:16:12.047, 33.43 W
2026/07/24 15:16:13.047, 29.50 W
2026/07/24 15:16:14.048, 33.48 W
2026/07/24 15:16:15.048, 33.81 W
2026/07/24 15:16:16.048, 29.76 W
2026/07/24 15:16:17.048, 32.97 W
2026/07/24 15:16:18.048, 33.44 W
2026/07/24 15:16:19.048, 29.41 W
2026/07/24 15:16:20.048, 30.22 W
2026/07/24 15:16:21.048, 33.66 W
2026/07/24 15:16:22.049, 33.67 W
2026/07/24 15:16:23.049, 30.40 W
2026/07/24 15:16:24.049, 31.22 W
2026/07/24 15:16:25.049, 33.62 W
2026/07/24 15:16:26.049, 29.39 W
2026/07/24 15:16:27.049, 30.70 W
2026/07/24 15:16:28.049, 33.63 W
2026/07/24 15:16:29.049, 33.36 W
2026/07/24 15:16:30.049, 30.65 W
2026/07/24 15:16:31.050, 29.81 W
2026/07/24 15:16:32.050, 34.28 W
2026/07/24 15:16:33.050, 34.29 W
2026/07/24 15:16:34.050, 29.93 W
2026/07/24 15:16:35.050, 33.77 W
2026/07/24 15:16:36.050, 33.91 W
2026/07/24 15:16:37.051, 29.29 W
2026/07/24 15:16:38.051, 32.15 W
2026/07/24 15:16:39.051, 32.50 W
2026/07/24 15:16:40.051, 33.81 W
2026/07/24 15:16:41.051, 30.40 W
2026/07/24 15:16:42.051, 29.39 W
2026/07/24 15:16:43.051, 33.00 W
2026/07/24 15:16:44.052, 32.51 W
2026/07/24 15:16:45.052, 29.23 W
2026/07/24 15:16:46.052, 34.55 W
2026/07/24 15:16:47.052, 30.97 W
2026/07/24 15:16:48.052, 29.54 W
2026/07/24 15:16:49.052, 35.33 W
2026/07/24 15:16:50.053, 33.92 W
2026/07/24 15:16:51.053, 30.82 W
2026/07/24 15:16:52.053, 32.84 W
2026/07/24 15:16:53.053, 34.47 W
2026/07/24 15:16:54.053, 30.67 W
2026/07/24 15:16:55.053, 33.38 W
2026/07/24 15:16:56.053, 33.84 W
2026/07/24 15:16:57.053, 30.32 W
2026/07/24 15:16:58.053, 30.63 W
2026/07/24 15:16:59.053, 34.58 W
2026/07/24 15:17:00.054, 30.40 W
2026/07/24 15:17:01.054, 29.40 W
2026/07/24 15:17:02.054, 29.60 W
2026/07/24 15:17:03.054, 34.75 W
2026/07/24 15:17:04.054, 30.30 W
2026/07/24 15:17:05.054, 28.86 W
2026/07/24 15:17:06.054, 29.42 W
2026/07/24 15:17:07.054, 34.42 W
2026/07/24 15:17:08.055, 29.17 W
2026/07/24 15:17:09.055, 29.52 W
2026/07/24 15:17:10.055, 30.58 W
2026/07/24 15:17:11.055, 29.73 W
2026/07/24 15:17:12.055, 34.49 W
2026/07/24 15:17:13.055, 29.51 W
2026/07/24 15:17:14.056, 30.34 W
2026/07/24 15:17:15.056, 34.30 W
2026/07/24 15:17:16.056, 31.32 W
2026/07/24 15:17:17.056, 29.50 W
2026/07/24 15:17:18.056, 33.81 W
2026/07/24 15:17:19.056, 34.51 W
2026/07/24 15:17:20.056, 30.63 W
2026/07/24 15:17:21.056, 34.62 W
2026/07/24 15:17:22.057, 34.06 W
2026/07/24 15:17:23.057, 30.60 W
2026/07/24 15:17:24.057, 34.51 W
2026/07/24 15:17:25.057, 28.62 W
2026/07/24 15:17:26.057, 41.73 W
2026/07/24 15:17:27.057, 47.86 W
2026/07/24 15:17:28.057, 50.52 W
2026/07/24 15:17:29.057, 50.32 W
2026/07/24 15:17:30.057, 50.35 W
2026/07/24 15:17:31.058, 49.85 W
2026/07/24 15:17:32.058, 53.20 W
2026/07/24 15:17:33.058, 58.00 W
2026/07/24 15:17:34.058, 59.86 W
2026/07/24 15:17:35.058, 47.31 W
2026/07/24 15:17:36.058, 45.06 W
2026/07/24 15:17:37.058, 42.90 W
2026/07/24 15:17:38.058, 45.29 W
2026/07/24 15:17:39.058, 46.00 W
2026/07/24 15:17:40.059, 58.99 W
2026/07/24 15:17:41.059, 28.45 W
2026/07/24 15:17:42.059, 35.32 W
2026/07/24 15:17:43.059, 31.40 W
2026/07/24 15:17:44.062, 31.12 W
2026/07/24 15:17:45.062, 30.62 W
2026/07/24 15:17:46.062, 30.92 W
2026/07/24 15:17:47.063, 34.92 W
2026/07/24 15:17:48.063, 34.51 W
2026/07/24 15:17:49.063, 31.24 W
2026/07/24 15:17:50.063, 30.61 W
2026/07/24 15:17:51.063, 32.89 W
2026/07/24 15:17:52.063, 34.14 W
2026/07/24 15:17:53.063, 30.76 W
2026/07/24 15:17:54.063, 31.00 W
2026/07/24 15:17:55.063, 31.58 W
2026/07/24 15:17:56.064, 31.43 W
2026/07/24 15:17:57.064, 32.06 W
2026/07/24 15:17:58.064, 33.64 W
2026/07/24 15:17:59.064, 35.57 W
2026/07/24 15:18:00.064, 35.66 W
2026/07/24 15:18:01.064, 30.01 W
2026/07/24 15:18:02.064, 31.82 W
2026/07/24 15:18:03.064, 30.79 W
2026/07/24 15:18:04.065, 34.42 W
2026/07/24 15:18:05.065, 35.30 W
2026/07/24 15:18:06.065, 28.82 W
2026/07/24 15:18:07.065, 33.85 W
2026/07/24 15:18:08.065, 30.93 W
2026/07/24 15:18:09.065, 30.57 W
2026/07/24 15:18:10.065, 34.40 W
2026/07/24 15:18:11.065, 34.12 W
2026/07/24 15:18:12.066, 35.15 W
2026/07/24 15:18:13.066, 35.94 W
2026/07/24 15:18:14.066, 35.09 W
2026/07/24 15:18:15.066, 33.11 W
2026/07/24 15:18:16.066, 28.05 W
2026/07/24 15:18:17.066, 33.81 W
2026/07/24 15:18:18.066, 30.64 W
2026/07/24 15:18:19.066, 34.66 W
2026/07/24 15:18:20.066, 28.71 W
2026/07/24 15:18:21.067, 33.46 W
2026/07/24 15:18:22.067, 34.31 W
2026/07/24 15:18:23.067, 29.77 W
2026/07/24 15:18:24.067, 33.38 W
2026/07/24 15:18:25.067, 30.43 W
2026/07/24 15:18:26.067, 32.73 W
2026/07/24 15:18:27.067, 33.42 W
2026/07/24 15:18:28.067, 35.03 W
2026/07/24 15:18:29.067, 35.84 W
2026/07/24 15:18:30.068, 28.54 W
2026/07/24 15:18:31.068, 33.88 W
2026/07/24 15:18:32.068, 29.24 W
2026/07/24 15:18:33.068, 33.61 W
2026/07/24 15:18:34.068, 34.53 W
2026/07/24 15:18:35.068, 30.04 W
2026/07/24 15:18:36.068, 33.97 W
2026/07/24 15:18:37.068, 31.04 W
2026/07/24 15:18:38.069, 34.13 W
2026/07/24 15:18:39.069, 29.89 W
2026/07/24 15:18:40.069, 35.02 W
2026/07/24 15:18:41.069, 35.82 W
2026/07/24 15:18:42.069, 28.71 W
2026/07/24 15:18:43.069, 32.89 W
2026/07/24 15:18:44.069, 32.30 W
2026/07/24 15:18:45.069, 35.68 W
2026/07/24 15:18:46.069, 35.18 W
2026/07/24 15:18:47.070, 29.28 W
2026/07/24 15:18:48.070, 35.11 W
2026/07/24 15:18:49.070, 31.37 W
2026/07/24 15:18:50.070, 32.61 W
2026/07/24 15:18:51.070, 33.57 W
2026/07/24 15:18:52.070, 34.73 W
2026/07/24 15:18:53.070, 34.38 W
2026/07/24 15:18:54.071, 30.12 W
2026/07/24 15:18:55.071, 35.25 W
2026/07/24 15:18:56.071, 31.23 W
2026/07/24 15:18:57.071, 33.94 W
2026/07/24 15:18:58.071, 35.08 W
2026/07/24 15:18:59.071, 29.93 W
2026/07/24 15:19:00.071, 35.45 W
2026/07/24 15:19:01.071, 30.93 W
2026/07/24 15:19:02.072, 33.85 W
2026/07/24 15:19:03.072, 34.67 W
2026/07/24 15:19:04.072, 29.32 W
2026/07/24 15:19:05.072, 33.66 W
2026/07/24 15:19:06.072, 30.16 W
2026/07/24 15:19:07.072, 34.71 W
2026/07/24 15:19:08.072, 35.85 W
2026/07/24 15:19:09.072, 29.74 W
2026/07/24 15:19:10.073, 32.90 W
2026/07/24 15:19:11.073, 30.38 W
2026/07/24 15:19:12.073, 35.35 W
2026/07/24 15:19:13.073, 31.05 W
2026/07/24 15:19:14.073, 35.28 W
2026/07/24 15:19:15.073, 32.88 W
2026/07/24 15:19:16.073, 29.70 W
2026/07/24 15:19:17.073, 34.84 W
2026/07/24 15:19:18.074, 31.41 W
2026/07/24 15:19:19.074, 32.69 W
2026/07/24 15:19:20.074, 33.91 W
2026/07/24 15:19:21.074, 35.75 W
2026/07/24 15:19:22.074, 34.63 W
2026/07/24 15:19:23.074, 29.68 W
2026/07/24 15:19:24.074, 34.85 W
2026/07/24 15:19:25.075, 31.13 W
2026/07/24 15:19:26.075, 29.81 W
2026/07/24 15:19:27.075, 32.18 W
2026/07/24 15:19:28.075, 31.06 W
2026/07/24 15:19:29.075, 32.28 W
2026/07/24 15:19:30.075, 32.18 W
2026/07/24 15:19:31.075, 30.14 W
2026/07/24 15:19:32.075, 34.46 W
2026/07/24 15:19:33.075, 35.69 W
2026/07/24 15:19:34.076, 30.65 W
2026/07/24 15:19:35.076, 28.83 W
2026/07/24 15:19:36.076, 33.59 W
2026/07/24 15:19:37.076, 32.17 W
2026/07/24 15:19:38.076, 29.59 W
2026/07/24 15:19:39.076, 28.12 W
2026/07/24 15:19:40.076, 33.63 W
2026/07/24 15:19:41.076, 30.20 W
2026/07/24 15:19:42.077, 33.15 W
2026/07/24 15:19:43.077, 31.96 W
2026/07/24 15:19:44.077, 29.65 W
2026/07/24 15:19:45.077, 33.86 W
2026/07/24 15:19:46.077, 34.98 W
2026/07/24 15:19:47.077, 30.76 W
2026/07/24 15:19:48.077, 32.85 W
2026/07/24 15:19:49.077, 30.51 W
2026/07/24 15:19:50.077, 34.89 W
2026/07/24 15:19:51.078, 28.52 W
2026/07/24 15:19:52.078, 30.14 W
2026/07/24 15:19:53.078, 35.17 W
2026/07/24 15:19:54.078, 34.93 W
2026/07/24 15:19:55.078, 31.92 W
2026/07/24 15:19:56.078, 32.60 W
2026/07/24 15:19:57.078, 30.06 W
2026/07/24 15:19:58.078, 35.34 W
2026/07/24 15:19:59.078, 34.80 W
2026/07/24 15:20:00.079, 29.41 W
2026/07/24 15:20:01.079, 34.44 W
2026/07/24 15:20:02.079, 34.71 W
2026/07/24 15:20:03.079, 30.43 W
2026/07/24 15:20:04.079, 32.46 W
2026/07/24 15:20:05.079, 34.44 W
2026/07/24 15:20:06.079, 34.73 W
2026/07/24 15:20:07.080, 32.82 W
2026/07/24 15:20:08.080, 29.81 W
2026/07/24 15:20:09.080, 35.48 W
2026/07/24 15:20:10.080, 28.97 W
2026/07/24 15:20:11.080, 30.85 W
2026/07/24 15:20:12.080, 34.62 W
2026/07/24 15:20:13.080, 35.22 W
2026/07/24 15:20:14.080, 28.21 W
2026/07/24 15:20:15.080, 32.89 W
2026/07/24 15:20:16.080, 31.44 W
2026/07/24 15:20:17.081, 34.07 W
2026/07/24 15:20:18.081, 33.33 W
2026/07/24 15:20:19.081, 30.76 W
2026/07/24 15:20:20.081, 32.47 W
2026/07/24 15:20:21.081, 32.45 W
2026/07/24 15:20:22.081, 30.01 W
2026/07/24 15:20:23.081, 35.10 W
2026/07/24 15:20:24.081, 28.84 W
2026/07/24 15:20:25.081, 34.82 W
2026/07/24 15:20:26.081, 35.55 W
2026/07/24 15:20:27.082, 28.87 W
2026/07/24 15:20:28.082, 34.24 W
2026/07/24 15:20:29.082, 31.10 W
2026/07/24 15:20:30.082, 32.65 W
2026/07/24 15:20:31.082, 34.63 W
2026/07/24 15:20:32.082, 28.71 W
2026/07/24 15:20:33.082, 33.74 W
2026/07/24 15:20:34.082, 29.86 W
2026/07/24 15:20:35.082, 35.16 W
2026/07/24 15:20:36.082, 34.46 W
2026/07/24 15:20:37.083, 29.84 W
2026/07/24 15:20:38.083, 35.05 W
2026/07/24 15:20:39.083, 31.18 W
2026/07/24 15:20:40.083, 29.72 W
2026/07/24 15:20:41.083, 33.88 W
2026/07/24 15:20:42.083, 35.08 W
2026/07/24 15:20:43.083, 28.73 W
2026/07/24 15:20:44.083, 34.37 W
2026/07/24 15:20:45.083, 34.10 W
2026/07/24 15:20:46.083, 30.90 W
2026/07/24 15:20:47.084, 34.16 W
2026/07/24 15:20:48.084, 29.37 W
2026/07/24 15:20:49.084, 30.31 W
2026/07/24 15:20:50.084, 34.02 W
2026/07/24 15:20:51.084, 31.03 W
2026/07/24 15:20:52.084, 32.08 W
2026/07/24 15:20:53.085, 33.92 W
2026/07/24 15:20:54.085, 34.17 W
2026/07/24 15:20:55.085, 34.14 W
2026/07/24 15:20:56.085, 28.45 W
2026/07/24 15:20:57.085, 34.88 W
2026/07/24 15:20:58.085, 34.87 W
2026/07/24 15:20:59.085, 31.29 W
2026/07/24 15:21:00.085, 32.14 W
2026/07/24 15:21:01.085, 30.86 W
2026/07/24 15:21:02.085, 33.28 W
2026/07/24 15:21:03.085, 33.23 W
2026/07/24 15:21:04.086, 31.09 W
2026/07/24 15:21:05.086, 32.82 W
2026/07/24 15:21:06.086, 33.51 W
2026/07/24 15:21:07.086, 30.96 W
2026/07/24 15:21:08.086, 32.09 W
2026/07/24 15:21:09.086, 35.12 W
2026/07/24 15:21:10.086, 28.68 W
2026/07/24 15:21:11.086, 34.79 W
2026/07/24 15:21:12.086, 35.37 W
2026/07/24 15:21:13.086, 28.97 W
2026/07/24 15:21:14.087, 30.39 W
2026/07/24 15:21:15.087, 34.21 W
2026/07/24 15:21:16.087, 30.69 W
2026/07/24 15:21:17.087, 30.53 W
2026/07/24 15:21:18.087, 32.89 W
2026/07/24 15:21:19.087, 34.62 W
2026/07/24 15:21:20.087, 28.21 W
2026/07/24 15:21:21.087, 35.22 W
2026/07/24 15:21:22.087, 29.33 W
2026/07/24 15:21:23.088, 35.10 W
2026/07/24 15:21:24.088, 33.90 W
2026/07/24 15:21:25.088, 30.28 W
2026/07/24 15:21:26.088, 31.05 W
2026/07/24 15:21:27.088, 34.40 W
2026/07/24 15:21:28.088, 30.32 W
2026/07/24 15:21:29.088, 34.06 W
2026/07/24 15:21:30.088, 35.27 W
2026/07/24 15:21:31.088, 28.39 W
2026/07/24 15:21:32.088, 34.99 W
2026/07/24 15:21:33.088, 29.44 W
2026/07/24 15:21:34.089, 33.98 W
2026/07/24 15:21:35.089, 35.37 W
2026/07/24 15:21:36.089, 28.25 W
2026/07/24 15:21:37.089, 35.07 W
2026/07/24 15:21:38.089, 33.47 W
2026/07/24 15:21:39.089, 29.87 W
2026/07/24 15:21:40.089, 30.46 W
2026/07/24 15:21:41.089, 34.70 W
2026/07/24 15:21:42.089, 33.25 W
2026/07/24 15:21:43.090, 30.25 W
2026/07/24 15:21:44.090, 33.59 W
2026/07/24 15:21:45.090, 32.74 W
2026/07/24 15:21:46.090, 35.10 W
2026/07/24 15:21:47.090, 28.53 W
2026/07/24 15:21:48.090, 34.15 W
2026/07/24 15:21:49.091, 30.14 W
2026/07/24 15:21:50.091, 34.41 W
2026/07/24 15:21:51.091, 34.12 W
2026/07/24 15:21:52.091, 30.58 W
2026/07/24 15:21:53.091, 32.62 W
2026/07/24 15:21:54.091, 35.16 W
2026/07/24 15:21:55.091, 28.59 W
2026/07/24 15:21:56.092, 34.81 W
2026/07/24 15:21:57.092, 30.71 W
2026/07/24 15:21:58.092, 28.35 W
2026/07/24 15:21:59.092, 34.87 W
2026/07/24 15:22:00.092, 29.44 W
2026/07/24 15:22:01.092, 34.82 W
2026/07/24 15:22:02.092, 33.84 W
2026/07/24 15:22:03.092, 28.77 W
2026/07/24 15:22:04.092, 34.26 W
2026/07/24 15:22:05.093, 34.73 W
2026/07/24 15:22:06.093, 29.42 W
2026/07/24 15:22:07.093, 34.46 W
2026/07/24 15:22:08.093, 33.12 W
2026/07/24 15:22:09.093, 30.03 W
2026/07/24 15:22:10.093, 33.27 W
2026/07/24 15:22:11.093, 32.34 W
2026/07/24 15:22:12.093, 29.37 W
2026/07/24 15:22:13.093, 30.07 W
2026/07/24 15:22:14.093, 34.92 W
2026/07/24 15:22:15.093, 29.86 W
2026/07/24 15:22:16.094, 35.04 W
2026/07/24 15:22:17.094, 34.07 W
2026/07/24 15:22:18.094, 30.30 W
2026/07/24 15:22:19.094, 33.91 W
2026/07/24 15:22:20.094, 35.13 W
2026/07/24 15:22:21.094, 28.90 W
2026/07/24 15:22:22.094, 35.00 W
2026/07/24 15:22:23.094, 29.53 W
2026/07/24 15:22:24.094, 30.28 W
2026/07/24 15:22:25.095, 34.07 W
2026/07/24 15:22:26.095, 34.96 W
2026/07/24 15:22:27.095, 30.45 W
2026/07/24 15:22:28.095, 32.71 W
2026/07/24 15:22:29.095, 33.37 W
2026/07/24 15:22:30.095, 30.30 W
2026/07/24 15:22:31.095, 34.18 W
2026/07/24 15:22:32.095, 34.20 W
2026/07/24 15:22:33.096, 30.47 W
2026/07/24 15:22:34.096, 29.99 W
2026/07/24 15:22:35.096, 35.08 W
2026/07/24 15:22:36.096, 30.99 W
2026/07/24 15:22:37.096, 29.36 W
2026/07/24 15:22:38.096, 33.78 W
2026/07/24 15:22:39.096, 33.21 W
2026/07/24 15:22:40.096, 30.02 W
2026/07/24 15:22:41.096, 30.89 W
2026/07/24 15:22:42.096, 29.08 W
2026/07/24 15:22:43.097, 33.07 W
2026/07/24 15:22:44.097, 35.09 W
2026/07/24 15:22:45.097, 29.79 W
2026/07/24 15:22:46.097, 34.40 W
2026/07/24 15:22:47.097, 33.73 W
2026/07/24 15:22:48.097, 29.77 W
2026/07/24 15:22:49.097, 30.41 W
2026/07/24 15:22:50.097, 32.46 W
2026/07/24 15:22:51.097, 32.20 W
2026/07/24 15:22:52.097, 31.09 W
2026/07/24 15:22:53.098, 28.46 W
2026/07/24 15:22:54.098, 34.56 W
2026/07/24 15:22:55.098, 30.79 W
2026/07/24 15:22:56.098, 30.23 W
2026/07/24 15:22:57.098, 34.81 W
2026/07/24 15:22:58.098, 33.10 W
2026/07/24 15:22:59.098, 30.84 W
2026/07/24 15:23:00.098, 33.21 W
2026/07/24 15:23:01.098, 33.82 W
2026/07/24 15:23:02.098, 30.92 W
2026/07/24 15:23:03.098, 33.47 W
2026/07/24 15:23:04.099, 33.81 W
2026/07/24 15:23:05.099, 30.35 W
2026/07/24 15:23:06.099, 30.43 W
2026/07/24 15:23:07.099, 34.83 W
2026/07/24 15:23:08.099, 28.16 W
2026/07/24 15:23:09.099, 29.34 W
2026/07/24 15:23:10.099, 34.84 W
2026/07/24 15:23:11.099, 28.92 W
2026/07/24 15:23:12.099, 30.10 W
2026/07/24 15:23:13.100, 34.44 W
2026/07/24 15:23:14.100, 34.15 W
2026/07/24 15:23:15.100, 29.84 W
2026/07/24 15:23:16.100, 34.64 W
2026/07/24 15:23:17.100, 32.78 W
2026/07/24 15:23:18.100, 30.37 W
2026/07/24 15:23:19.100, 29.64 W
2026/07/24 15:23:20.100, 29.83 W
2026/07/24 15:23:21.100, 30.55 W
2026/07/24 15:23:22.101, 30.05 W
2026/07/24 15:23:23.101, 33.42 W
2026/07/24 15:23:24.101, 34.41 W
2026/07/24 15:23:25.101, 30.20 W
2026/07/24 15:23:26.101, 33.53 W
2026/07/24 15:23:27.101, 34.38 W
2026/07/24 15:23:28.102, 30.68 W
2026/07/24 15:23:29.102, 34.82 W
2026/07/24 15:23:30.102, 34.76 W
2026/07/24 15:23:31.102, 30.74 W
2026/07/24 15:23:32.102, 29.45 W
2026/07/24 15:23:33.102, 33.16 W
2026/07/24 15:23:34.102, 32.44 W
2026/07/24 15:23:35.102, 28.92 W
2026/07/24 15:23:36.102, 34.83 W
2026/07/24 15:23:37.103, 29.36 W
2026/07/24 15:23:38.103, 30.52 W
2026/07/24 15:23:39.103, 34.65 W
2026/07/24 15:23:40.103, 33.74 W
2026/07/24 15:23:41.103, 29.92 W
2026/07/24 15:23:42.103, 29.21 W
2026/07/24 15:23:43.103, 34.74 W
2026/07/24 15:23:44.103, 28.48 W
2026/07/24 15:23:45.103, 29.51 W
2026/07/24 15:23:46.103, 34.54 W
2026/07/24 15:23:47.104, 34.35 W
2026/07/24 15:23:48.104, 30.46 W
2026/07/24 15:23:49.104, 33.82 W
2026/07/24 15:23:50.104, 34.25 W
2026/07/24 15:23:51.104, 30.06 W
2026/07/24 15:23:52.104, 34.41 W
2026/07/24 15:23:53.104, 34.42 W
2026/07/24 15:23:54.104, 30.06 W
2026/07/24 15:23:55.104, 33.72 W
2026/07/24 15:23:56.104, 34.54 W
2026/07/24 15:23:57.105, 29.39 W
2026/07/24 15:23:58.105, 33.49 W
2026/07/24 15:23:59.105, 31.89 W
2026/07/24 15:24:00.105, 30.01 W
2026/07/24 15:24:01.105, 34.67 W
2026/07/24 15:24:02.105, 29.46 W
2026/07/24 15:24:03.105, 30.71 W
2026/07/24 15:24:04.105, 34.00 W
2026/07/24 15:24:05.106, 29.94 W
2026/07/24 15:24:06.106, 30.75 W
2026/07/24 15:24:07.106, 32.59 W
2026/07/24 15:24:08.106, 30.17 W
2026/07/24 15:24:09.106, 30.72 W
2026/07/24 15:24:10.106, 33.35 W
2026/07/24 15:24:11.106, 30.92 W
2026/07/24 15:24:12.107, 29.33 W
2026/07/24 15:24:13.107, 34.73 W
2026/07/24 15:24:14.107, 29.88 W
2026/07/24 15:24:15.107, 30.86 W
2026/07/24 15:24:16.107, 32.98 W
2026/07/24 15:24:17.107, 33.20 W
2026/07/24 15:24:18.107, 30.27 W
2026/07/24 15:24:19.107, 30.17 W
2026/07/24 15:24:20.107, 34.62 W
2026/07/24 15:24:21.108, 29.12 W
2026/07/24 15:24:22.108, 29.40 W
2026/07/24 15:24:23.108, 33.46 W
2026/07/24 15:24:24.108, 32.56 W
2026/07/24 15:24:25.108, 30.18 W
2026/07/24 15:24:26.108, 28.78 W
2026/07/24 15:24:27.108, 34.08 W
2026/07/24 15:24:28.108, 34.57 W
2026/07/24 15:24:29.109, 30.77 W
2026/07/24 15:24:30.109, 33.66 W
2026/07/24 15:24:31.109, 34.41 W
2026/07/24 15:24:32.109, 30.15 W
2026/07/24 15:24:33.109, 34.27 W
2026/07/24 15:24:34.109, 30.15 W
2026/07/24 15:24:35.109, 32.10 W
2026/07/24 15:24:36.110, 33.52 W
2026/07/24 15:24:37.110, 29.42 W
2026/07/24 15:24:38.110, 30.07 W
2026/07/24 15:24:39.110, 34.71 W
2026/07/24 15:24:40.110, 30.07 W
2026/07/24 15:24:41.110, 28.92 W
2026/07/24 15:24:42.110, 32.20 W
2026/07/24 15:24:43.110, 34.62 W
2026/07/24 15:24:44.110, 29.07 W
2026/07/24 15:24:45.111, 34.38 W
2026/07/24 15:24:46.111, 34.43 W
2026/07/24 15:24:47.111, 30.27 W
2026/07/24 15:24:48.111, 28.44 W
2026/07/24 15:24:49.111, 29.66 W
2026/07/24 15:24:50.111, 34.25 W
2026/07/24 15:24:51.111, 30.58 W
2026/07/24 15:24:52.111, 33.56 W
2026/07/24 15:24:53.111, 33.64 W
2026/07/24 15:24:54.111, 30.51 W
2026/07/24 15:24:55.111, 32.74 W
2026/07/24 15:24:56.112, 34.09 W
2026/07/24 15:24:57.112, 28.59 W
2026/07/24 15:24:58.112, 30.60 W
2026/07/24 15:24:59.112, 34.40 W
2026/07/24 15:25:00.112, 30.32 W
2026/07/24 15:25:01.112, 29.17 W
2026/07/24 15:25:02.112, 34.09 W
2026/07/24 15:25:03.112, 34.08 W
2026/07/24 15:25:04.113, 30.71 W
2026/07/24 15:25:05.113, 33.34 W
2026/07/24 15:25:06.113, 34.29 W
2026/07/24 15:25:07.113, 29.39 W
2026/07/24 15:25:08.113, 34.42 W
2026/07/24 15:25:09.113, 33.98 W
2026/07/24 15:25:10.113, 29.33 W
2026/07/24 15:25:11.113, 30.32 W
2026/07/24 15:25:12.113, 34.40 W
2026/07/24 15:25:13.114, 30.53 W
2026/07/24 15:25:14.114, 29.48 W
2026/07/24 15:25:15.114, 34.26 W
2026/07/24 15:25:16.114, 34.00 W
2026/07/24 15:25:17.114, 29.88 W
2026/07/24 15:25:18.114, 32.09 W
2026/07/24 15:25:19.114, 33.34 W
2026/07/24 15:25:20.114, 30.32 W
2026/07/24 15:25:21.114, 29.85 W
2026/07/24 15:25:22.115, 33.23 W
2026/07/24 15:25:23.115, 34.28 W
2026/07/24 15:25:24.115, 30.35 W
2026/07/24 15:25:25.115, 33.83 W
2026/07/24 15:25:26.115, 34.34 W
2026/07/24 15:25:27.115, 28.75 W
2026/07/24 15:25:28.115, 30.09 W
2026/07/24 15:25:29.115, 30.57 W
2026/07/24 15:25:30.115, 32.78 W
2026/07/24 15:25:31.116, 32.17 W
2026/07/24 15:25:32.116, 30.42 W
2026/07/24 15:25:33.116, 33.90 W
2026/07/24 15:25:34.116, 34.55 W
2026/07/24 15:25:35.116, 29.06 W
2026/07/24 15:25:36.116, 33.53 W
2026/07/24 15:25:37.116, 34.25 W
2026/07/24 15:25:38.116, 30.13 W
2026/07/24 15:25:39.116, 29.24 W
2026/07/24 15:25:40.117, 34.48 W
2026/07/24 15:25:41.117, 34.52 W
2026/07/24 15:25:42.117, 30.03 W
2026/07/24 15:25:43.117, 31.17 W
2026/07/24 15:25:44.117, 32.72 W
2026/07/24 15:25:45.117, 30.32 W
2026/07/24 15:25:46.117, 28.55 W
2026/07/24 15:25:47.117, 34.20 W
2026/07/24 15:25:48.117, 33.60 W
2026/07/24 15:25:49.117, 30.77 W
2026/07/24 15:25:50.118, 33.94 W
2026/07/24 15:25:51.118, 34.45 W
2026/07/24 15:25:52.118, 29.23 W
2026/07/24 15:25:53.118, 29.49 W
2026/07/24 15:25:54.118, 33.72 W
2026/07/24 15:25:55.118, 31.71 W
2026/07/24 15:25:56.118, 29.63 W
2026/07/24 15:25:57.118, 34.51 W
2026/07/24 15:25:58.118, 34.39 W
2026/07/24 15:25:59.119, 30.67 W
2026/07/24 15:26:00.119, 33.22 W
2026/07/24 15:26:01.119, 34.03 W
2026/07/24 15:26:02.119, 30.62 W
2026/07/24 15:26:03.119, 29.93 W
2026/07/24 15:26:04.119, 34.98 W
2026/07/24 15:26:05.119, 33.07 W
2026/07/24 15:26:06.120, 29.99 W
2026/07/24 15:26:07.120, 30.26 W
2026/07/24 15:26:08.120, 34.41 W
2026/07/24 15:26:09.120, 34.50 W
2026/07/24 15:26:10.120, 30.29 W
2026/07/24 15:26:11.120, 29.10 W
2026/07/24 15:26:12.120, 34.41 W
2026/07/24 15:26:13.120, 30.43 W
2026/07/24 15:26:14.120, 29.68 W
2026/07/24 15:26:15.120, 34.52 W
2026/07/24 15:26:16.121, 34.16 W
2026/07/24 15:26:17.121, 28.79 W
2026/07/24 15:26:18.121, 30.16 W
2026/07/24 15:26:19.121, 30.43 W
2026/07/24 15:26:20.121, 34.40 W
2026/07/24 15:26:21.121, 29.98 W
2026/07/24 15:26:22.121, 30.17 W
2026/07/24 15:26:23.121, 29.87 W
2026/07/24 15:26:24.121, 30.70 W
2026/07/24 15:26:25.121, 33.84 W
2026/07/24 15:26:26.122, 34.41 W
2026/07/24 15:26:27.122, 31.08 W
2026/07/24 15:26:28.122, 30.36 W
2026/07/24 15:26:29.122, 33.51 W
2026/07/24 15:26:30.122, 33.92 W
2026/07/24 15:26:31.122, 34.53 W
2026/07/24 15:26:32.122, 30.46 W
2026/07/24 15:26:33.122, 30.46 W
2026/07/24 15:26:34.123, 33.30 W
2026/07/24 15:26:35.123, 33.72 W
2026/07/24 15:26:36.123, 29.87 W
2026/07/24 15:26:37.123, 30.52 W
2026/07/24 15:26:38.123, 30.15 W
2026/07/24 15:26:39.123, 30.30 W
2026/07/24 15:26:40.123, 34.38 W
2026/07/24 15:26:41.124, 31.75 W
2026/07/24 15:26:42.124, 52.34 W
2026/07/24 15:26:43.124, 51.55 W
2026/07/24 15:26:44.124, 49.98 W
2026/07/24 15:26:45.124, 50.96 W
2026/07/24 15:26:46.124, 50.03 W
2026/07/24 15:26:47.124, 50.58 W
2026/07/24 15:26:48.125, 50.71 W
2026/07/24 15:26:49.125, 61.55 W
2026/07/24 15:26:50.125, 56.04 W
2026/07/24 15:26:51.125, 40.28 W
2026/07/24 15:26:52.125, 46.20 W
2026/07/24 15:26:53.125, 45.53 W
2026/07/24 15:26:54.125, 46.59 W
2026/07/24 15:26:55.125, 44.72 W
2026/07/24 15:26:56.126, 58.98 W
2026/07/24 15:26:57.126, 37.01 W
2026/07/24 15:26:58.126, 35.24 W
2026/07/24 15:26:59.126, 30.69 W
2026/07/24 15:27:00.126, 29.97 W
2026/07/24 15:27:01.126, 33.19 W
2026/07/24 15:27:02.126, 33.24 W
2026/07/24 15:27:03.126, 31.24 W
2026/07/24 15:27:04.127, 33.13 W
2026/07/24 15:27:05.127, 34.34 W
2026/07/24 15:27:06.127, 30.73 W
2026/07/24 15:27:07.127, 33.43 W
2026/07/24 15:27:08.127, 32.85 W
2026/07/24 15:27:09.127, 31.15 W
2026/07/24 15:27:10.127, 33.02 W
2026/07/24 15:27:11.127, 31.04 W
2026/07/24 15:27:12.128, 33.56 W
2026/07/24 15:27:13.128, 35.06 W
2026/07/24 15:27:14.128, 29.61 W
2026/07/24 15:27:15.128, 34.60 W
2026/07/24 15:27:16.128, 33.73 W
2026/07/24 15:27:17.128, 30.52 W
2026/07/24 15:27:18.128, 33.26 W
2026/07/24 15:27:19.128, 34.85 W
2026/07/24 15:27:20.128, 29.19 W
2026/07/24 15:27:21.128, 34.15 W
2026/07/24 15:27:22.129, 30.78 W
2026/07/24 15:27:23.129, 29.91 W
2026/07/24 15:27:24.129, 34.55 W
2026/07/24 15:27:25.129, 34.25 W
2026/07/24 15:27:26.129, 29.60 W
2026/07/24 15:27:27.129, 33.64 W
2026/07/24 15:27:28.129, 33.33 W
2026/07/24 15:27:29.129, 30.11 W
2026/07/24 15:27:30.129, 34.39 W
2026/07/24 15:27:31.130, 28.65 W
2026/07/24 15:27:32.130, 34.44 W
2026/07/24 15:27:33.130, 34.68 W
2026/07/24 15:27:34.130, 30.91 W
2026/07/24 15:27:35.130, 32.96 W
2026/07/24 15:27:36.130, 35.13 W
2026/07/24 15:27:37.130, 29.41 W
2026/07/24 15:27:38.130, 34.86 W
2026/07/24 15:27:39.130, 31.48 W
2026/07/24 15:27:40.131, 28.64 W
2026/07/24 15:27:41.131, 35.22 W
2026/07/24 15:27:42.131, 31.10 W
2026/07/24 15:27:43.131, 29.79 W
2026/07/24 15:27:44.131, 33.07 W
2026/07/24 15:27:45.131, 32.32 W
2026/07/24 15:27:46.131, 28.47 W
2026/07/24 15:27:47.131, 34.61 W
2026/07/24 15:27:48.131, 34.08 W
2026/07/24 15:27:49.132, 28.80 W
2026/07/24 15:27:50.132, 35.04 W
2026/07/24 15:27:51.132, 34.19 W
2026/07/24 15:27:52.132, 30.38 W
2026/07/24 15:27:53.132, 33.12 W
2026/07/24 15:27:54.132, 34.01 W
2026/07/24 15:27:55.132, 30.55 W
2026/07/24 15:27:56.132, 32.73 W
2026/07/24 15:27:57.132, 35.09 W
2026/07/24 15:27:58.132, 28.40 W
2026/07/24 15:27:59.133, 30.16 W
2026/07/24 15:28:00.133, 31.24 W
2026/07/24 15:28:01.133, 34.48 W
2026/07/24 15:28:02.133, 34.14 W
2026/07/24 15:28:03.133, 30.46 W
2026/07/24 15:28:04.133, 32.81 W
2026/07/24 15:28:05.133, 34.48 W
2026/07/24 15:28:06.133, 28.90 W
2026/07/24 15:28:07.133, 34.59 W
2026/07/24 15:28:08.134, 28.99 W
2026/07/24 15:28:09.134, 34.95 W
2026/07/24 15:28:10.134, 30.30 W
2026/07/24 15:28:11.134, 31.40 W
2026/07/24 15:28:12.134, 32.63 W
2026/07/24 15:28:13.134, 29.70 W
2026/07/24 15:28:14.134, 30.01 W
2026/07/24 15:28:15.134, 34.45 W
2026/07/24 15:28:16.135, 28.24 W
2026/07/24 15:28:17.135, 34.10 W
2026/07/24 15:28:18.135, 33.52 W
2026/07/24 15:28:19.135, 28.65 W
2026/07/24 15:28:20.135, 29.46 W
2026/07/24 15:28:21.135, 33.50 W
2026/07/24 15:28:22.135, 34.68 W
2026/07/24 15:28:23.135, 30.69 W
2026/07/24 15:28:24.135, 32.97 W
2026/07/24 15:28:25.136, 34.42 W
2026/07/24 15:28:26.136, 30.82 W
2026/07/24 15:28:27.136, 33.42 W
2026/07/24 15:28:28.136, 34.46 W
2026/07/24 15:28:29.136, 29.68 W
2026/07/24 15:28:30.136, 33.72 W
2026/07/24 15:28:31.136, 33.17 W
2026/07/24 15:28:32.136, 29.65 W
2026/07/24 15:28:33.136, 34.20 W
2026/07/24 15:28:34.136, 30.69 W
2026/07/24 15:28:35.137, 29.18 W
2026/07/24 15:28:36.137, 34.85 W
2026/07/24 15:28:37.137, 33.42 W
2026/07/24 15:28:38.137, 29.84 W
2026/07/24 15:28:39.137, 31.89 W
2026/07/24 15:28:40.137, 32.72 W
2026/07/24 15:28:41.137, 28.58 W
2026/07/24 15:28:42.137, 30.29 W
2026/07/24 15:28:43.137, 33.41 W
2026/07/24 15:28:44.137, 33.38 W
2026/07/24 15:28:45.138, 30.30 W
2026/07/24 15:28:46.138, 33.56 W
2026/07/24 15:28:47.138, 35.73 W
2026/07/24 15:28:48.138, 29.67 W
2026/07/24 15:28:49.138, 30.79 W
2026/07/24 15:28:50.138, 33.30 W
2026/07/24 15:28:51.138, 29.14 W
2026/07/24 15:28:52.138, 33.05 W
2026/07/24 15:28:53.138, 33.29 W
2026/07/24 15:28:54.139, 30.49 W
2026/07/24 15:28:55.139, 34.34 W
2026/07/24 15:28:56.139, 34.58 W
2026/07/24 15:28:57.139, 30.11 W
2026/07/24 15:28:58.139, 30.20 W
2026/07/24 15:28:59.139, 34.41 W
2026/07/24 15:29:00.139, 29.23 W
2026/07/24 15:29:01.139, 30.38 W
2026/07/24 15:29:02.139, 34.62 W
2026/07/24 15:29:03.140, 30.42 W
2026/07/24 15:29:04.140, 28.81 W
2026/07/24 15:29:05.140, 34.26 W
2026/07/24 15:29:06.140, 34.28 W
2026/07/24 15:29:07.140, 29.03 W
2026/07/24 15:29:08.140, 33.56 W
2026/07/24 15:29:09.140, 33.80 W
2026/07/24 15:29:10.140, 29.94 W
2026/07/24 15:29:11.140, 34.50 W
2026/07/24 15:29:12.141, 33.94 W
2026/07/24 15:29:13.141, 30.08 W
2026/07/24 15:29:14.141, 29.90 W
2026/07/24 15:29:15.141, 34.68 W
2026/07/24 15:29:16.141, 30.44 W
2026/07/24 15:29:17.141, 29.93 W
2026/07/24 15:29:18.141, 34.89 W
2026/07/24 15:29:19.141, 30.65 W
2026/07/24 15:29:20.141, 29.77 W
2026/07/24 15:29:21.142, 34.42 W
2026/07/24 15:29:22.142, 33.72 W
2026/07/24 15:29:23.142, 30.09 W
2026/07/24 15:29:24.142, 29.03 W
2026/07/24 15:29:25.142, 34.57 W
2026/07/24 15:29:26.142, 30.96 W
2026/07/24 15:29:27.142, 30.03 W
2026/07/24 15:29:28.142, 33.67 W
2026/07/24 15:29:29.142, 32.02 W
2026/07/24 15:29:30.142, 30.26 W
2026/07/24 15:29:31.142, 34.30 W
2026/07/24 15:29:32.142, 34.39 W
2026/07/24 15:29:33.143, 30.55 W
2026/07/24 15:29:34.143, 33.03 W
2026/07/24 15:29:35.143, 33.47 W
2026/07/24 15:29:36.143, 30.75 W
2026/07/24 15:29:37.143, 34.46 W
2026/07/24 15:29:38.143, 33.11 W
2026/07/24 15:29:39.143, 30.64 W
2026/07/24 15:29:40.143, 33.16 W
2026/07/24 15:29:41.143, 33.73 W
2026/07/24 15:29:42.144, 30.01 W
2026/07/24 15:29:43.144, 30.64 W
2026/07/24 15:29:44.144, 34.29 W
2026/07/24 15:29:45.144, 29.45 W
2026/07/24 15:29:46.144, 28.95 W
2026/07/24 15:29:47.144, 34.61 W
2026/07/24 15:29:48.144, 30.10 W
2026/07/24 15:29:49.144, 30.20 W
2026/07/24 15:29:50.144, 34.51 W
2026/07/24 15:29:51.144, 33.16 W
2026/07/24 15:29:52.145, 30.25 W
2026/07/24 15:29:53.145, 32.96 W
2026/07/24 15:29:54.145, 34.79 W
2026/07/24 15:29:55.145, 29.07 W
2026/07/24 15:29:56.145, 33.36 W
2026/07/24 15:29:57.145, 33.95 W
2026/07/24 15:29:58.145, 29.85 W
2026/07/24 15:29:59.145, 34.45 W
2026/07/24 15:30:00.146, 33.11 W
2026/07/24 15:30:01.146, 30.96 W
2026/07/24 15:30:02.146, 34.67 W
2026/07/24 15:30:03.146, 33.43 W
2026/07/24 15:30:04.146, 30.91 W
2026/07/24 15:30:05.146, 28.53 W
2026/07/24 15:30:06.146, 33.28 W
2026/07/24 15:30:07.146, 34.61 W
2026/07/24 15:30:08.146, 30.17 W
2026/07/24 15:30:09.147, 32.89 W
2026/07/24 15:30:10.147, 34.49 W
2026/07/24 15:30:11.147, 29.99 W
2026/07/24 15:30:12.147, 29.52 W
2026/07/24 15:30:13.147, 33.97 W
2026/07/24 15:30:14.147, 30.80 W
2026/07/24 15:30:15.147, 30.31 W
2026/07/24 15:30:16.147, 34.56 W
2026/07/24 15:30:17.147, 33.26 W
2026/07/24 15:30:18.148, 30.92 W
2026/07/24 15:30:19.148, 29.85 W
2026/07/24 15:30:20.148, 34.26 W
2026/07/24 15:30:21.148, 34.59 W
2026/07/24 15:30:22.148, 28.55 W
2026/07/24 15:30:23.148, 33.97 W
2026/07/24 15:30:24.148, 34.61 W
2026/07/24 15:30:25.148, 29.64 W
2026/07/24 15:30:26.148, 30.99 W
2026/07/24 15:30:27.148, 32.76 W
2026/07/24 15:30:28.149, 30.16 W
2026/07/24 15:30:29.149, 29.52 W
2026/07/24 15:30:30.149, 34.74 W
2026/07/24 15:30:31.149, 33.35 W
2026/07/24 15:30:32.149, 30.50 W
2026/07/24 15:30:33.149, 34.05 W
2026/07/24 15:30:34.149, 34.32 W
2026/07/24 15:30:35.149, 30.69 W
2026/07/24 15:30:36.149, 33.86 W
2026/07/24 15:30:37.149, 34.43 W
2026/07/24 15:30:38.150, 30.05 W
2026/07/24 15:30:39.150, 30.22 W
2026/07/24 15:30:40.150, 34.15 W
2026/07/24 15:30:41.150, 34.36 W
2026/07/24 15:30:42.150, 29.78 W
2026/07/24 15:30:43.150, 29.21 W
2026/07/24 15:30:44.150, 31.29 W
2026/07/24 15:30:45.150, 34.52 W
2026/07/24 15:30:46.150, 28.63 W
2026/07/24 15:30:47.150, 30.21 W
2026/07/24 15:30:48.150, 34.39 W
2026/07/24 15:30:49.151, 33.56 W
2026/07/24 15:30:50.151, 30.86 W
2026/07/24 15:30:51.151, 33.77 W
2026/07/24 15:30:52.151, 34.41 W
2026/07/24 15:30:53.151, 29.58 W
2026/07/24 15:30:54.151, 30.11 W
2026/07/24 15:30:55.151, 34.41 W
2026/07/24 15:30:56.151, 34.22 W
2026/07/24 15:30:57.151, 30.89 W
2026/07/24 15:30:58.152, 29.02 W
2026/07/24 15:30:59.152, 29.97 W
2026/07/24 15:31:00.152, 33.85 W
2026/07/24 15:31:01.152, 34.62 W
2026/07/24 15:31:02.152, 28.83 W
2026/07/24 15:31:03.152, 34.27 W
2026/07/24 15:31:04.152, 33.86 W
2026/07/24 15:31:05.152, 30.21 W
2026/07/24 15:31:06.152, 33.89 W
2026/07/24 15:31:07.153, 34.46 W
2026/07/24 15:31:08.153, 30.17 W
2026/07/24 15:31:09.153, 33.93 W
2026/07/24 15:31:10.153, 34.29 W
2026/07/24 15:31:11.153, 29.38 W
2026/07/24 15:31:12.153, 30.58 W
2026/07/24 15:31:13.153, 34.58 W
2026/07/24 15:31:14.153, 29.82 W
2026/07/24 15:31:15.153, 28.84 W
2026/07/24 15:31:16.154, 34.24 W
2026/07/24 15:31:17.154, 33.45 W
2026/07/24 15:31:18.154, 30.43 W
2026/07/24 15:31:19.154, 33.15 W
2026/07/24 15:31:20.154, 33.89 W
2026/07/24 15:31:21.154, 30.47 W
2026/07/24 15:31:22.154, 30.72 W
2026/07/24 15:31:23.154, 34.18 W
2026/07/24 15:31:24.154, 28.82 W
2026/07/24 15:31:25.154, 30.42 W
2026/07/24 15:31:26.155, 34.49 W
2026/07/24 15:31:27.155, 30.14 W
2026/07/24 15:31:28.155, 29.49 W
2026/07/24 15:31:29.155, 33.90 W
2026/07/24 15:31:30.155, 31.37 W
2026/07/24 15:31:31.155, 29.88 W
2026/07/24 15:31:32.155, 33.87 W
2026/07/24 15:31:33.155, 33.88 W
2026/07/24 15:31:34.155, 28.12 W
2026/07/24 15:31:35.156, 34.03 W
2026/07/24 15:31:36.156, 34.05 W
2026/07/24 15:31:37.156, 28.84 W
2026/07/24 15:31:38.156, 30.44 W
2026/07/24 15:31:39.156, 34.40 W
2026/07/24 15:31:40.156, 33.40 W
2026/07/24 15:31:41.156, 30.60 W
2026/07/24 15:31:42.156, 33.95 W
2026/07/24 15:31:43.156, 29.19 W
2026/07/24 15:31:44.157, 30.55 W
2026/07/24 15:31:45.157, 34.35 W
2026/07/24 15:31:46.157, 34.56 W
2026/07/24 15:31:47.157, 29.69 W
2026/07/24 15:31:48.157, 30.58 W
2026/07/24 15:31:49.157, 33.51 W
2026/07/24 15:31:50.157, 29.04 W
2026/07/24 15:31:51.158, 29.08 W
2026/07/24 15:31:52.159, 34.36 W
2026/07/24 15:31:53.159, 25.69 W
2026/07/24 15:31:54.159, 29.10 W
2026/07/24 15:31:55.160, 30.32 W
2026/07/24 15:31:56.160, 28.93 W
2026/07/24 15:31:57.160, 30.72 W
2026/07/24 15:31:58.160, 34.38 W
2026/07/24 15:31:59.160, 30.41 W
2026/07/24 15:32:00.160, 29.70 W
2026/07/24 15:32:01.160, 34.48 W
2026/07/24 15:32:02.160, 33.31 W
2026/07/24 15:32:03.160, 30.66 W
2026/07/24 15:32:04.160, 31.95 W
2026/07/24 15:32:05.160, 29.53 W
2026/07/24 15:32:06.160, 30.03 W
2026/07/24 15:32:07.161, 34.14 W
2026/07/24 15:32:08.161, 34.16 W
2026/07/24 15:32:09.161, 29.40 W
2026/07/24 15:32:10.161, 30.63 W
2026/07/24 15:32:11.161, 32.39 W
2026/07/24 15:32:12.161, 33.75 W
2026/07/24 15:32:13.161, 29.56 W
2026/07/24 15:32:14.161, 29.45 W
2026/07/24 15:32:15.161, 30.59 W
2026/07/24 15:32:16.161, 28.82 W
2026/07/24 15:32:17.162, 32.42 W
2026/07/24 15:32:18.162, 34.43 W
2026/07/24 15:32:19.162, 29.72 W
2026/07/24 15:32:20.162, 30.24 W
2026/07/24 15:32:21.162, 30.32 W
2026/07/24 15:32:22.162, 34.12 W
2026/07/24 15:32:23.162, 31.16 W
2026/07/24 15:32:24.162, 28.72 W
2026/07/24 15:32:25.162, 29.01 W
2026/07/24 15:32:26.162, 33.14 W
2026/07/24 15:32:27.163, 32.86 W
2026/07/24 15:32:28.163, 30.08 W
2026/07/24 15:32:29.163, 29.51 W
2026/07/24 15:32:30.163, 33.29 W
2026/07/24 15:32:31.163, 33.43 W
2026/07/24 15:32:32.163, 30.67 W
2026/07/24 15:32:33.163, 31.37 W
2026/07/24 15:32:34.164, 33.50 W
2026/07/24 15:32:35.164, 28.63 W
2026/07/24 15:32:36.164, 29.58 W
2026/07/24 15:32:37.164, 34.23 W
2026/07/24 15:32:38.164, 34.09 W
2026/07/24 15:32:39.164, 29.99 W
2026/07/24 15:32:40.164, 28.74 W
2026/07/24 15:32:41.165, 34.67 W
2026/07/24 15:32:42.165, 34.23 W
2026/07/24 15:32:43.165, 31.28 W
2026/07/24 15:32:44.165, 29.92 W
2026/07/24 15:32:45.165, 34.56 W
2026/07/24 15:32:46.165, 34.38 W
2026/07/24 15:32:47.165, 29.18 W
2026/07/24 15:32:48.165, 30.55 W
2026/07/24 15:32:49.165, 33.79 W
2026/07/24 15:32:50.165, 31.45 W
2026/07/24 15:32:51.165, 29.30 W
2026/07/24 15:32:52.166, 33.63 W
2026/07/24 15:32:53.166, 34.11 W
2026/07/24 15:32:54.166, 30.37 W
2026/07/24 15:32:55.166, 30.44 W
2026/07/24 15:32:56.166, 34.17 W
2026/07/24 15:32:57.166, 30.81 W
2026/07/24 15:32:58.166, 29.42 W
2026/07/24 15:32:59.166, 33.61 W
2026/07/24 15:33:00.166, 33.17 W
2026/07/24 15:33:01.166, 30.67 W
2026/07/24 15:33:02.167, 33.21 W
2026/07/24 15:33:03.167, 34.65 W
2026/07/24 15:33:04.167, 30.66 W
2026/07/24 15:33:05.167, 28.56 W
2026/07/24 15:33:06.167, 34.87 W
2026/07/24 15:33:07.167, 33.04 W
2026/07/24 15:33:08.167, 28.61 W
2026/07/24 15:33:09.167, 29.93 W
2026/07/24 15:33:10.167, 33.98 W
2026/07/24 15:33:11.167, 33.77 W
2026/07/24 15:33:12.168, 29.51 W
2026/07/24 15:33:13.168, 30.16 W
2026/07/24 15:33:14.168, 30.46 W
2026/07/24 15:33:15.168, 32.97 W
2026/07/24 15:33:16.168, 30.56 W
2026/07/24 15:33:17.168, 30.25 W
2026/07/24 15:33:18.168, 28.97 W
2026/07/24 15:33:19.168, 29.70 W
2026/07/24 15:33:20.168, 29.73 W
2026/07/24 15:33:21.168, 29.85 W
2026/07/24 15:33:22.169, 29.94 W
2026/07/24 15:33:23.169, 28.61 W
2026/07/24 15:33:24.169, 34.17 W
2026/07/24 15:33:25.169, 34.24 W
2026/07/24 15:33:26.169, 30.44 W
2026/07/24 15:33:27.169, 29.59 W
2026/07/24 15:33:28.169, 30.66 W
2026/07/24 15:33:29.169, 33.15 W
2026/07/24 15:33:30.169, 33.16 W
2026/07/24 15:33:31.169, 30.08 W
2026/07/24 15:33:32.169, 29.83 W
2026/07/24 15:33:33.170, 29.31 W
2026/07/24 15:33:34.170, 30.31 W
2026/07/24 15:33:35.170, 33.53 W
2026/07/24 15:33:36.170, 34.34 W
2026/07/24 15:33:37.170, 30.08 W
2026/07/24 15:33:38.170, 30.93 W
2026/07/24 15:33:39.170, 30.57 W
2026/07/24 15:33:40.170, 31.76 W
2026/07/24 15:33:41.171, 33.47 W
2026/07/24 15:33:42.171, 30.00 W
2026/07/24 15:33:43.171, 29.78 W
2026/07/24 15:33:44.171, 34.32 W
2026/07/24 15:33:45.171, 33.65 W
2026/07/24 15:33:46.171, 30.50 W
2026/07/24 15:33:47.171, 30.15 W
2026/07/24 15:33:48.171, 34.13 W
2026/07/24 15:33:49.171, 33.23 W
2026/07/24 15:33:50.172, 30.27 W
2026/07/24 15:33:51.172, 30.38 W
2026/07/24 15:33:52.172, 30.38 W
2026/07/24 15:33:53.172, 34.00 W
2026/07/24 15:33:54.172, 34.36 W
2026/07/24 15:33:55.172, 29.52 W
2026/07/24 15:33:56.172, 29.97 W
2026/07/24 15:33:57.172, 29.78 W
2026/07/24 15:33:58.172, 30.01 W
2026/07/24 15:33:59.173, 29.16 W
2026/07/24 15:34:00.173, 31.46 W
2026/07/24 15:34:01.173, 33.32 W
2026/07/24 15:34:02.173, 30.95 W
2026/07/24 15:34:03.173, 30.10 W
2026/07/24 15:34:04.173, 30.44 W
2026/07/24 15:34:05.173, 34.05 W
2026/07/24 15:34:06.173, 33.46 W
2026/07/24 15:34:07.173, 29.94 W
2026/07/24 15:34:08.173, 30.06 W
2026/07/24 15:34:09.174, 33.67 W
2026/07/24 15:34:10.174, 34.25 W
2026/07/24 15:34:11.174, 29.69 W
2026/07/24 15:34:12.174, 30.47 W
2026/07/24 15:34:13.174, 33.49 W
2026/07/24 15:34:14.174, 33.14 W
2026/07/24 15:34:15.174, 30.21 W
2026/07/24 15:34:16.174, 29.90 W
2026/07/24 15:34:17.174, 29.43 W
2026/07/24 15:34:18.175, 34.21 W
2026/07/24 15:34:19.175, 32.82 W
2026/07/24 15:34:20.175, 30.53 W
2026/07/24 15:34:21.175, 30.28 W
2026/07/24 15:34:22.175, 33.79 W
2026/07/24 15:34:23.175, 32.67 W
2026/07/24 15:34:24.175, 30.26 W
2026/07/24 15:34:25.176, 30.25 W
2026/07/24 15:34:26.176, 31.93 W
2026/07/24 15:34:27.176, 33.69 W
2026/07/24 15:34:28.176, 30.44 W
2026/07/24 15:34:29.176, 30.48 W
2026/07/24 15:34:30.176, 30.22 W
2026/07/24 15:34:31.176, 34.25 W
2026/07/24 15:34:32.176, 34.55 W
2026/07/24 15:34:33.177, 30.19 W
2026/07/24 15:34:34.177, 30.37 W
2026/07/24 15:34:35.177, 28.59 W
2026/07/24 15:34:36.177, 31.42 W
2026/07/24 15:34:37.177, 33.43 W
2026/07/24 15:34:38.177, 33.82 W
2026/07/24 15:34:39.177, 31.23 W
2026/07/24 15:34:40.177, 30.21 W
2026/07/24 15:34:41.177, 30.21 W
2026/07/24 15:34:42.178, 33.81 W
2026/07/24 15:34:43.178, 34.14 W
2026/07/24 15:34:44.178, 30.57 W
2026/07/24 15:34:45.178, 29.75 W
2026/07/24 15:34:46.178, 29.75 W
2026/07/24 15:34:47.178, 34.95 W
2026/07/24 15:34:48.178, 33.42 W
2026/07/24 15:34:49.178, 30.15 W
2026/07/24 15:34:50.178, 30.89 W
2026/07/24 15:34:51.178, 30.40 W
2026/07/24 15:34:52.179, 33.01 W
2026/07/24 15:34:53.179, 32.20 W
2026/07/24 15:34:54.179, 30.33 W
2026/07/24 15:34:55.179, 32.28 W
2026/07/24 15:34:56.179, 34.58 W
2026/07/24 15:34:57.179, 29.87 W
2026/07/24 15:34:58.179, 30.53 W
2026/07/24 15:34:59.180, 28.53 W
2026/07/24 15:35:00.180, 34.70 W
2026/07/24 15:35:01.180, 34.33 W
2026/07/24 15:35:02.180, 29.94 W
2026/07/24 15:35:03.180, 30.29 W
2026/07/24 15:35:04.180, 33.65 W
2026/07/24 15:35:05.180, 34.28 W
2026/07/24 15:35:06.181, 30.48 W
2026/07/24 15:35:07.181, 29.86 W
2026/07/24 15:35:08.181, 30.21 W
2026/07/24 15:35:09.181, 33.79 W
2026/07/24 15:35:10.181, 31.11 W
2026/07/24 15:35:11.181, 29.35 W
2026/07/24 15:35:12.181, 33.99 W
2026/07/24 15:35:13.181, 34.02 W
2026/07/24 15:35:14.181, 30.00 W
2026/07/24 15:35:15.181, 28.65 W
2026/07/24 15:35:16.182, 28.85 W
2026/07/24 15:35:17.182, 34.71 W
2026/07/24 15:35:18.182, 30.30 W
2026/07/24 15:35:19.182, 30.46 W
2026/07/24 15:35:20.182, 30.56 W
2026/07/24 15:35:21.182, 34.36 W
2026/07/24 15:35:22.182, 34.21 W
2026/07/24 15:35:23.182, 29.02 W
2026/07/24 15:35:24.182, 30.24 W
2026/07/24 15:35:25.182, 34.07 W
2026/07/24 15:35:26.183, 34.25 W
2026/07/24 15:35:27.183, 30.22 W
2026/07/24 15:35:28.183, 29.07 W
2026/07/24 15:35:29.183, 28.96 W
2026/07/24 15:35:30.183, 34.26 W
2026/07/24 15:35:31.183, 33.14 W
2026/07/24 15:35:32.183, 30.19 W
2026/07/24 15:35:33.183, 30.22 W
2026/07/24 15:35:34.183, 29.85 W
2026/07/24 15:35:35.184, 34.34 W
2026/07/24 15:35:36.184, 35.11 W
2026/07/24 15:35:37.184, 30.45 W
2026/07/24 15:35:38.184, 30.25 W
2026/07/24 15:35:39.184, 30.41 W
2026/07/24 15:35:40.184, 33.69 W
2026/07/24 15:35:41.184, 34.66 W
2026/07/24 15:35:42.184, 30.64 W
2026/07/24 15:35:43.185, 30.17 W
2026/07/24 15:35:44.185, 30.68 W
2026/07/24 15:35:45.185, 33.11 W
2026/07/24 15:35:46.185, 30.97 W
2026/07/24 15:35:47.185, 30.41 W
2026/07/24 15:35:48.185, 30.28 W
2026/07/24 15:35:49.185, 28.80 W
2026/07/24 15:35:50.185, 34.61 W
2026/07/24 15:35:51.185, 33.36 W
2026/07/24 15:35:52.186, 29.74 W
2026/07/24 15:35:53.186, 30.27 W
2026/07/24 15:35:54.186, 34.61 W
2026/07/24 15:35:55.186, 34.22 W
2026/07/24 15:35:56.186, 30.32 W
2026/07/24 15:35:57.186, 32.81 W
2026/07/24 15:35:58.186, 30.22 W
2026/07/24 15:35:59.186, 30.40 W
2026/07/24 15:36:00.186, 29.38 W
2026/07/24 15:36:01.186, 32.91 W
2026/07/24 15:36:02.187, 34.64 W
2026/07/24 15:36:03.187, 29.78 W
2026/07/24 15:36:04.187, 30.27 W
2026/07/24 15:36:05.187, 30.25 W
2026/07/24 15:36:06.187, 34.87 W
2026/07/24 15:36:07.187, 34.99 W
2026/07/24 15:36:08.187, 29.50 W
2026/07/24 15:36:09.187, 29.27 W
2026/07/24 15:36:10.187, 30.00 W
2026/07/24 15:36:11.187, 32.96 W
2026/07/24 15:36:12.188, 31.31 W
2026/07/24 15:36:13.188, 30.52 W
2026/07/24 15:36:14.188, 30.36 W
2026/07/24 15:36:15.188, 34.13 W
2026/07/24 15:36:16.188, 34.29 W
2026/07/24 15:36:17.188, 29.50 W
2026/07/24 15:36:18.188, 29.95 W
2026/07/24 15:36:19.188, 31.65 W
2026/07/24 15:36:20.188, 33.07 W
2026/07/24 15:36:21.188, 32.81 W
2026/07/24 15:36:22.189, 29.17 W
2026/07/24 15:36:23.189, 30.34 W
2026/07/24 15:36:24.189, 33.96 W
2026/07/24 15:36:25.189, 34.10 W
2026/07/24 15:36:26.189, 31.05 W
2026/07/24 15:36:27.189, 30.10 W
2026/07/24 15:36:28.189, 30.17 W
2026/07/24 15:36:29.189, 33.06 W
2026/07/24 15:36:30.189, 33.75 W
2026/07/24 15:36:31.189, 30.05 W
2026/07/24 15:36:32.190, 30.42 W
2026/07/24 15:36:33.190, 34.58 W
2026/07/24 15:36:34.190, 34.50 W
2026/07/24 15:36:35.190, 30.96 W
2026/07/24 15:36:36.190, 30.41 W
2026/07/24 15:36:37.190, 30.24 W
2026/07/24 15:36:38.190, 34.19 W
2026/07/24 15:36:39.190, 33.99 W
2026/07/24 15:36:40.191, 30.46 W
2026/07/24 15:36:41.191, 29.93 W
2026/07/24 15:36:42.191, 28.06 W
2026/07/24 15:36:43.191, 35.09 W
2026/07/24 15:36:44.191, 35.09 W
2026/07/24 15:36:45.191, 30.54 W
2026/07/24 15:36:46.191, 30.13 W
2026/07/24 15:36:47.191, 29.82 W
2026/07/24 15:36:48.191, 32.80 W
2026/07/24 15:36:49.191, 34.05 W
2026/07/24 15:36:50.192, 29.47 W
2026/07/24 15:36:51.192, 30.31 W
2026/07/24 15:36:52.192, 29.87 W
2026/07/24 15:36:53.192, 34.26 W
2026/07/24 15:36:54.192, 34.04 W
2026/07/24 15:36:55.192, 29.92 W
2026/07/24 15:36:56.192, 29.83 W
2026/07/24 15:36:57.192, 30.40 W
2026/07/24 15:36:58.192, 34.07 W
2026/07/24 15:36:59.192, 34.89 W
2026/07/24 15:37:00.193, 34.59 W
2026/07/24 15:37:01.193, 28.99 W
2026/07/24 15:37:02.193, 29.18 W
2026/07/24 15:37:03.193, 30.25 W
2026/07/24 15:37:04.193, 30.45 W
2026/07/24 15:37:05.193, 30.47 W
2026/07/24 15:37:06.193, 32.78 W
2026/07/24 15:37:07.193, 31.03 W
2026/07/24 15:37:08.194, 28.43 W
2026/07/24 15:37:09.194, 32.53 W
2026/07/24 15:37:10.194, 29.83 W
2026/07/24 15:37:11.194, 30.57 W
2026/07/24 15:37:12.194, 30.39 W
2026/07/24 15:37:13.194, 30.21 W
2026/07/24 15:37:14.194, 34.19 W
2026/07/24 15:37:15.194, 34.16 W
2026/07/24 15:37:16.194, 30.30 W
2026/07/24 15:37:17.195, 30.28 W
2026/07/24 15:37:18.195, 34.34 W
2026/07/24 15:37:19.195, 34.43 W
2026/07/24 15:37:20.195, 30.35 W
2026/07/24 15:37:21.195, 30.65 W
2026/07/24 15:37:22.195, 30.11 W
2026/07/24 15:37:23.195, 32.87 W
2026/07/24 15:37:24.195, 33.87 W
2026/07/24 15:37:25.195, 30.99 W
2026/07/24 15:37:26.195, 30.08 W
2026/07/24 15:37:27.196, 29.84 W
2026/07/24 15:37:28.196, 34.38 W
2026/07/24 15:37:29.196, 34.64 W
2026/07/24 15:37:30.196, 30.52 W
2026/07/24 15:37:31.196, 29.25 W
2026/07/24 15:37:32.196, 30.60 W
2026/07/24 15:37:33.196, 32.91 W
2026/07/24 15:37:34.196, 33.61 W
2026/07/24 15:37:35.196, 34.39 W
2026/07/24 15:37:36.197, 29.61 W
2026/07/24 15:37:37.197, 29.75 W
2026/07/24 15:37:38.197, 30.15 W
2026/07/24 15:37:39.197, 34.05 W
2026/07/24 15:37:40.197, 34.14 W
2026/07/24 15:37:41.197, 30.25 W
2026/07/24 15:37:42.197, 30.11 W
2026/07/24 15:37:43.197, 30.01 W
2026/07/24 15:37:44.197, 30.39 W
2026/07/24 15:37:45.198, 34.28 W
2026/07/24 15:37:46.198, 32.88 W
2026/07/24 15:37:47.198, 34.56 W
2026/07/24 15:37:48.198, 30.17 W
2026/07/24 15:37:49.198, 29.12 W
2026/07/24 15:37:50.198, 30.65 W
2026/07/24 15:37:51.198, 30.32 W
2026/07/24 15:37:52.198, 30.97 W
2026/07/24 15:37:53.198, 30.23 W
2026/07/24 15:37:54.199, 30.05 W
2026/07/24 15:37:55.199, 29.08 W
2026/07/24 15:37:56.199, 35.05 W
2026/07/24 15:37:57.199, 35.07 W
2026/07/24 15:37:58.199, 30.35 W
2026/07/24 15:37:59.199, 30.26 W
2026/07/24 15:38:00.199, 30.23 W
2026/07/24 15:38:01.199, 34.05 W
2026/07/24 15:38:02.199, 34.00 W
2026/07/24 15:38:03.200, 30.51 W
2026/07/24 15:38:04.200, 30.35 W
2026/07/24 15:38:05.200, 32.03 W
2026/07/24 15:38:06.200, 32.65 W
2026/07/24 15:38:07.200, 30.94 W
2026/07/24 15:38:08.200, 29.22 W
2026/07/24 15:38:09.200, 29.19 W
2026/07/24 15:38:10.200, 34.65 W
2026/07/24 15:38:11.201, 34.95 W
2026/07/24 15:38:12.201, 30.46 W
2026/07/24 15:38:13.201, 30.30 W
2026/07/24 15:38:14.201, 28.77 W
2026/07/24 15:38:15.201, 30.56 W
2026/07/24 15:38:16.201, 34.26 W
2026/07/24 15:38:17.201, 34.29 W
2026/07/24 15:38:18.201, 29.89 W
2026/07/24 15:38:19.201, 30.18 W
2026/07/24 15:38:20.202, 30.50 W
2026/07/24 15:38:21.202, 30.37 W
2026/07/24 15:38:22.202, 34.15 W
2026/07/24 15:38:23.202, 34.65 W
2026/07/24 15:38:24.202, 29.26 W
2026/07/24 15:38:25.202, 30.68 W
2026/07/24 15:38:26.202, 28.52 W
2026/07/24 15:38:27.202, 30.54 W
2026/07/24 15:38:28.202, 30.10 W
2026/07/24 15:38:29.203, 34.24 W
2026/07/24 15:38:30.203, 33.20 W
2026/07/24 15:38:31.203, 30.12 W
2026/07/24 15:38:32.203, 30.38 W
2026/07/24 15:38:33.203, 29.52 W
2026/07/24 15:38:34.203, 30.21 W
2026/07/24 15:38:35.203, 30.56 W
2026/07/24 15:38:36.203, 29.45 W
2026/07/24 15:38:37.203, 34.04 W
2026/07/24 15:38:38.204, 30.57 W
2026/07/24 15:38:39.204, 33.67 W
2026/07/24 15:38:40.204, 29.85 W
2026/07/24 15:38:41.204, 28.99 W
2026/07/24 15:38:42.204, 29.69 W
2026/07/24 15:38:43.204, 30.91 W
2026/07/24 15:38:44.204, 33.52 W
2026/07/24 15:38:45.204, 30.47 W
2026/07/24 15:38:46.205, 33.94 W
2026/07/24 15:38:47.205, 33.86 W
2026/07/24 15:38:48.205, 34.11 W
2026/07/24 15:38:49.205, 30.60 W
2026/07/24 15:38:50.205, 30.42 W
2026/07/24 15:38:51.205, 30.56 W
2026/07/24 15:38:52.205, 34.96 W
2026/07/24 15:38:53.205, 35.06 W
2026/07/24 15:38:54.205, 30.36 W
2026/07/24 15:38:55.205, 33.16 W
2026/07/24 15:38:56.205, 30.34 W
2026/07/24 15:38:57.206, 30.45 W
2026/07/24 15:38:58.206, 30.40 W
2026/07/24 15:38:59.206, 30.41 W
2026/07/24 15:39:00.206, 34.25 W
2026/07/24 15:39:01.206, 33.72 W
2026/07/24 15:39:02.206, 30.01 W
2026/07/24 15:39:03.206, 30.97 W
2026/07/24 15:39:04.206, 30.18 W
2026/07/24 15:39:05.206, 30.13 W
2026/07/24 15:39:06.206, 30.64 W
2026/07/24 15:39:07.206, 33.77 W
2026/07/24 15:39:08.206, 34.97 W
2026/07/24 15:39:09.207, 30.33 W
2026/07/24 15:39:10.207, 30.79 W
2026/07/24 15:39:11.207, 29.34 W
2026/07/24 15:39:12.207, 28.53 W
2026/07/24 15:39:13.207, 34.74 W
2026/07/24 15:39:14.207, 35.11 W
2026/07/24 15:39:15.207, 34.01 W
2026/07/24 15:39:16.207, 30.28 W
2026/07/24 15:39:17.207, 29.98 W
2026/07/24 15:39:18.207, 30.14 W
2026/07/24 15:39:19.207, 30.07 W
2026/07/24 15:39:20.208, 29.87 W
2026/07/24 15:39:21.208, 34.20 W
2026/07/24 15:39:22.208, 33.85 W
2026/07/24 15:39:23.208, 28.83 W
2026/07/24 15:39:24.208, 30.34 W
2026/07/24 15:39:25.208, 30.16 W
2026/07/24 15:39:26.208, 30.68 W
2026/07/24 15:39:27.208, 34.48 W
2026/07/24 15:39:28.208, 33.13 W
2026/07/24 15:39:29.208, 34.25 W
2026/07/24 15:39:30.209, 30.40 W
2026/07/24 15:39:31.209, 29.76 W
2026/07/24 15:39:32.209, 29.79 W
2026/07/24 15:39:33.209, 30.01 W
2026/07/24 15:39:34.209, 29.99 W
2026/07/24 15:39:35.209, 33.40 W
2026/07/24 15:39:36.209, 34.27 W
2026/07/24 15:39:37.209, 30.29 W
2026/07/24 15:39:38.209, 30.23 W
2026/07/24 15:39:39.210, 29.36 W
2026/07/24 15:39:40.210, 30.31 W
2026/07/24 15:39:41.210, 34.07 W
2026/07/24 15:39:42.210, 34.67 W
2026/07/24 15:39:43.210, 30.31 W
2026/07/24 15:39:44.210, 29.99 W
2026/07/24 15:39:45.210, 28.59 W
2026/07/24 15:39:46.210, 34.57 W
2026/07/24 15:39:47.210, 34.04 W
2026/07/24 15:39:48.211, 32.27 W
2026/07/24 15:39:49.211, 31.00 W
2026/07/24 15:39:50.211, 28.41 W
2026/07/24 15:39:51.211, 30.47 W
2026/07/24 15:39:52.211, 28.39 W
2026/07/24 15:39:53.211, 29.46 W
2026/07/24 15:39:54.211, 30.32 W
2026/07/24 15:39:55.211, 29.51 W
2026/07/24 15:39:56.211, 32.03 W
2026/07/24 15:39:57.212, 33.23 W
2026/07/24 15:39:58.212, 34.87 W
2026/07/24 15:39:59.212, 30.19 W
2026/07/24 15:40:00.212, 30.41 W
2026/07/24 15:40:01.212, 29.78 W
2026/07/24 15:40:02.212, 30.57 W
2026/07/24 15:40:03.212, 30.11 W
2026/07/24 15:40:04.212, 33.34 W
2026/07/24 15:40:05.213, 34.33 W
2026/07/24 15:40:06.213, 34.42 W
2026/07/24 15:40:07.213, 29.67 W
2026/07/24 15:40:08.213, 29.95 W
2026/07/24 15:40:09.213, 29.61 W
2026/07/24 15:40:10.213, 30.40 W
2026/07/24 15:40:11.213, 30.14 W
2026/07/24 15:40:12.214, 30.51 W
2026/07/24 15:40:13.214, 30.16 W
2026/07/24 15:40:14.214, 31.09 W
2026/07/24 15:40:15.214, 34.34 W
2026/07/24 15:40:16.214, 34.70 W
2026/07/24 15:40:17.214, 30.54 W
2026/07/24 15:40:18.214, 30.07 W
2026/07/24 15:40:19.214, 28.82 W
2026/07/24 15:40:20.214, 30.44 W
2026/07/24 15:40:21.215, 29.18 W
2026/07/24 15:40:22.215, 34.10 W
2026/07/24 15:40:23.215, 34.33 W
2026/07/24 15:40:24.215, 34.20 W
2026/07/24 15:40:25.215, 30.25 W
2026/07/24 15:40:26.215, 30.72 W
2026/07/24 15:40:27.215, 30.11 W
2026/07/24 15:40:28.215, 28.70 W
2026/07/24 15:40:29.215, 30.18 W
2026/07/24 15:40:30.215, 30.54 W
2026/07/24 15:40:31.216, 33.65 W
2026/07/24 15:40:32.216, 33.23 W
2026/07/24 15:40:33.216, 30.38 W
2026/07/24 15:40:34.216, 30.10 W
2026/07/24 15:40:35.216, 30.26 W
2026/07/24 15:40:36.216, 30.30 W
2026/07/24 15:40:37.216, 34.47 W
2026/07/24 15:40:38.216, 34.13 W
2026/07/24 15:40:39.216, 30.21 W
2026/07/24 15:40:40.216, 30.17 W
2026/07/24 15:40:41.217, 30.08 W
2026/07/24 15:40:42.217, 30.29 W
2026/07/24 15:40:43.217, 30.89 W
2026/07/24 15:40:44.217, 34.37 W
2026/07/24 15:40:45.217, 33.69 W
2026/07/24 15:40:46.217, 30.32 W
2026/07/24 15:40:47.217, 26.44 W
2026/07/24 15:40:48.217, 26.45 W
2026/07/24 15:40:49.217, 21.81 W
2026/07/24 15:40:50.217, 21.76 W
2026/07/24 15:40:51.218, 21.72 W
2026/07/24 15:40:52.218, 21.72 W
2026/07/24 15:40:53.218, 21.72 W
2026/07/24 15:40:54.218, 21.72 W
2026/07/24 15:40:55.218, 21.72 W
2026/07/24 15:40:56.218, 21.72 W
2026/07/24 15:40:57.218, 21.67 W
2026/07/24 15:40:58.218, 21.62 W
2026/07/24 15:40:59.218, 21.62 W
2026/07/24 15:41:00.218, 21.62 W
2026/07/24 15:41:01.218, 21.62 W
2026/07/24 15:41:02.219, 21.62 W
2026/07/24 15:41:03.219, 21.62 W
2026/07/24 15:41:04.219, 21.62 W
2026/07/24 15:41:05.219, 21.57 W
2026/07/24 15:41:06.219, 21.57 W
2026/07/24 15:41:07.219, 21.57 W
2026/07/24 15:41:08.219, 21.52 W
2026/07/24 15:41:09.220, 21.52 W
2026/07/24 15:41:10.220, 21.52 W
2026/07/24 15:41:11.220, 21.57 W
2026/07/24 15:41:12.220, 21.57 W
2026/07/24 15:41:13.220, 21.52 W
2026/07/24 15:41:14.220, 21.47 W
2026/07/24 15:41:15.220, 21.42 W
2026/07/24 15:41:16.220, 21.42 W
2026/07/24 15:41:17.220, 21.42 W
2026/07/24 15:41:18.221, 21.42 W
2026/07/24 15:41:19.221, 21.42 W
2026/07/24 15:41:20.221, 21.42 W
2026/07/24 15:41:21.221, 21.42 W
2026/07/24 15:41:22.221, 21.42 W
2026/07/24 15:41:23.221, 21.42 W
2026/07/24 15:41:24.221, 21.38 W
2026/07/24 15:41:25.221, 21.38 W
2026/07/24 15:41:26.221, 21.38 W
2026/07/24 15:41:27.222, 21.38 W
2026/07/24 15:41:28.222, 21.38 W
2026/07/24 15:41:29.222, 21.33 W
2026/07/24 15:41:30.222, 21.33 W
2026/07/24 15:41:31.222, 21.33 W
2026/07/24 15:41:32.222, 21.33 W
2026/07/24 15:41:33.222, 21.33 W
2026/07/24 15:41:34.222, 21.33 W
2026/07/24 15:41:35.222, 21.33 W
2026/07/24 15:41:36.223, 21.33 W
2026/07/24 15:41:37.223, 21.33 W
2026/07/24 15:41:38.223, 21.33 W
2026/07/24 15:41:39.223, 21.33 W
2026/07/24 15:41:40.223, 21.33 W
2026/07/24 15:41:41.223, 21.33 W
2026/07/24 15:41:42.223, 21.33 W
2026/07/24 15:41:43.223, 21.33 W
2026/07/24 15:41:44.224, 21.33 W
2026/07/24 15:41:45.224, 21.33 W
2026/07/24 15:41:46.224, 21.33 W
2026/07/24 15:41:47.224, 21.28 W
2026/07/24 15:41:48.224, 21.28 W
2026/07/24 15:41:49.224, 21.28 W
2026/07/24 15:41:50.224, 21.23 W
2026/07/24 15:41:51.224, 21.28 W
2026/07/24 15:41:52.225, 21.28 W
2026/07/24 15:41:53.225, 21.23 W
2026/07/24 15:41:54.225, 21.23 W
2026/07/24 15:41:55.225, 21.23 W
2026/07/24 15:41:56.225, 21.23 W
2026/07/24 15:41:57.225, 21.23 W
2026/07/24 15:41:58.225, 21.23 W
2026/07/24 15:41:59.225, 21.23 W
2026/07/24 15:42:00.225, 21.23 W
2026/07/24 15:42:01.225, 21.23 W
2026/07/24 15:42:02.226, 21.23 W
2026/07/24 15:42:03.226, 21.23 W
2026/07/24 15:42:04.226, 21.23 W
2026/07/24 15:42:05.226, 21.23 W
2026/07/24 15:42:06.226, 21.23 W
2026/07/24 15:42:07.226, 21.23 W
2026/07/24 15:42:08.226, 21.23 W
2026/07/24 15:42:09.226, 21.23 W
2026/07/24 15:42:10.227, 21.23 W
2026/07/24 15:42:11.227, 21.23 W
2026/07/24 15:42:12.227, 21.23 W
2026/07/24 15:42:13.227, 21.23 W
2026/07/24 15:42:14.227, 21.23 W
2026/07/24 15:42:15.227, 21.23 W
2026/07/24 15:42:16.227, 21.23 W
2026/07/24 15:42:17.227, 21.23 W
2026/07/24 15:42:18.227, 21.23 W
2026/07/24 15:42:19.227, 21.23 W
2026/07/24 15:42:20.228, 21.23 W
2026/07/24 15:42:21.228, 21.23 W
2026/07/24 15:42:22.228, 21.18 W
2026/07/24 15:42:23.228, 21.18 W
2026/07/24 15:42:24.228, 21.23 W
2026/07/24 15:42:25.228, 21.18 W
2026/07/24 15:42:26.228, 21.13 W
2026/07/24 15:42:27.228, 21.13 W
2026/07/24 15:42:28.228, 21.18 W
2026/07/24 15:42:29.229, 21.18 W
2026/07/24 15:42:30.229, 21.13 W
2026/07/24 15:42:31.229, 21.13 W
2026/07/24 15:42:32.229, 21.13 W
2026/07/24 15:42:33.229, 21.18 W
2026/07/24 15:42:34.229, 21.18 W
2026/07/24 15:42:35.229, 21.13 W
2026/07/24 15:42:36.229, 21.13 W
2026/07/24 15:42:37.229, 21.13 W
2026/07/24 15:42:38.229, 21.13 W
2026/07/24 15:42:39.230, 21.13 W
2026/07/24 15:42:40.230, 21.13 W
2026/07/24 15:42:41.230, 21.13 W
2026/07/24 15:42:42.230, 21.13 W
2026/07/24 15:42:43.230, 21.13 W
2026/07/24 15:42:44.230, 21.13 W
2026/07/24 15:42:45.230, 21.13 W
2026/07/24 15:42:46.230, 21.13 W
2026/07/24 15:42:47.230, 21.13 W
2026/07/24 15:42:48.230, 21.13 W
2026/07/24 15:42:49.231, 21.13 W
2026/07/24 15:42:50.231, 21.13 W
2026/07/24 15:42:51.231, 21.13 W
2026/07/24 15:42:52.231, 21.13 W
2026/07/24 15:42:53.231, 21.13 W
2026/07/24 15:42:54.231, 21.13 W
2026/07/24 15:42:55.231, 21.13 W
2026/07/24 15:42:56.232, 21.13 W
2026/07/24 15:42:57.232, 21.13 W
2026/07/24 15:42:58.232, 21.13 W
2026/07/24 15:42:59.232, 21.13 W
2026/07/24 15:43:00.232, 21.13 W
2026/07/24 15:43:01.232, 21.08 W
2026/07/24 15:43:02.232, 21.08 W
2026/07/24 15:43:03.232, 21.13 W
2026/07/24 15:43:04.232, 21.08 W
2026/07/24 15:43:05.232, 21.08 W
2026/07/24 15:43:06.233, 21.13 W
2026/07/24 15:43:07.233, 21.13 W
2026/07/24 15:43:08.233, 21.13 W
2026/07/24 15:43:09.233, 21.13 W
2026/07/24 15:43:10.233, 21.13 W
2026/07/24 15:43:11.233, 21.08 W
2026/07/24 15:43:12.233, 21.03 W
2026/07/24 15:43:13.233, 21.03 W
2026/07/24 15:43:14.233, 21.08 W
2026/07/24 15:43:15.233, 21.08 W
2026/07/24 15:43:16.234, 21.03 W
2026/07/24 15:43:17.234, 21.03 W
2026/07/24 15:43:18.234, 21.03 W
2026/07/24 15:43:19.234, 21.03 W
2026/07/24 15:43:20.234, 21.08 W
2026/07/24 15:43:21.234, 21.13 W
2026/07/24 15:43:22.234, 21.13 W
2026/07/24 15:43:23.234, 21.08 W
2026/07/24 15:43:24.235, 21.03 W
2026/07/24 15:43:25.235, 21.03 W
2026/07/24 15:43:26.235, 21.03 W
2026/07/24 15:43:27.235, 21.03 W
2026/07/24 15:43:28.235, 21.03 W
2026/07/24 15:43:29.235, 21.03 W
2026/07/24 15:43:30.235, 21.03 W
2026/07/24 15:43:31.235, 21.03 W
2026/07/24 15:43:32.235, 21.03 W
2026/07/24 15:43:33.235, 21.03 W
2026/07/24 15:43:34.235, 21.03 W
2026/07/24 15:43:35.236, 21.03 W
2026/07/24 15:43:36.236, 21.03 W
2026/07/24 15:43:37.236, 21.03 W
2026/07/24 15:43:38.236, 21.03 W
2026/07/24 15:43:39.236, 21.03 W
2026/07/24 15:43:40.236, 21.03 W
2026/07/24 15:43:41.236, 21.03 W
2026/07/24 15:43:42.237, 21.03 W
2026/07/24 15:43:43.237, 21.03 W
2026/07/24 15:43:44.237, 21.03 W
2026/07/24 15:43:45.237, 21.03 W
2026/07/24 15:43:46.237, 21.03 W
2026/07/24 15:43:47.237, 21.03 W
2026/07/24 15:43:48.237, 21.03 W
2026/07/24 15:43:49.237, 21.03 W
2026/07/24 15:43:50.238, 21.03 W
2026/07/24 15:43:51.238, 21.03 W
2026/07/24 15:43:52.238, 21.03 W
2026/07/24 15:43:53.238, 21.03 W
2026/07/24 15:43:54.238, 21.03 W
2026/07/24 15:43:55.238, 21.03 W
2026/07/24 15:43:56.238, 21.03 W
2026/07/24 15:43:57.238, 21.03 W
2026/07/24 15:43:58.238, 21.03 W
2026/07/24 15:43:59.238, 21.03 W
2026/07/24 15:44:00.239, 21.03 W
2026/07/24 15:44:01.239, 21.03 W
2026/07/24 15:44:02.239, 21.03 W
2026/07/24 15:44:03.239, 21.03 W
2026/07/24 15:44:04.239, 21.03 W
2026/07/24 15:44:05.239, 21.03 W
2026/07/24 15:44:06.239, 21.03 W
2026/07/24 15:44:07.239, 21.03 W
2026/07/24 15:44:08.239, 21.03 W
2026/07/24 15:44:09.239, 21.03 W
2026/07/24 15:44:10.240, 21.03 W
2026/07/24 15:44:11.240, 21.03 W
2026/07/24 15:44:12.240, 21.03 W
2026/07/24 15:44:13.240, 21.03 W
2026/07/24 15:44:14.240, 21.03 W
2026/07/24 15:44:15.240, 21.03 W
2026/07/24 15:44:16.240, 21.03 W
2026/07/24 15:44:17.240, 21.03 W
2026/07/24 15:44:18.240, 21.03 W
2026/07/24 15:44:19.241, 21.03 W
2026/07/24 15:44:20.241, 20.99 W
2026/07/24 15:44:21.241, 20.94 W
2026/07/24 15:44:22.241, 20.99 W
2026/07/24 15:44:23.241, 21.03 W
2026/07/24 15:44:24.241, 21.03 W
2026/07/24 15:44:25.241, 21.03 W
2026/07/24 15:44:26.241, 21.03 W
2026/07/24 15:44:27.241, 21.03 W
2026/07/24 15:44:28.242, 21.03 W
2026/07/24 15:44:29.242, 21.03 W
2026/07/24 15:44:30.242, 21.03 W
2026/07/24 15:44:31.242, 21.03 W
2026/07/24 15:44:32.242, 20.99 W
2026/07/24 15:44:33.242, 20.94 W
2026/07/24 15:44:34.242, 20.94 W
2026/07/24 15:44:35.242, 20.94 W
2026/07/24 15:44:36.242, 20.94 W
2026/07/24 15:44:37.243, 20.94 W
2026/07/24 15:44:38.243, 20.94 W
2026/07/24 15:44:39.243, 20.99 W
2026/07/24 15:44:40.243, 21.03 W
2026/07/24 15:44:41.243, 20.99 W
2026/07/24 15:44:42.243, 20.94 W
2026/07/24 15:44:43.243, 20.94 W
2026/07/24 15:44:44.243, 20.94 W
2026/07/24 15:44:45.243, 20.94 W
2026/07/24 15:44:46.244, 20.94 W
2026/07/24 15:44:47.244, 20.94 W
2026/07/24 15:44:48.244, 20.94 W
2026/07/24 15:44:49.244, 20.94 W
2026/07/24 15:44:50.244, 20.94 W
2026/07/24 15:44:51.244, 20.94 W
2026/07/24 15:44:52.244, 20.94 W
2026/07/24 15:44:53.244, 20.99 W
2026/07/24 15:44:54.244, 21.03 W
2026/07/24 15:44:55.244, 20.99 W
2026/07/24 15:44:56.244, 20.94 W
2026/07/24 15:44:57.245, 20.94 W
2026/07/24 15:44:58.245, 20.94 W
2026/07/24 15:44:59.245, 20.94 W
2026/07/24 15:45:00.245, 20.94 W
2026/07/24 15:45:01.245, 20.94 W
2026/07/24 15:45:02.245, 20.94 W
2026/07/24 15:45:03.245, 20.94 W
2026/07/24 15:45:04.245, 20.94 W
2026/07/24 15:45:05.245, 20.94 W
2026/07/24 15:45:06.246, 20.94 W
2026/07/24 15:45:07.246, 20.94 W
2026/07/24 15:45:08.246, 20.94 W
2026/07/24 15:45:09.246, 20.94 W
2026/07/24 15:45:10.246, 20.94 W
2026/07/24 15:45:11.246, 20.94 W
2026/07/24 15:45:12.246, 20.94 W
2026/07/24 15:45:13.246, 20.94 W
2026/07/24 15:45:14.246, 20.94 W
2026/07/24 15:45:15.246, 20.94 W
2026/07/24 15:45:16.247, 20.94 W
2026/07/24 15:45:17.247, 20.94 W
2026/07/24 15:45:18.247, 20.94 W
2026/07/24 15:45:19.247, 20.94 W
2026/07/24 15:45:20.247, 20.94 W
2026/07/24 15:45:21.247, 20.94 W
2026/07/24 15:45:22.247, 20.94 W
2026/07/24 15:45:23.247, 20.94 W
2026/07/24 15:45:24.247, 20.94 W
2026/07/24 15:45:25.247, 20.94 W
2026/07/24 15:45:26.248, 20.94 W
2026/07/24 15:45:27.248, 20.94 W
2026/07/24 15:45:28.248, 20.94 W
2026/07/24 15:45:29.248, 20.94 W
2026/07/24 15:45:30.248, 20.94 W
2026/07/24 15:45:31.248, 20.94 W
2026/07/24 15:45:32.248, 20.94 W
2026/07/24 15:45:33.248, 20.94 W
2026/07/24 15:45:34.248, 20.94 W
2026/07/24 15:45:35.248, 20.94 W
2026/07/24 15:45:36.248, 20.94 W
2026/07/24 15:45:37.249, 20.94 W
2026/07/24 15:45:38.249, 20.94 W
2026/07/24 15:45:39.249, 20.94 W
2026/07/24 15:45:40.249, 20.94 W
2026/07/24 15:45:41.249, 20.94 W
2026/07/24 15:45:42.249, 20.94 W
2026/07/24 15:45:43.249, 20.94 W
2026/07/24 15:45:44.249, 20.94 W
2026/07/24 15:45:45.249, 20.94 W
2026/07/24 15:45:46.249, 20.94 W
2026/07/24 15:45:47.250, 21.69 W
2026/07/24 15:45:48.250, 22.86 W
2026/07/24 15:45:49.250, 21.61 W
2026/07/24 15:45:50.250, 15.40 W
2026/07/24 15:45:51.250, 15.45 W
2026/07/24 15:45:52.250, 15.50 W
2026/07/24 15:45:53.251, 15.46 W
2026/07/24 15:45:54.251, 15.41 W
2026/07/24 15:45:55.251, 15.40 W
2026/07/24 15:45:56.251, 12.27 W
2026/07/24 15:45:57.251, 9.05 W
2026/07/24 15:45:58.251, 8.95 W
2026/07/24 15:45:59.252, 8.95 W
2026/07/24 15:46:00.252, 8.95 W
2026/07/24 15:46:01.252, 8.95 W
2026/07/24 15:46:02.252, 8.95 W
2026/07/24 15:46:03.252, 8.95 W
2026/07/24 15:46:04.252, 8.90 W
2026/07/24 15:46:05.252, 8.90 W
2026/07/24 15:46:06.252, 8.90 W
2026/07/24 15:46:07.253, 8.86 W
2026/07/24 15:46:08.253, 8.86 W
2026/07/24 15:46:09.253, 8.86 W
2026/07/24 15:46:10.253, 8.86 W
2026/07/24 15:46:11.253, 8.86 W
2026/07/24 15:46:12.253, 8.86 W
2026/07/24 15:46:13.253, 8.86 W
2026/07/24 15:46:14.253, 8.86 W
2026/07/24 15:46:15.253, 8.86 W
2026/07/24 15:46:16.253, 8.86 W
2026/07/24 15:46:17.254, 8.85 W
2026/07/24 15:46:18.254, 8.85 W
2026/07/24 15:46:19.254, 8.86 W
2026/07/24 15:46:20.254, 8.86 W
2026/07/24 15:46:21.254, 8.86 W
2026/07/24 15:46:22.254, 8.85 W
2026/07/24 15:46:23.254, 8.85 W
2026/07/24 15:46:24.254, 8.86 W
2026/07/24 15:46:25.254, 8.81 W
2026/07/24 15:46:26.255, 8.81 W
2026/07/24 15:46:27.255, 8.86 W
2026/07/24 15:46:28.255, 8.86 W
2026/07/24 15:46:29.255, 8.81 W
2026/07/24 15:46:30.255, 8.76 W
2026/07/24 15:46:31.255, 8.76 W
2026/07/24 15:46:32.255, 8.76 W
