timestamp, power.draw [W]
2026/07/17 17:37:32.444, 20.65 W
2026/07/17 17:37:33.447, 20.65 W
2026/07/17 17:37:34.447, 20.69 W
2026/07/17 17:37:35.447, 20.74 W
2026/07/17 17:37:36.447, 20.74 W
2026/07/17 17:37:37.447, 20.74 W
2026/07/17 17:37:38.447, 20.74 W
2026/07/17 17:37:39.447, 20.74 W
2026/07/17 17:37:40.448, 20.74 W
2026/07/17 17:37:41.448, 20.74 W
2026/07/17 17:37:42.448, 20.74 W
2026/07/17 17:37:43.448, 20.74 W
2026/07/17 17:37:44.448, 20.74 W
2026/07/17 17:37:45.448, 20.74 W
2026/07/17 17:37:46.448, 20.74 W
2026/07/17 17:37:47.448, 20.74 W
2026/07/17 17:37:48.448, 20.74 W
2026/07/17 17:37:49.449, 20.74 W
2026/07/17 17:37:50.449, 20.74 W
2026/07/17 17:37:51.449, 20.74 W
2026/07/17 17:37:52.449, 20.74 W
2026/07/17 17:37:53.449, 20.74 W
2026/07/17 17:37:54.449, 20.74 W
2026/07/17 17:37:55.449, 20.69 W
2026/07/17 17:37:56.449, 20.69 W
2026/07/17 17:37:57.450, 20.69 W
2026/07/17 17:37:58.450, 20.69 W
2026/07/17 17:37:59.450, 20.69 W
2026/07/17 17:38:00.450, 20.69 W
2026/07/17 17:38:01.450, 20.74 W
2026/07/17 17:38:02.450, 20.74 W
2026/07/17 17:38:03.450, 20.74 W
2026/07/17 17:38:04.451, 20.74 W
2026/07/17 17:38:05.451, 20.74 W
2026/07/17 17:38:06.451, 20.74 W
2026/07/17 17:38:07.451, 20.74 W
2026/07/17 17:38:08.451, 20.74 W
2026/07/17 17:38:09.451, 22.43 W
2026/07/17 17:38:10.452, 22.14 W
2026/07/17 17:38:11.452, 22.17 W
2026/07/17 17:38:12.452, 21.96 W
2026/07/17 17:38:13.452, 54.56 W
2026/07/17 17:38:14.452, 60.17 W
2026/07/17 17:38:15.452, 60.30 W
2026/07/17 17:38:16.453, 59.87 W
2026/07/17 17:38:17.453, 60.33 W
2026/07/17 17:38:18.453, 60.32 W
2026/07/17 17:38:19.453, 59.89 W
2026/07/17 17:38:20.453, 59.79 W
2026/07/17 17:38:21.453, 60.01 W
2026/07/17 17:38:22.453, 59.91 W
2026/07/17 17:38:23.454, 59.91 W
2026/07/17 17:38:24.454, 60.20 W
2026/07/17 17:38:25.454, 59.95 W
2026/07/17 17:38:26.454, 59.68 W
2026/07/17 17:38:27.454, 59.72 W
2026/07/17 17:38:28.454, 60.12 W
2026/07/17 17:38:29.454, 60.20 W
2026/07/17 17:38:30.455, 59.69 W
2026/07/17 17:38:31.455, 60.52 W
2026/07/17 17:38:32.455, 60.20 W
2026/07/17 17:38:33.455, 60.08 W
2026/07/17 17:38:34.455, 60.38 W
2026/07/17 17:38:35.456, 59.88 W
2026/07/17 17:38:36.456, 60.10 W
2026/07/17 17:38:37.456, 60.38 W
2026/07/17 17:38:38.456, 60.68 W
2026/07/17 17:38:39.456, 60.02 W
2026/07/17 17:38:40.456, 60.11 W
2026/07/17 17:38:41.456, 60.41 W
2026/07/17 17:38:42.457, 60.00 W
2026/07/17 17:38:43.457, 59.91 W
2026/07/17 17:38:44.457, 60.12 W
2026/07/17 17:38:45.457, 60.01 W
2026/07/17 17:38:46.457, 60.11 W
2026/07/17 17:38:47.457, 59.78 W
2026/07/17 17:38:48.458, 60.37 W
2026/07/17 17:38:49.458, 59.85 W
2026/07/17 17:38:50.458, 60.33 W
2026/07/17 17:38:51.458, 59.83 W
2026/07/17 17:38:52.458, 60.74 W
2026/07/17 17:38:53.458, 59.52 W
2026/07/17 17:38:54.458, 60.39 W
2026/07/17 17:38:55.459, 60.02 W
2026/07/17 17:38:56.459, 60.37 W
2026/07/17 17:38:57.459, 60.70 W
2026/07/17 17:38:58.459, 59.55 W
2026/07/17 17:38:59.459, 59.96 W
2026/07/17 17:39:00.459, 60.26 W
2026/07/17 17:39:01.460, 60.38 W
2026/07/17 17:39:02.460, 60.78 W
2026/07/17 17:39:03.460, 60.92 W
2026/07/17 17:39:04.460, 59.90 W
2026/07/17 17:39:05.460, 59.72 W
2026/07/17 17:39:06.460, 59.80 W
2026/07/17 17:39:07.460, 59.85 W
2026/07/17 17:39:08.460, 59.94 W
2026/07/17 17:39:09.461, 59.90 W
2026/07/17 17:39:10.461, 60.09 W
2026/07/17 17:39:11.461, 60.35 W
2026/07/17 17:39:12.461, 60.63 W
2026/07/17 17:39:13.461, 60.64 W
2026/07/17 17:39:14.461, 60.55 W
2026/07/17 17:39:15.461, 59.88 W
2026/07/17 17:39:16.462, 60.44 W
2026/07/17 17:39:17.462, 60.54 W
2026/07/17 17:39:18.462, 60.44 W
2026/07/17 17:39:19.462, 59.90 W
2026/07/17 17:39:20.462, 60.01 W
2026/07/17 17:39:21.462, 60.40 W
2026/07/17 17:39:22.462, 60.60 W
2026/07/17 17:39:23.463, 60.32 W
2026/07/17 17:39:24.463, 60.12 W
2026/07/17 17:39:25.463, 60.30 W
2026/07/17 17:39:26.463, 60.44 W
2026/07/17 17:39:27.463, 60.17 W
2026/07/17 17:39:28.463, 59.99 W
2026/07/17 17:39:29.463, 59.78 W
2026/07/17 17:39:30.463, 60.44 W
2026/07/17 17:39:31.463, 60.35 W
2026/07/17 17:39:32.464, 59.99 W
2026/07/17 17:39:33.464, 59.97 W
2026/07/17 17:39:34.464, 60.21 W
2026/07/17 17:39:35.464, 60.60 W
2026/07/17 17:39:36.464, 60.06 W
2026/07/17 17:39:37.464, 60.34 W
2026/07/17 17:39:38.464, 59.74 W
2026/07/17 17:39:39.465, 60.79 W
2026/07/17 17:39:40.465, 59.95 W
2026/07/17 17:39:41.465, 60.22 W
2026/07/17 17:39:42.465, 60.14 W
2026/07/17 17:39:43.465, 60.44 W
2026/07/17 17:39:44.465, 60.23 W
2026/07/17 17:39:45.465, 60.35 W
2026/07/17 17:39:46.465, 60.18 W
2026/07/17 17:39:47.465, 60.35 W
2026/07/17 17:39:48.465, 60.15 W
2026/07/17 17:39:49.466, 60.06 W
2026/07/17 17:39:50.466, 60.54 W
2026/07/17 17:39:51.466, 59.92 W
2026/07/17 17:39:52.466, 60.43 W
2026/07/17 17:39:53.466, 59.77 W
2026/07/17 17:39:54.466, 60.37 W
2026/07/17 17:39:55.466, 59.96 W
2026/07/17 17:39:56.467, 60.13 W
2026/07/17 17:39:57.467, 60.48 W
2026/07/17 17:39:58.467, 60.31 W
2026/07/17 17:39:59.467, 60.26 W
2026/07/17 17:40:00.467, 60.18 W
2026/07/17 17:40:01.467, 60.66 W
2026/07/17 17:40:02.467, 60.43 W
2026/07/17 17:40:03.467, 60.07 W
2026/07/17 17:40:04.467, 60.04 W
2026/07/17 17:40:05.468, 60.38 W
2026/07/17 17:40:06.468, 60.42 W
2026/07/17 17:40:07.468, 60.09 W
2026/07/17 17:40:08.468, 60.07 W
2026/07/17 17:40:09.468, 60.33 W
2026/07/17 17:40:10.468, 60.30 W
2026/07/17 17:40:11.468, 60.43 W
2026/07/17 17:40:12.468, 60.23 W
2026/07/17 17:40:13.469, 60.26 W
2026/07/17 17:40:14.469, 60.14 W
2026/07/17 17:40:15.469, 60.15 W
2026/07/17 17:40:16.469, 60.05 W
2026/07/17 17:40:17.469, 60.14 W
2026/07/17 17:40:18.469, 60.32 W
2026/07/17 17:40:19.469, 60.57 W
2026/07/17 17:40:20.470, 60.43 W
2026/07/17 17:40:21.470, 60.41 W
2026/07/17 17:40:22.470, 60.42 W
2026/07/17 17:40:23.470, 60.33 W
2026/07/17 17:40:24.470, 59.97 W
2026/07/17 17:40:25.470, 60.01 W
2026/07/17 17:40:26.470, 60.56 W
2026/07/17 17:40:27.471, 60.35 W
2026/07/17 17:40:28.471, 60.23 W
2026/07/17 17:40:29.471, 60.40 W
2026/07/17 17:40:30.471, 60.46 W
2026/07/17 17:40:31.471, 60.48 W
2026/07/17 17:40:32.471, 60.33 W
2026/07/17 17:40:33.471, 60.43 W
2026/07/17 17:40:34.471, 60.42 W
2026/07/17 17:40:35.472, 59.80 W
2026/07/17 17:40:36.472, 60.05 W
2026/07/17 17:40:37.472, 60.38 W
2026/07/17 17:40:38.472, 60.22 W
2026/07/17 17:40:39.472, 59.85 W
2026/07/17 17:40:40.472, 60.21 W
2026/07/17 17:40:41.472, 60.10 W
2026/07/17 17:40:42.472, 59.97 W
2026/07/17 17:40:43.473, 60.28 W
2026/07/17 17:40:44.473, 60.35 W
2026/07/17 17:40:45.473, 59.95 W
2026/07/17 17:40:46.473, 60.13 W
2026/07/17 17:40:47.473, 60.54 W
2026/07/17 17:40:48.473, 60.37 W
2026/07/17 17:40:49.473, 59.93 W
2026/07/17 17:40:50.473, 60.31 W
2026/07/17 17:40:51.473, 60.48 W
2026/07/17 17:40:52.474, 59.80 W
2026/07/17 17:40:53.474, 60.14 W
2026/07/17 17:40:54.474, 60.25 W
2026/07/17 17:40:55.474, 60.55 W
2026/07/17 17:40:56.474, 60.19 W
2026/07/17 17:40:57.474, 60.16 W
2026/07/17 17:40:58.474, 59.89 W
2026/07/17 17:40:59.474, 60.53 W
2026/07/17 17:41:00.475, 60.37 W
2026/07/17 17:41:01.475, 60.28 W
2026/07/17 17:41:02.475, 60.22 W
2026/07/17 17:41:03.475, 60.42 W
2026/07/17 17:41:04.475, 60.21 W
2026/07/17 17:41:05.476, 59.98 W
2026/07/17 17:41:06.476, 60.57 W
2026/07/17 17:41:07.476, 60.23 W
2026/07/17 17:41:08.476, 60.09 W
2026/07/17 17:41:09.476, 59.87 W
2026/07/17 17:41:10.476, 60.27 W
2026/07/17 17:41:11.476, 60.23 W
2026/07/17 17:41:12.477, 59.90 W
2026/07/17 17:41:13.477, 59.65 W
2026/07/17 17:41:14.477, 60.16 W
2026/07/17 17:41:15.477, 60.22 W
2026/07/17 17:41:16.477, 60.01 W
2026/07/17 17:41:17.477, 60.16 W
2026/07/17 17:41:18.478, 60.31 W
2026/07/17 17:41:19.478, 60.28 W
2026/07/17 17:41:20.478, 60.27 W
2026/07/17 17:41:21.478, 60.29 W
2026/07/17 17:41:22.478, 60.15 W
2026/07/17 17:41:23.478, 60.20 W
2026/07/17 17:41:24.479, 60.28 W
2026/07/17 17:41:25.479, 60.03 W
2026/07/17 17:41:26.479, 59.86 W
2026/07/17 17:41:27.479, 59.89 W
2026/07/17 17:41:28.479, 60.30 W
2026/07/17 17:41:29.479, 60.23 W
2026/07/17 17:41:30.479, 60.17 W
2026/07/17 17:41:31.480, 60.06 W
2026/07/17 17:41:32.480, 60.18 W
2026/07/17 17:41:33.480, 60.04 W
2026/07/17 17:41:34.480, 59.97 W
2026/07/17 17:41:35.480, 60.01 W
2026/07/17 17:41:36.480, 60.32 W
2026/07/17 17:41:37.480, 59.82 W
2026/07/17 17:41:38.480, 60.24 W
2026/07/17 17:41:39.481, 60.08 W
2026/07/17 17:41:40.481, 60.10 W
2026/07/17 17:41:41.481, 60.29 W
2026/07/17 17:41:42.481, 60.21 W
2026/07/17 17:41:43.481, 60.10 W
2026/07/17 17:41:44.481, 60.32 W
2026/07/17 17:41:45.481, 60.26 W
2026/07/17 17:41:46.481, 60.16 W
2026/07/17 17:41:47.481, 60.11 W
2026/07/17 17:41:48.482, 60.24 W
2026/07/17 17:41:49.482, 59.87 W
2026/07/17 17:41:50.482, 60.35 W
2026/07/17 17:41:51.482, 60.38 W
2026/07/17 17:41:52.482, 60.23 W
2026/07/17 17:41:53.482, 60.25 W
2026/07/17 17:41:54.482, 60.09 W
2026/07/17 17:41:55.482, 60.04 W
2026/07/17 17:41:56.483, 59.97 W
2026/07/17 17:41:57.483, 60.32 W
2026/07/17 17:41:58.483, 60.09 W
2026/07/17 17:41:59.483, 59.98 W
2026/07/17 17:42:00.483, 59.99 W
2026/07/17 17:42:01.483, 60.30 W
2026/07/17 17:42:02.483, 60.10 W
2026/07/17 17:42:03.483, 60.04 W
2026/07/17 17:42:04.484, 60.17 W
2026/07/17 17:42:05.484, 60.18 W
2026/07/17 17:42:06.484, 60.15 W
2026/07/17 17:42:07.484, 60.11 W
2026/07/17 17:42:08.484, 60.15 W
2026/07/17 17:42:09.484, 60.13 W
2026/07/17 17:42:10.484, 60.09 W
2026/07/17 17:42:11.485, 59.97 W
2026/07/17 17:42:12.485, 60.12 W
2026/07/17 17:42:13.485, 60.10 W
2026/07/17 17:42:14.485, 60.28 W
2026/07/17 17:42:15.485, 60.23 W
2026/07/17 17:42:16.485, 60.09 W
2026/07/17 17:42:17.485, 59.94 W
2026/07/17 17:42:18.485, 60.02 W
2026/07/17 17:42:19.486, 59.94 W
2026/07/17 17:42:20.486, 60.08 W
2026/07/17 17:42:21.486, 60.09 W
2026/07/17 17:42:22.486, 60.08 W
2026/07/17 17:42:23.486, 59.99 W
2026/07/17 17:42:24.486, 60.15 W
2026/07/17 17:42:25.486, 60.10 W
2026/07/17 17:42:26.486, 60.16 W
2026/07/17 17:42:27.487, 60.16 W
2026/07/17 17:42:28.487, 60.15 W
2026/07/17 17:42:29.487, 60.14 W
2026/07/17 17:42:30.487, 60.11 W
2026/07/17 17:42:31.487, 60.07 W
2026/07/17 17:42:32.487, 60.22 W
2026/07/17 17:42:33.487, 60.02 W
2026/07/17 17:42:34.487, 60.09 W
2026/07/17 17:42:35.487, 60.07 W
2026/07/17 17:42:36.488, 60.43 W
2026/07/17 17:42:37.488, 60.24 W
2026/07/17 17:42:38.488, 60.07 W
2026/07/17 17:42:39.488, 60.20 W
2026/07/17 17:42:40.488, 60.12 W
2026/07/17 17:42:41.488, 60.48 W
2026/07/17 17:42:42.488, 60.23 W
2026/07/17 17:42:43.488, 60.11 W
2026/07/17 17:42:44.489, 60.49 W
2026/07/17 17:42:45.489, 60.13 W
2026/07/17 17:42:46.489, 60.27 W
2026/07/17 17:42:47.489, 60.48 W
2026/07/17 17:42:48.489, 60.24 W
2026/07/17 17:42:49.489, 60.46 W
2026/07/17 17:42:50.489, 60.32 W
2026/07/17 17:42:51.489, 60.13 W
2026/07/17 17:42:52.489, 60.41 W
2026/07/17 17:42:53.489, 60.06 W
2026/07/17 17:42:54.490, 60.17 W
2026/07/17 17:42:55.490, 60.28 W
2026/07/17 17:42:56.490, 60.20 W
2026/07/17 17:42:57.490, 60.17 W
2026/07/17 17:42:58.490, 59.94 W
2026/07/17 17:42:59.490, 60.26 W
2026/07/17 17:43:00.490, 60.31 W
2026/07/17 17:43:01.490, 60.19 W
2026/07/17 17:43:02.490, 60.34 W
2026/07/17 17:43:03.491, 59.84 W
2026/07/17 17:43:04.491, 60.04 W
2026/07/17 17:43:05.491, 60.18 W
2026/07/17 17:43:06.491, 60.21 W
2026/07/17 17:43:07.491, 60.23 W
2026/07/17 17:43:08.491, 60.18 W
2026/07/17 17:43:09.491, 60.23 W
2026/07/17 17:43:10.491, 60.08 W
2026/07/17 17:43:11.491, 60.45 W
2026/07/17 17:43:12.491, 60.06 W
2026/07/17 17:43:13.492, 60.13 W
2026/07/17 17:43:14.492, 60.36 W
2026/07/17 17:43:15.492, 60.08 W
2026/07/17 17:43:16.492, 60.04 W
2026/07/17 17:43:17.492, 60.25 W
2026/07/17 17:43:18.492, 60.24 W
2026/07/17 17:43:19.492, 60.13 W
2026/07/17 17:43:20.492, 60.23 W
2026/07/17 17:43:21.493, 60.23 W
2026/07/17 17:43:22.493, 60.33 W
2026/07/17 17:43:23.493, 60.08 W
2026/07/17 17:43:24.493, 60.09 W
2026/07/17 17:43:25.493, 60.20 W
2026/07/17 17:43:26.493, 60.19 W
2026/07/17 17:43:27.493, 59.79 W
2026/07/17 17:43:28.493, 60.14 W
2026/07/17 17:43:29.494, 60.35 W
2026/07/17 17:43:30.494, 60.13 W
2026/07/17 17:43:31.494, 60.16 W
2026/07/17 17:43:32.494, 60.20 W
2026/07/17 17:43:33.494, 60.24 W
2026/07/17 17:43:34.494, 60.41 W
2026/07/17 17:43:35.494, 60.06 W
2026/07/17 17:43:36.494, 60.20 W
2026/07/17 17:43:37.494, 60.37 W
2026/07/17 17:43:38.494, 60.22 W
2026/07/17 17:43:39.494, 60.26 W
2026/07/17 17:43:40.495, 60.12 W
2026/07/17 17:43:41.495, 60.30 W
2026/07/17 17:43:42.495, 60.15 W
2026/07/17 17:43:43.495, 60.06 W
2026/07/17 17:43:44.495, 60.10 W
2026/07/17 17:43:45.495, 60.48 W
2026/07/17 17:43:46.495, 60.01 W
2026/07/17 17:43:47.495, 60.09 W
2026/07/17 17:43:48.495, 60.00 W
2026/07/17 17:43:49.495, 60.31 W
2026/07/17 17:43:50.495, 60.22 W
2026/07/17 17:43:51.495, 60.25 W
2026/07/17 17:43:52.496, 60.10 W
2026/07/17 17:43:53.496, 59.80 W
2026/07/17 17:43:54.496, 60.03 W
2026/07/17 17:43:55.496, 60.28 W
2026/07/17 17:43:56.496, 60.29 W
2026/07/17 17:43:57.496, 59.98 W
2026/07/17 17:43:58.496, 60.17 W
2026/07/17 17:43:59.496, 60.03 W
2026/07/17 17:44:00.496, 60.21 W
2026/07/17 17:44:01.496, 60.25 W
2026/07/17 17:44:02.497, 60.12 W
2026/07/17 17:44:03.497, 60.09 W
2026/07/17 17:44:04.497, 60.44 W
2026/07/17 17:44:05.497, 60.36 W
2026/07/17 17:44:06.497, 60.27 W
2026/07/17 17:44:07.497, 60.16 W
2026/07/17 17:44:08.497, 60.11 W
2026/07/17 17:44:09.497, 60.22 W
2026/07/17 17:44:10.498, 60.23 W
2026/07/17 17:44:11.498, 60.30 W
2026/07/17 17:44:12.498, 60.32 W
2026/07/17 17:44:13.498, 60.11 W
2026/07/17 17:44:14.498, 59.95 W
2026/07/17 17:44:15.498, 60.15 W
2026/07/17 17:44:16.498, 60.11 W
2026/07/17 17:44:17.499, 60.35 W
2026/07/17 17:44:18.499, 50.23 W
2026/07/17 17:44:19.499, 60.62 W
2026/07/17 17:44:20.499, 60.87 W
2026/07/17 17:44:21.499, 60.19 W
2026/07/17 17:44:22.499, 59.33 W
2026/07/17 17:44:23.499, 60.36 W
2026/07/17 17:44:24.499, 60.10 W
2026/07/17 17:44:25.500, 59.77 W
2026/07/17 17:44:26.500, 60.44 W
2026/07/17 17:44:27.500, 59.55 W
2026/07/17 17:44:28.500, 60.49 W
2026/07/17 17:44:29.500, 60.38 W
2026/07/17 17:44:30.500, 60.15 W
2026/07/17 17:44:31.500, 60.17 W
2026/07/17 17:44:32.500, 60.03 W
2026/07/17 17:44:33.500, 59.85 W
2026/07/17 17:44:34.501, 60.09 W
2026/07/17 17:44:35.501, 59.60 W
2026/07/17 17:44:36.501, 60.15 W
2026/07/17 17:44:37.501, 60.19 W
2026/07/17 17:44:38.501, 59.92 W
2026/07/17 17:44:39.501, 60.17 W
2026/07/17 17:44:40.501, 60.19 W
2026/07/17 17:44:41.501, 60.60 W
2026/07/17 17:44:42.502, 60.93 W
2026/07/17 17:44:43.502, 60.00 W
2026/07/17 17:44:44.502, 59.89 W
2026/07/17 17:44:45.502, 59.85 W
2026/07/17 17:44:46.502, 60.05 W
2026/07/17 17:44:47.502, 60.20 W
2026/07/17 17:44:48.502, 60.69 W
2026/07/17 17:44:49.503, 60.80 W
2026/07/17 17:44:50.503, 60.08 W
2026/07/17 17:44:51.503, 59.97 W
2026/07/17 17:44:52.503, 59.92 W
2026/07/17 17:44:53.503, 59.83 W
2026/07/17 17:44:54.503, 60.31 W
2026/07/17 17:44:55.503, 60.53 W
2026/07/17 17:44:56.503, 60.52 W
2026/07/17 17:44:57.504, 60.34 W
2026/07/17 17:44:58.504, 60.13 W
2026/07/17 17:44:59.504, 59.97 W
2026/07/17 17:45:00.504, 59.94 W
2026/07/17 17:45:01.504, 60.19 W
2026/07/17 17:45:02.504, 60.69 W
2026/07/17 17:45:03.504, 60.38 W
2026/07/17 17:45:04.504, 60.16 W
2026/07/17 17:45:05.504, 59.93 W
2026/07/17 17:45:06.505, 60.04 W
2026/07/17 17:45:07.505, 59.78 W
2026/07/17 17:45:08.505, 60.07 W
2026/07/17 17:45:09.505, 59.53 W
2026/07/17 17:45:10.505, 60.67 W
2026/07/17 17:45:11.505, 60.54 W
2026/07/17 17:45:12.505, 60.69 W
2026/07/17 17:45:13.505, 60.01 W
2026/07/17 17:45:14.505, 60.00 W
2026/07/17 17:45:15.506, 59.71 W
2026/07/17 17:45:16.506, 59.98 W
2026/07/17 17:45:17.506, 60.11 W
2026/07/17 17:45:18.506, 59.71 W
2026/07/17 17:45:19.506, 60.46 W
2026/07/17 17:45:20.506, 60.24 W
2026/07/17 17:45:21.506, 60.26 W
2026/07/17 17:45:22.506, 60.29 W
2026/07/17 17:45:23.507, 60.33 W
2026/07/17 17:45:24.507, 60.27 W
2026/07/17 17:45:25.507, 59.71 W
2026/07/17 17:45:26.507, 60.53 W
2026/07/17 17:45:27.507, 59.98 W
2026/07/17 17:45:28.507, 60.15 W
2026/07/17 17:45:29.507, 59.74 W
2026/07/17 17:45:30.507, 60.23 W
2026/07/17 17:45:31.508, 60.23 W
2026/07/17 17:45:32.508, 60.00 W
2026/07/17 17:45:33.508, 60.55 W
2026/07/17 17:45:34.508, 59.69 W
2026/07/17 17:45:35.508, 60.42 W
2026/07/17 17:45:36.508, 60.40 W
2026/07/17 17:45:37.508, 60.12 W
2026/07/17 17:45:38.509, 60.22 W
2026/07/17 17:45:39.509, 60.30 W
2026/07/17 17:45:40.509, 60.15 W
2026/07/17 17:45:41.509, 60.30 W
2026/07/17 17:45:42.509, 60.16 W
2026/07/17 17:45:43.509, 60.18 W
2026/07/17 17:45:44.509, 60.27 W
2026/07/17 17:45:45.510, 60.33 W
2026/07/17 17:45:46.510, 60.26 W
2026/07/17 17:45:47.510, 60.31 W
2026/07/17 17:45:48.510, 60.22 W
2026/07/17 17:45:49.510, 60.40 W
2026/07/17 17:45:50.510, 60.12 W
2026/07/17 17:45:51.510, 59.91 W
2026/07/17 17:45:52.510, 60.31 W
2026/07/17 17:45:53.511, 60.13 W
2026/07/17 17:45:54.511, 60.12 W
2026/07/17 17:45:55.511, 60.22 W
2026/07/17 17:45:56.511, 60.20 W
2026/07/17 17:45:57.511, 60.33 W
2026/07/17 17:45:58.511, 60.37 W
2026/07/17 17:45:59.511, 60.24 W
2026/07/17 17:46:00.511, 60.11 W
2026/07/17 17:46:01.511, 59.94 W
2026/07/17 17:46:02.512, 60.24 W
2026/07/17 17:46:03.512, 60.04 W
2026/07/17 17:46:04.512, 60.10 W
2026/07/17 17:46:05.512, 60.08 W
2026/07/17 17:46:06.512, 60.13 W
2026/07/17 17:46:07.512, 60.36 W
2026/07/17 17:46:08.512, 60.33 W
2026/07/17 17:46:09.513, 60.32 W
2026/07/17 17:46:10.513, 60.24 W
2026/07/17 17:46:11.513, 59.93 W
2026/07/17 17:46:12.513, 60.28 W
2026/07/17 17:46:13.513, 59.99 W
2026/07/17 17:46:14.513, 60.11 W
2026/07/17 17:46:15.513, 60.05 W
2026/07/17 17:46:16.513, 60.19 W
2026/07/17 17:46:17.514, 60.35 W
2026/07/17 17:46:18.514, 60.13 W
2026/07/17 17:46:19.514, 60.08 W
2026/07/17 17:46:20.514, 60.44 W
2026/07/17 17:46:21.514, 60.13 W
2026/07/17 17:46:22.514, 59.88 W
2026/07/17 17:46:23.514, 60.60 W
2026/07/17 17:46:24.515, 60.19 W
2026/07/17 17:46:25.515, 60.08 W
2026/07/17 17:46:26.515, 60.17 W
2026/07/17 17:46:27.515, 60.15 W
2026/07/17 17:46:28.515, 60.08 W
2026/07/17 17:46:29.515, 60.13 W
2026/07/17 17:46:30.515, 60.19 W
2026/07/17 17:46:31.516, 59.96 W
2026/07/17 17:46:32.516, 60.02 W
2026/07/17 17:46:33.516, 60.16 W
2026/07/17 17:46:34.516, 60.01 W
2026/07/17 17:46:35.516, 59.97 W
2026/07/17 17:46:36.516, 60.62 W
2026/07/17 17:46:37.516, 60.01 W
2026/07/17 17:46:38.517, 60.39 W
2026/07/17 17:46:39.517, 60.01 W
2026/07/17 17:46:40.517, 59.81 W
2026/07/17 17:46:41.517, 60.55 W
2026/07/17 17:46:42.517, 60.06 W
2026/07/17 17:46:43.517, 60.20 W
2026/07/17 17:46:44.517, 60.29 W
2026/07/17 17:46:45.518, 60.03 W
2026/07/17 17:46:46.518, 60.34 W
2026/07/17 17:46:47.518, 60.08 W
2026/07/17 17:46:48.518, 60.27 W
2026/07/17 17:46:49.518, 60.10 W
2026/07/17 17:46:50.518, 59.99 W
2026/07/17 17:46:51.518, 60.48 W
2026/07/17 17:46:52.518, 60.09 W
2026/07/17 17:46:53.519, 60.42 W
2026/07/17 17:46:54.519, 60.30 W
2026/07/17 17:46:55.519, 60.32 W
2026/07/17 17:46:56.519, 60.25 W
2026/07/17 17:46:57.519, 60.26 W
2026/07/17 17:46:58.519, 60.17 W
2026/07/17 17:46:59.519, 60.05 W
2026/07/17 17:47:00.519, 60.26 W
2026/07/17 17:47:01.519, 60.48 W
2026/07/17 17:47:02.519, 60.21 W
2026/07/17 17:47:03.519, 59.92 W
2026/07/17 17:47:04.520, 60.03 W
2026/07/17 17:47:05.520, 60.06 W
2026/07/17 17:47:06.520, 60.13 W
2026/07/17 17:47:07.520, 60.04 W
2026/07/17 17:47:08.520, 60.11 W
2026/07/17 17:47:09.520, 60.18 W
2026/07/17 17:47:10.520, 59.88 W
2026/07/17 17:47:11.520, 60.19 W
2026/07/17 17:47:12.521, 60.24 W
2026/07/17 17:47:13.521, 59.96 W
2026/07/17 17:47:14.521, 60.07 W
2026/07/17 17:47:15.521, 60.30 W
2026/07/17 17:47:16.521, 59.91 W
2026/07/17 17:47:17.521, 60.44 W
2026/07/17 17:47:18.522, 60.38 W
2026/07/17 17:47:19.522, 60.32 W
2026/07/17 17:47:20.522, 60.24 W
2026/07/17 17:47:21.522, 60.18 W
2026/07/17 17:47:22.522, 60.06 W
2026/07/17 17:47:23.522, 60.12 W
2026/07/17 17:47:24.522, 60.07 W
2026/07/17 17:47:25.523, 60.21 W
2026/07/17 17:47:26.523, 60.11 W
2026/07/17 17:47:27.523, 60.22 W
2026/07/17 17:47:28.523, 59.90 W
2026/07/17 17:47:29.523, 60.07 W
2026/07/17 17:47:30.523, 59.86 W
2026/07/17 17:47:31.523, 60.22 W
2026/07/17 17:47:32.524, 60.06 W
2026/07/17 17:47:33.524, 60.07 W
2026/07/17 17:47:34.524, 60.25 W
2026/07/17 17:47:35.524, 60.51 W
2026/07/17 17:47:36.524, 60.31 W
2026/07/17 17:47:37.524, 60.16 W
2026/07/17 17:47:38.524, 60.04 W
2026/07/17 17:47:39.524, 60.04 W
2026/07/17 17:47:40.525, 60.22 W
2026/07/17 17:47:41.525, 60.05 W
2026/07/17 17:47:42.525, 60.04 W
2026/07/17 17:47:43.525, 60.07 W
2026/07/17 17:47:44.525, 60.02 W
2026/07/17 17:47:45.525, 59.97 W
2026/07/17 17:47:46.525, 59.96 W
2026/07/17 17:47:47.526, 60.07 W
2026/07/17 17:47:48.526, 60.12 W
2026/07/17 17:47:49.526, 59.70 W
2026/07/17 17:47:50.526, 59.91 W
2026/07/17 17:47:51.526, 59.78 W
2026/07/17 17:47:52.526, 60.10 W
2026/07/17 17:47:53.527, 59.92 W
2026/07/17 17:47:54.527, 59.94 W
2026/07/17 17:47:55.527, 59.78 W
2026/07/17 17:47:56.527, 60.08 W
2026/07/17 17:47:57.527, 60.20 W
2026/07/17 17:47:58.527, 60.13 W
2026/07/17 17:47:59.527, 60.11 W
2026/07/17 17:48:00.527, 60.72 W
2026/07/17 17:48:01.528, 59.94 W
2026/07/17 17:48:02.528, 60.27 W
2026/07/17 17:48:03.528, 60.21 W
2026/07/17 17:48:04.528, 60.28 W
2026/07/17 17:48:05.528, 60.66 W
2026/07/17 17:48:06.528, 60.21 W
2026/07/17 17:48:07.528, 60.39 W
2026/07/17 17:48:08.528, 60.22 W
2026/07/17 17:48:09.529, 60.09 W
2026/07/17 17:48:10.529, 60.21 W
2026/07/17 17:48:11.529, 60.88 W
2026/07/17 17:48:12.529, 60.31 W
2026/07/17 17:48:13.529, 60.27 W
2026/07/17 17:48:14.529, 60.01 W
2026/07/17 17:48:15.529, 60.15 W
2026/07/17 17:48:16.529, 60.45 W
2026/07/17 17:48:17.530, 59.98 W
2026/07/17 17:48:18.530, 60.51 W
2026/07/17 17:48:19.530, 60.32 W
2026/07/17 17:48:20.530, 60.13 W
2026/07/17 17:48:21.530, 60.45 W
2026/07/17 17:48:22.530, 60.19 W
2026/07/17 17:48:23.530, 60.25 W
2026/07/17 17:48:24.530, 60.19 W
2026/07/17 17:48:25.531, 60.17 W
2026/07/17 17:48:26.531, 60.33 W
2026/07/17 17:48:27.531, 60.22 W
2026/07/17 17:48:28.531, 60.40 W
2026/07/17 17:48:29.531, 60.11 W
2026/07/17 17:48:30.531, 60.26 W
2026/07/17 17:48:31.531, 60.28 W
2026/07/17 17:48:32.531, 60.01 W
2026/07/17 17:48:33.531, 60.24 W
2026/07/17 17:48:34.532, 60.10 W
2026/07/17 17:48:35.532, 60.20 W
2026/07/17 17:48:36.532, 59.91 W
2026/07/17 17:48:37.532, 59.69 W
2026/07/17 17:48:38.532, 60.26 W
2026/07/17 17:48:39.532, 60.07 W
2026/07/17 17:48:40.532, 59.91 W
2026/07/17 17:48:41.532, 60.19 W
2026/07/17 17:48:42.533, 60.16 W
2026/07/17 17:48:43.533, 60.29 W
2026/07/17 17:48:44.533, 60.14 W
2026/07/17 17:48:45.533, 60.27 W
2026/07/17 17:48:46.533, 60.34 W
2026/07/17 17:48:47.533, 60.05 W
2026/07/17 17:48:48.533, 60.16 W
2026/07/17 17:48:49.534, 60.15 W
2026/07/17 17:48:50.534, 60.17 W
2026/07/17 17:48:51.534, 60.18 W
2026/07/17 17:48:52.534, 60.18 W
2026/07/17 17:48:53.534, 60.25 W
2026/07/17 17:48:54.534, 60.00 W
2026/07/17 17:48:55.534, 60.23 W
2026/07/17 17:48:56.534, 60.24 W
2026/07/17 17:48:57.534, 60.33 W
2026/07/17 17:48:58.535, 60.38 W
2026/07/17 17:48:59.535, 60.24 W
2026/07/17 17:49:00.535, 60.31 W
2026/07/17 17:49:01.535, 60.23 W
2026/07/17 17:49:02.535, 60.12 W
2026/07/17 17:49:03.535, 59.99 W
2026/07/17 17:49:04.535, 60.44 W
2026/07/17 17:49:05.536, 60.37 W
2026/07/17 17:49:06.536, 60.28 W
2026/07/17 17:49:07.536, 60.26 W
2026/07/17 17:49:08.536, 60.13 W
2026/07/17 17:49:09.536, 60.24 W
2026/07/17 17:49:10.536, 51.31 W
2026/07/17 17:49:11.536, 60.10 W
2026/07/17 17:49:12.536, 60.90 W
2026/07/17 17:49:13.537, 60.29 W
2026/07/17 17:49:14.537, 59.70 W
2026/07/17 17:49:15.537, 59.91 W
2026/07/17 17:49:16.537, 60.12 W
2026/07/17 17:49:17.537, 60.31 W
2026/07/17 17:49:18.537, 59.78 W
2026/07/17 17:49:19.538, 60.05 W
2026/07/17 17:49:20.538, 59.96 W
2026/07/17 17:49:21.538, 60.04 W
2026/07/17 17:49:22.538, 59.67 W
2026/07/17 17:49:23.538, 60.45 W
2026/07/17 17:49:24.538, 60.16 W
2026/07/17 17:49:25.538, 60.46 W
2026/07/17 17:49:26.539, 60.45 W
2026/07/17 17:49:27.539, 59.79 W
2026/07/17 17:49:28.539, 60.40 W
2026/07/17 17:49:29.539, 60.30 W
2026/07/17 17:49:30.539, 60.46 W
2026/07/17 17:49:31.539, 60.35 W
2026/07/17 17:49:32.539, 59.87 W
2026/07/17 17:49:33.539, 60.16 W
2026/07/17 17:49:34.540, 59.89 W
2026/07/17 17:49:35.540, 60.46 W
2026/07/17 17:49:36.540, 60.02 W
2026/07/17 17:49:37.540, 60.48 W
2026/07/17 17:49:38.540, 60.35 W
2026/07/17 17:49:39.540, 59.40 W
2026/07/17 17:49:40.540, 59.71 W
2026/07/17 17:49:41.540, 60.09 W
2026/07/17 17:49:42.540, 60.10 W
2026/07/17 17:49:43.541, 60.64 W
2026/07/17 17:49:44.541, 60.75 W
2026/07/17 17:49:45.541, 60.29 W
2026/07/17 17:49:46.541, 59.51 W
2026/07/17 17:49:47.541, 59.82 W
2026/07/17 17:49:48.541, 60.00 W
2026/07/17 17:49:49.541, 60.55 W
2026/07/17 17:49:50.541, 60.61 W
2026/07/17 17:49:51.542, 60.69 W
2026/07/17 17:49:52.542, 59.87 W
2026/07/17 17:49:53.542, 59.90 W
2026/07/17 17:49:54.542, 59.77 W
2026/07/17 17:49:55.542, 59.59 W
2026/07/17 17:49:56.542, 59.72 W
2026/07/17 17:49:57.542, 59.87 W
2026/07/17 17:49:58.542, 60.00 W
2026/07/17 17:49:59.543, 60.06 W
2026/07/17 17:50:00.543, 59.74 W
2026/07/17 17:50:01.543, 59.87 W
2026/07/17 17:50:02.543, 60.27 W
2026/07/17 17:50:03.543, 60.62 W
2026/07/17 17:50:04.543, 60.46 W
2026/07/17 17:50:05.543, 60.05 W
2026/07/17 17:50:06.543, 60.04 W
2026/07/17 17:50:07.544, 59.42 W
2026/07/17 17:50:08.544, 59.85 W
2026/07/17 17:50:09.544, 59.98 W
2026/07/17 17:50:10.544, 59.53 W
2026/07/17 17:50:11.544, 60.54 W
2026/07/17 17:50:12.544, 60.71 W
2026/07/17 17:50:13.544, 60.62 W
2026/07/17 17:50:14.544, 60.73 W
2026/07/17 17:50:15.544, 60.02 W
2026/07/17 17:50:16.545, 59.99 W
2026/07/17 17:50:17.545, 60.65 W
2026/07/17 17:50:18.545, 60.11 W
2026/07/17 17:50:19.545, 60.08 W
2026/07/17 17:50:20.545, 60.90 W
2026/07/17 17:50:21.545, 59.95 W
2026/07/17 17:50:22.545, 60.01 W
2026/07/17 17:50:23.546, 60.28 W
2026/07/17 17:50:24.546, 59.79 W
2026/07/17 17:50:25.546, 60.28 W
2026/07/17 17:50:26.546, 60.05 W
2026/07/17 17:50:27.546, 59.90 W
2026/07/17 17:50:28.546, 60.67 W
2026/07/17 17:50:29.546, 59.95 W
2026/07/17 17:50:30.546, 60.32 W
2026/07/17 17:50:31.547, 60.23 W
2026/07/17 17:50:32.547, 60.16 W
2026/07/17 17:50:33.547, 60.68 W
2026/07/17 17:50:34.547, 59.82 W
2026/07/17 17:50:35.547, 60.42 W
2026/07/17 17:50:36.547, 59.92 W
2026/07/17 17:50:37.547, 60.12 W
2026/07/17 17:50:38.548, 60.20 W
2026/07/17 17:50:39.548, 60.27 W
2026/07/17 17:50:40.548, 60.22 W
2026/07/17 17:50:41.548, 60.31 W
2026/07/17 17:50:42.548, 60.05 W
2026/07/17 17:50:43.548, 60.05 W
2026/07/17 17:50:44.549, 60.28 W
2026/07/17 17:50:45.549, 59.88 W
2026/07/17 17:50:46.549, 60.16 W
2026/07/17 17:50:47.549, 60.08 W
2026/07/17 17:50:48.549, 60.10 W
2026/07/17 17:50:49.549, 60.29 W
2026/07/17 17:50:50.549, 60.22 W
2026/07/17 17:50:51.549, 60.27 W
2026/07/17 17:50:52.550, 60.06 W
2026/07/17 17:50:53.550, 60.23 W
2026/07/17 17:50:54.550, 60.15 W
2026/07/17 17:50:55.550, 59.94 W
2026/07/17 17:50:56.550, 59.90 W
2026/07/17 17:50:57.550, 60.17 W
2026/07/17 17:50:58.550, 60.39 W
2026/07/17 17:50:59.550, 60.40 W
2026/07/17 17:51:00.551, 60.23 W
2026/07/17 17:51:01.551, 60.18 W
2026/07/17 17:51:02.551, 60.06 W
2026/07/17 17:51:03.551, 60.11 W
2026/07/17 17:51:04.551, 60.08 W
2026/07/17 17:51:05.551, 60.15 W
2026/07/17 17:51:06.551, 60.01 W
2026/07/17 17:51:07.551, 60.14 W
2026/07/17 17:51:08.551, 60.22 W
2026/07/17 17:51:09.552, 60.15 W
2026/07/17 17:51:10.552, 60.25 W
2026/07/17 17:51:11.552, 60.11 W
2026/07/17 17:51:12.552, 60.03 W
2026/07/17 17:51:13.552, 60.00 W
2026/07/17 17:51:14.552, 60.09 W
2026/07/17 17:51:15.552, 60.53 W
2026/07/17 17:51:16.552, 60.26 W
2026/07/17 17:51:17.553, 60.14 W
2026/07/17 17:51:18.553, 60.55 W
2026/07/17 17:51:19.553, 59.92 W
2026/07/17 17:51:20.553, 60.31 W
2026/07/17 17:51:21.553, 60.38 W
2026/07/17 17:51:22.553, 60.28 W
2026/07/17 17:51:23.553, 60.29 W
2026/07/17 17:51:24.554, 60.13 W
2026/07/17 17:51:25.554, 59.84 W
2026/07/17 17:51:26.554, 60.10 W
2026/07/17 17:51:27.554, 60.14 W
2026/07/17 17:51:28.554, 59.95 W
2026/07/17 17:51:29.554, 60.31 W
2026/07/17 17:51:30.554, 60.40 W
2026/07/17 17:51:31.554, 60.21 W
2026/07/17 17:51:32.554, 60.41 W
2026/07/17 17:51:33.555, 60.39 W
2026/07/17 17:51:34.555, 59.97 W
2026/07/17 17:51:35.555, 59.91 W
2026/07/17 17:51:36.555, 60.36 W
2026/07/17 17:51:37.555, 60.19 W
2026/07/17 17:51:38.555, 59.94 W
2026/07/17 17:51:39.555, 60.40 W
2026/07/17 17:51:40.556, 60.32 W
2026/07/17 17:51:41.556, 60.27 W
2026/07/17 17:51:42.556, 60.26 W
2026/07/17 17:51:43.556, 60.39 W
2026/07/17 17:51:44.556, 60.22 W
2026/07/17 17:51:45.556, 60.13 W
2026/07/17 17:51:46.556, 60.39 W
2026/07/17 17:51:47.556, 60.20 W
2026/07/17 17:51:48.556, 59.95 W
2026/07/17 17:51:49.556, 60.08 W
2026/07/17 17:51:50.556, 60.51 W
2026/07/17 17:51:51.556, 60.05 W
2026/07/17 17:51:52.557, 59.93 W
2026/07/17 17:51:53.557, 60.09 W
2026/07/17 17:51:54.557, 60.33 W
2026/07/17 17:51:55.557, 60.13 W
2026/07/17 17:51:56.557, 60.11 W
2026/07/17 17:51:57.557, 60.12 W
2026/07/17 17:51:58.557, 60.20 W
2026/07/17 17:51:59.557, 60.28 W
2026/07/17 17:52:00.557, 60.19 W
2026/07/17 17:52:01.557, 60.02 W
2026/07/17 17:52:02.558, 60.22 W
2026/07/17 17:52:03.558, 60.24 W
2026/07/17 17:52:04.558, 60.19 W
2026/07/17 17:52:05.558, 60.26 W
2026/07/17 17:52:06.558, 60.01 W
2026/07/17 17:52:07.558, 60.03 W
2026/07/17 17:52:08.558, 60.16 W
2026/07/17 17:52:09.558, 60.14 W
2026/07/17 17:52:10.559, 60.15 W
2026/07/17 17:52:11.559, 60.40 W
2026/07/17 17:52:12.559, 60.08 W
2026/07/17 17:52:13.559, 60.26 W
2026/07/17 17:52:14.559, 60.13 W
2026/07/17 17:52:15.559, 60.11 W
2026/07/17 17:52:16.559, 60.12 W
2026/07/17 17:52:17.559, 60.38 W
2026/07/17 17:52:18.560, 60.17 W
2026/07/17 17:52:19.560, 60.09 W
2026/07/17 17:52:20.560, 60.06 W
2026/07/17 17:52:21.560, 60.19 W
2026/07/17 17:52:22.560, 60.09 W
2026/07/17 17:52:23.560, 60.29 W
2026/07/17 17:52:24.560, 60.31 W
2026/07/17 17:52:25.560, 60.37 W
2026/07/17 17:52:26.561, 60.11 W
2026/07/17 17:52:27.561, 60.15 W
2026/07/17 17:52:28.561, 60.33 W
2026/07/17 17:52:29.561, 60.26 W
2026/07/17 17:52:30.561, 60.25 W
2026/07/17 17:52:31.561, 59.93 W
2026/07/17 17:52:32.561, 60.29 W
2026/07/17 17:52:33.561, 60.12 W
2026/07/17 17:52:34.562, 59.88 W
2026/07/17 17:52:35.562, 60.01 W
2026/07/17 17:52:36.562, 60.05 W
2026/07/17 17:52:37.562, 60.14 W
2026/07/17 17:52:38.562, 59.97 W
2026/07/17 17:52:39.562, 59.88 W
2026/07/17 17:52:40.562, 59.93 W
2026/07/17 17:52:41.562, 60.03 W
2026/07/17 17:52:42.563, 59.89 W
2026/07/17 17:52:43.563, 60.04 W
2026/07/17 17:52:44.563, 60.53 W
2026/07/17 17:52:45.563, 60.06 W
2026/07/17 17:52:46.563, 60.10 W
2026/07/17 17:52:47.563, 60.16 W
2026/07/17 17:52:48.563, 59.87 W
2026/07/17 17:52:49.564, 59.95 W
2026/07/17 17:52:50.564, 59.97 W
2026/07/17 17:52:51.564, 59.91 W
2026/07/17 17:52:52.564, 59.77 W
2026/07/17 17:52:53.564, 60.02 W
2026/07/17 17:52:54.564, 59.75 W
2026/07/17 17:52:55.564, 60.02 W
2026/07/17 17:52:56.564, 60.08 W
2026/07/17 17:52:57.564, 59.98 W
2026/07/17 17:52:58.565, 59.93 W
2026/07/17 17:52:59.565, 60.13 W
2026/07/17 17:53:00.565, 60.62 W
2026/07/17 17:53:01.565, 60.42 W
2026/07/17 17:53:02.565, 60.20 W
2026/07/17 17:53:03.565, 60.22 W
2026/07/17 17:53:04.566, 60.09 W
2026/07/17 17:53:05.566, 60.21 W
2026/07/17 17:53:06.566, 60.08 W
2026/07/17 17:53:07.566, 60.34 W
2026/07/17 17:53:08.566, 60.66 W
2026/07/17 17:53:09.566, 59.82 W
2026/07/17 17:53:10.567, 60.20 W
2026/07/17 17:53:11.567, 60.17 W
2026/07/17 17:53:12.567, 59.94 W
2026/07/17 17:53:13.567, 59.77 W
2026/07/17 17:53:14.567, 60.73 W
2026/07/17 17:53:15.567, 60.06 W
2026/07/17 17:53:16.568, 60.00 W
2026/07/17 17:53:17.568, 60.06 W
2026/07/17 17:53:18.568, 60.24 W
2026/07/17 17:53:19.568, 60.21 W
2026/07/17 17:53:20.568, 60.37 W
2026/07/17 17:53:21.568, 60.12 W
2026/07/17 17:53:22.568, 60.34 W
2026/07/17 17:53:23.569, 59.92 W
2026/07/17 17:53:24.569, 60.21 W
2026/07/17 17:53:25.569, 60.47 W
2026/07/17 17:53:26.569, 60.01 W
2026/07/17 17:53:27.569, 60.43 W
2026/07/17 17:53:28.569, 60.26 W
2026/07/17 17:53:29.569, 60.45 W
2026/07/17 17:53:30.570, 60.17 W
2026/07/17 17:53:31.570, 60.15 W
2026/07/17 17:53:32.570, 60.29 W
2026/07/17 17:53:33.570, 60.26 W
2026/07/17 17:53:34.570, 59.95 W
2026/07/17 17:53:35.570, 60.27 W
2026/07/17 17:53:36.570, 60.46 W
2026/07/17 17:53:37.570, 60.12 W
2026/07/17 17:53:38.571, 60.24 W
2026/07/17 17:53:39.571, 60.19 W
2026/07/17 17:53:40.571, 60.29 W
2026/07/17 17:53:41.571, 60.02 W
2026/07/17 17:53:42.571, 60.30 W
2026/07/17 17:53:43.571, 59.99 W
2026/07/17 17:53:44.571, 60.21 W
2026/07/17 17:53:45.571, 60.33 W
2026/07/17 17:53:46.572, 60.32 W
2026/07/17 17:53:47.572, 59.99 W
2026/07/17 17:53:48.572, 60.08 W
2026/07/17 17:53:49.572, 60.11 W
2026/07/17 17:53:50.572, 59.85 W
2026/07/17 17:53:51.572, 60.25 W
2026/07/17 17:53:52.572, 59.98 W
2026/07/17 17:53:53.572, 60.22 W
2026/07/17 17:53:54.573, 60.06 W
2026/07/17 17:53:55.573, 60.15 W
2026/07/17 17:53:56.573, 60.43 W
2026/07/17 17:53:57.573, 60.02 W
2026/07/17 17:53:58.573, 60.15 W
2026/07/17 17:53:59.573, 60.07 W
2026/07/17 17:54:00.573, 60.20 W
2026/07/17 17:54:01.573, 60.11 W
2026/07/17 17:54:02.574, 60.20 W
2026/07/17 17:54:03.574, 60.17 W
2026/07/17 17:54:04.574, 60.28 W
2026/07/17 17:54:05.574, 60.13 W
2026/07/17 17:54:06.574, 60.15 W
2026/07/17 17:54:07.574, 60.33 W
2026/07/17 17:54:08.574, 60.12 W
2026/07/17 17:54:09.575, 60.22 W
2026/07/17 17:54:10.575, 60.13 W
2026/07/17 17:54:11.575, 60.21 W
2026/07/17 17:54:12.575, 60.22 W
2026/07/17 17:54:13.575, 60.15 W
2026/07/17 17:54:14.575, 60.23 W
2026/07/17 17:54:15.575, 60.31 W
2026/07/17 17:54:16.575, 60.05 W
2026/07/17 17:54:17.576, 60.15 W
2026/07/17 17:54:18.576, 60.48 W
2026/07/17 17:54:19.576, 60.37 W
2026/07/17 17:54:20.576, 60.29 W
2026/07/17 17:54:21.576, 60.26 W
2026/07/17 17:54:22.576, 60.14 W
2026/07/17 17:54:23.576, 60.13 W
2026/07/17 17:54:24.576, 60.19 W
2026/07/17 17:54:25.576, 60.31 W
2026/07/17 17:54:26.576, 60.28 W
2026/07/17 17:54:27.577, 60.12 W
2026/07/17 17:54:28.577, 60.38 W
2026/07/17 17:54:29.577, 60.26 W
2026/07/17 17:54:30.577, 60.14 W
2026/07/17 17:54:31.577, 59.99 W
2026/07/17 17:54:32.577, 60.11 W
2026/07/17 17:54:33.577, 60.28 W
2026/07/17 17:54:34.577, 60.11 W
2026/07/17 17:54:35.578, 60.24 W
2026/07/17 17:54:36.578, 60.18 W
2026/07/17 17:54:37.578, 60.02 W
2026/07/17 17:54:38.578, 60.01 W
2026/07/17 17:54:39.578, 59.71 W
2026/07/17 17:54:40.578, 60.08 W
2026/07/17 17:54:41.578, 60.17 W
2026/07/17 17:54:42.578, 59.90 W
2026/07/17 17:54:43.579, 60.31 W
2026/07/17 17:54:44.579, 60.08 W
2026/07/17 17:54:45.579, 60.25 W
2026/07/17 17:54:46.579, 60.14 W
2026/07/17 17:54:47.579, 60.41 W
2026/07/17 17:54:48.579, 60.17 W
2026/07/17 17:54:49.579, 60.08 W
2026/07/17 17:54:50.579, 59.94 W
2026/07/17 17:54:51.580, 60.10 W
2026/07/17 17:54:52.580, 60.26 W
2026/07/17 17:54:53.580, 60.02 W
2026/07/17 17:54:54.580, 60.14 W
2026/07/17 17:54:55.580, 60.09 W
2026/07/17 17:54:56.580, 60.12 W
2026/07/17 17:54:57.580, 60.40 W
2026/07/17 17:54:58.580, 60.21 W
2026/07/17 17:54:59.580, 60.14 W
2026/07/17 17:55:00.581, 60.20 W
2026/07/17 17:55:01.581, 60.19 W
2026/07/17 17:55:02.581, 60.04 W
2026/07/17 17:55:03.581, 60.45 W
2026/07/17 17:55:04.581, 60.17 W
2026/07/17 17:55:05.581, 60.29 W
2026/07/17 17:55:06.581, 60.15 W
2026/07/17 17:55:07.581, 59.99 W
2026/07/17 17:55:08.582, 60.23 W
2026/07/17 17:55:09.582, 60.39 W
2026/07/17 17:55:10.582, 60.32 W
2026/07/17 17:55:11.582, 60.16 W
2026/07/17 17:55:12.582, 60.22 W
2026/07/17 17:55:13.582, 60.14 W
2026/07/17 17:55:14.582, 60.18 W
2026/07/17 17:55:15.582, 60.18 W
2026/07/17 17:55:16.583, 60.15 W
2026/07/17 17:55:17.583, 60.11 W
2026/07/17 17:55:18.583, 60.12 W
2026/07/17 17:55:19.583, 60.17 W
2026/07/17 17:55:20.583, 60.01 W
2026/07/17 17:55:21.583, 59.94 W
2026/07/17 17:55:22.583, 60.36 W
2026/07/17 17:55:23.584, 60.38 W
2026/07/17 17:55:24.584, 60.47 W
2026/07/17 17:55:25.584, 60.10 W
2026/07/17 17:55:26.584, 60.29 W
2026/07/17 17:55:27.584, 60.08 W
2026/07/17 17:55:28.584, 60.06 W
2026/07/17 17:55:29.584, 60.10 W
2026/07/17 17:55:30.584, 60.38 W
2026/07/17 17:55:31.584, 59.96 W
2026/07/17 17:55:32.584, 60.19 W
2026/07/17 17:55:33.585, 60.37 W
2026/07/17 17:55:34.585, 60.27 W
2026/07/17 17:55:35.585, 60.47 W
2026/07/17 17:55:36.585, 60.23 W
2026/07/17 17:55:37.585, 60.40 W
2026/07/17 17:55:38.585, 60.11 W
2026/07/17 17:55:39.585, 60.20 W
2026/07/17 17:55:40.585, 60.18 W
2026/07/17 17:55:41.585, 60.11 W
2026/07/17 17:55:42.586, 60.36 W
2026/07/17 17:55:43.586, 60.16 W
2026/07/17 17:55:44.586, 60.24 W
2026/07/17 17:55:45.586, 59.97 W
2026/07/17 17:55:46.586, 60.28 W
2026/07/17 17:55:47.586, 60.14 W
2026/07/17 17:55:48.586, 60.11 W
2026/07/17 17:55:49.586, 60.26 W
2026/07/17 17:55:50.587, 60.18 W
2026/07/17 17:55:51.587, 60.14 W
2026/07/17 17:55:52.587, 60.12 W
2026/07/17 17:55:53.587, 60.27 W
2026/07/17 17:55:54.587, 60.07 W
2026/07/17 17:55:55.587, 60.41 W
2026/07/17 17:55:56.587, 60.10 W
2026/07/17 17:55:57.587, 60.24 W
2026/07/17 17:55:58.588, 60.44 W
2026/07/17 17:55:59.588, 60.15 W
2026/07/17 17:56:00.588, 60.39 W
2026/07/17 17:56:01.588, 60.14 W
2026/07/17 17:56:02.588, 60.41 W
2026/07/17 17:56:03.588, 60.16 W
2026/07/17 17:56:04.588, 60.08 W
2026/07/17 17:56:05.588, 60.02 W
2026/07/17 17:56:06.588, 60.35 W
2026/07/17 17:56:07.589, 59.99 W
2026/07/17 17:56:08.589, 60.23 W
2026/07/17 17:56:09.589, 52.54 W
2026/07/17 17:56:10.589, 60.26 W
2026/07/17 17:56:11.589, 60.15 W
2026/07/17 17:56:12.589, 60.59 W
2026/07/17 17:56:13.589, 60.40 W
2026/07/17 17:56:14.589, 59.85 W
2026/07/17 17:56:15.590, 60.34 W
2026/07/17 17:56:16.590, 60.48 W
2026/07/17 17:56:17.590, 60.63 W
2026/07/17 17:56:18.590, 60.14 W
2026/07/17 17:56:19.590, 60.39 W
2026/07/17 17:56:20.590, 59.94 W
2026/07/17 17:56:21.590, 60.41 W
2026/07/17 17:56:22.590, 60.04 W
2026/07/17 17:56:23.591, 60.05 W
2026/07/17 17:56:24.591, 60.69 W
2026/07/17 17:56:25.591, 60.06 W
2026/07/17 17:56:26.591, 59.96 W
2026/07/17 17:56:27.591, 60.29 W
2026/07/17 17:56:28.591, 60.51 W
2026/07/17 17:56:29.591, 59.92 W
2026/07/17 17:56:30.591, 59.76 W
2026/07/17 17:56:31.591, 60.22 W
2026/07/17 17:56:32.591, 60.26 W
2026/07/17 17:56:33.592, 60.62 W
2026/07/17 17:56:34.592, 60.42 W
2026/07/17 17:56:35.592, 60.70 W
2026/07/17 17:56:36.592, 59.90 W
2026/07/17 17:56:37.592, 60.12 W
2026/07/17 17:56:38.592, 60.13 W
2026/07/17 17:56:39.592, 60.52 W
2026/07/17 17:56:40.593, 60.41 W
2026/07/17 17:56:41.593, 59.53 W
2026/07/17 17:56:42.593, 60.33 W
2026/07/17 17:56:43.593, 60.02 W
2026/07/17 17:56:44.593, 59.54 W
2026/07/17 17:56:45.593, 60.06 W
2026/07/17 17:56:46.593, 60.60 W
2026/07/17 17:56:47.594, 60.59 W
2026/07/17 17:56:48.594, 60.20 W
2026/07/17 17:56:49.594, 59.52 W
2026/07/17 17:56:50.594, 59.61 W
2026/07/17 17:56:51.594, 59.86 W
2026/07/17 17:56:52.594, 59.97 W
2026/07/17 17:56:53.594, 60.45 W
2026/07/17 17:56:54.595, 60.63 W
2026/07/17 17:56:55.595, 59.94 W
2026/07/17 17:56:56.595, 59.73 W
2026/07/17 17:56:57.595, 60.18 W
2026/07/17 17:56:58.595, 60.74 W
2026/07/17 17:56:59.595, 60.69 W
2026/07/17 17:57:00.595, 59.75 W
2026/07/17 17:57:01.595, 59.67 W
2026/07/17 17:57:02.596, 60.10 W
2026/07/17 17:57:03.596, 59.81 W
2026/07/17 17:57:04.596, 59.88 W
2026/07/17 17:57:05.596, 59.99 W
2026/07/17 17:57:06.596, 59.50 W
2026/07/17 17:57:07.596, 60.42 W
2026/07/17 17:57:08.596, 60.79 W
2026/07/17 17:57:09.596, 60.90 W
2026/07/17 17:57:10.597, 60.86 W
2026/07/17 17:57:11.597, 60.50 W
2026/07/17 17:57:12.597, 60.00 W
2026/07/17 17:57:13.597, 59.83 W
2026/07/17 17:57:14.597, 59.67 W
2026/07/17 17:57:15.597, 59.79 W
2026/07/17 17:57:16.597, 60.09 W
2026/07/17 17:57:17.597, 59.96 W
2026/07/17 17:57:18.597, 59.58 W
2026/07/17 17:57:19.598, 59.97 W
2026/07/17 17:57:20.598, 59.94 W
2026/07/17 17:57:21.598, 60.12 W
2026/07/17 17:57:22.598, 60.70 W
2026/07/17 17:57:23.598, 60.07 W
2026/07/17 17:57:24.598, 60.22 W
2026/07/17 17:57:25.598, 60.52 W
2026/07/17 17:57:26.598, 59.79 W
2026/07/17 17:57:27.598, 60.58 W
2026/07/17 17:57:28.599, 60.09 W
2026/07/17 17:57:29.599, 60.28 W
2026/07/17 17:57:30.599, 60.04 W
2026/07/17 17:57:31.599, 59.75 W
2026/07/17 17:57:32.599, 60.64 W
2026/07/17 17:57:33.599, 59.93 W
2026/07/17 17:57:34.599, 60.00 W
2026/07/17 17:57:35.599, 60.37 W
2026/07/17 17:57:36.599, 59.77 W
2026/07/17 17:57:37.600, 60.29 W
2026/07/17 17:57:38.600, 60.07 W
2026/07/17 17:57:39.600, 59.98 W
2026/07/17 17:57:40.600, 60.46 W
2026/07/17 17:57:41.600, 60.08 W
2026/07/17 17:57:42.600, 60.47 W
2026/07/17 17:57:43.600, 60.38 W
2026/07/17 17:57:44.600, 60.08 W
2026/07/17 17:57:45.601, 60.35 W
2026/07/17 17:57:46.601, 60.58 W
2026/07/17 17:57:47.601, 60.49 W
2026/07/17 17:57:48.601, 60.43 W
2026/07/17 17:57:49.601, 60.33 W
2026/07/17 17:57:50.601, 60.25 W
2026/07/17 17:57:51.601, 60.32 W
2026/07/17 17:57:52.601, 60.11 W
2026/07/17 17:57:53.602, 60.00 W
2026/07/17 17:57:54.602, 60.44 W
2026/07/17 17:57:55.602, 60.13 W
2026/07/17 17:57:56.602, 60.20 W
2026/07/17 17:57:57.602, 60.39 W
2026/07/17 17:57:58.602, 59.92 W
2026/07/17 17:57:59.602, 59.91 W
2026/07/17 17:58:00.603, 60.32 W
2026/07/17 17:58:01.603, 60.27 W
2026/07/17 17:58:02.603, 60.20 W
2026/07/17 17:58:03.603, 60.22 W
2026/07/17 17:58:04.603, 60.40 W
2026/07/17 17:58:05.603, 60.21 W
2026/07/17 17:58:06.603, 60.12 W
2026/07/17 17:58:07.603, 60.15 W
2026/07/17 17:58:08.603, 60.30 W
2026/07/17 17:58:09.604, 60.15 W
2026/07/17 17:58:10.604, 60.13 W
2026/07/17 17:58:11.604, 60.05 W
2026/07/17 17:58:12.604, 60.50 W
2026/07/17 17:58:13.604, 60.23 W
2026/07/17 17:58:14.604, 59.95 W
2026/07/17 17:58:15.604, 60.28 W
2026/07/17 17:58:16.604, 60.44 W
2026/07/17 17:58:17.605, 60.14 W
2026/07/17 17:58:18.605, 60.34 W
2026/07/17 17:58:19.605, 60.30 W
2026/07/17 17:58:20.605, 60.34 W
2026/07/17 17:58:21.605, 59.99 W
2026/07/17 17:58:22.605, 60.37 W
2026/07/17 17:58:23.605, 59.95 W
2026/07/17 17:58:24.605, 59.85 W
2026/07/17 17:58:25.605, 60.10 W
2026/07/17 17:58:26.606, 60.14 W
2026/07/17 17:58:27.606, 60.43 W
2026/07/17 17:58:28.606, 59.74 W
2026/07/17 17:58:29.606, 60.29 W
2026/07/17 17:58:30.606, 60.34 W
2026/07/17 17:58:31.606, 59.95 W
2026/07/17 17:58:32.606, 60.12 W
2026/07/17 17:58:33.606, 60.33 W
2026/07/17 17:58:34.606, 60.01 W
2026/07/17 17:58:35.606, 60.24 W
2026/07/17 17:58:36.607, 60.36 W
2026/07/17 17:58:37.607, 60.10 W
2026/07/17 17:58:38.607, 60.38 W
2026/07/17 17:58:39.607, 60.12 W
2026/07/17 17:58:40.607, 60.13 W
2026/07/17 17:58:41.607, 60.18 W
2026/07/17 17:58:42.607, 60.69 W
2026/07/17 17:58:43.607, 60.19 W
2026/07/17 17:58:44.608, 59.80 W
2026/07/17 17:58:45.608, 60.03 W
2026/07/17 17:58:46.608, 60.16 W
2026/07/17 17:58:47.608, 60.09 W
2026/07/17 17:58:48.608, 59.88 W
2026/07/17 17:58:49.608, 60.33 W
2026/07/17 17:58:50.608, 59.93 W
2026/07/17 17:58:51.609, 59.88 W
2026/07/17 17:58:52.609, 60.21 W
2026/07/17 17:58:53.609, 60.49 W
2026/07/17 17:58:54.609, 60.27 W
2026/07/17 17:58:55.609, 60.09 W
2026/07/17 17:58:56.609, 60.39 W
2026/07/17 17:58:57.609, 60.22 W
2026/07/17 17:58:58.609, 60.12 W
2026/07/17 17:58:59.609, 59.84 W
2026/07/17 17:59:00.609, 60.23 W
2026/07/17 17:59:01.610, 60.21 W
2026/07/17 17:59:02.610, 60.20 W
2026/07/17 17:59:03.610, 60.23 W
2026/07/17 17:59:04.610, 60.11 W
2026/07/17 17:59:05.610, 60.05 W
2026/07/17 17:59:06.610, 60.19 W
2026/07/17 17:59:07.610, 60.20 W
2026/07/17 17:59:08.610, 60.33 W
2026/07/17 17:59:09.611, 60.22 W
2026/07/17 17:59:10.611, 59.89 W
2026/07/17 17:59:11.611, 60.03 W
2026/07/17 17:59:12.611, 60.17 W
2026/07/17 17:59:13.611, 60.17 W
2026/07/17 17:59:14.611, 59.96 W
2026/07/17 17:59:15.611, 60.10 W
2026/07/17 17:59:16.611, 60.04 W
2026/07/17 17:59:17.612, 60.08 W
2026/07/17 17:59:18.612, 60.13 W
2026/07/17 17:59:19.612, 60.26 W
2026/07/17 17:59:20.612, 60.08 W
2026/07/17 17:59:21.612, 60.38 W
2026/07/17 17:59:22.612, 60.12 W
2026/07/17 17:59:23.612, 60.15 W
2026/07/17 17:59:24.613, 59.92 W
2026/07/17 17:59:25.613, 60.28 W
2026/07/17 17:59:26.613, 60.12 W
2026/07/17 17:59:27.613, 60.07 W
2026/07/17 17:59:28.613, 60.24 W
2026/07/17 17:59:29.613, 60.27 W
2026/07/17 17:59:30.613, 60.30 W
2026/07/17 17:59:31.613, 60.09 W
2026/07/17 17:59:32.613, 60.06 W
2026/07/17 17:59:33.614, 60.05 W
2026/07/17 17:59:34.614, 60.21 W
2026/07/17 17:59:35.614, 60.04 W
2026/07/17 17:59:36.614, 60.20 W
2026/07/17 17:59:37.614, 60.23 W
2026/07/17 17:59:38.614, 60.35 W
2026/07/17 17:59:39.614, 60.10 W
2026/07/17 17:59:40.614, 59.83 W
2026/07/17 17:59:41.615, 60.01 W
2026/07/17 17:59:42.615, 59.84 W
2026/07/17 17:59:43.615, 60.04 W
2026/07/17 17:59:44.615, 59.72 W
2026/07/17 17:59:45.615, 60.56 W
2026/07/17 17:59:46.615, 60.12 W
2026/07/17 17:59:47.615, 60.15 W
2026/07/17 17:59:48.616, 60.09 W
2026/07/17 17:59:49.616, 59.93 W
2026/07/17 17:59:50.616, 60.08 W
2026/07/17 17:59:51.616, 59.86 W
2026/07/17 17:59:52.616, 60.09 W
2026/07/17 17:59:53.616, 60.03 W
2026/07/17 17:59:54.616, 60.23 W
2026/07/17 17:59:55.616, 60.62 W
2026/07/17 17:59:56.617, 60.02 W
2026/07/17 17:59:57.617, 59.93 W
2026/07/17 17:59:58.617, 60.15 W
2026/07/17 17:59:59.617, 59.84 W
2026/07/17 18:00:00.617, 59.95 W
2026/07/17 18:00:01.617, 59.81 W
2026/07/17 18:00:02.617, 59.96 W
2026/07/17 18:00:03.617, 59.67 W
2026/07/17 18:00:04.618, 60.11 W
2026/07/17 18:00:05.618, 60.25 W
2026/07/17 18:00:06.618, 60.80 W
2026/07/17 18:00:07.618, 60.74 W
2026/07/17 18:00:08.618, 60.08 W
2026/07/17 18:00:09.618, 60.21 W
2026/07/17 18:00:10.618, 60.05 W
2026/07/17 18:00:11.618, 59.97 W
2026/07/17 18:00:12.619, 60.42 W
2026/07/17 18:00:13.619, 60.17 W
2026/07/17 18:00:14.619, 60.21 W
2026/07/17 18:00:15.619, 60.08 W
2026/07/17 18:00:16.619, 60.12 W
2026/07/17 18:00:17.619, 60.45 W
2026/07/17 18:00:18.619, 60.91 W
2026/07/17 18:00:19.619, 60.19 W
2026/07/17 18:00:20.620, 60.27 W
2026/07/17 18:00:21.620, 60.20 W
2026/07/17 18:00:22.620, 60.16 W
2026/07/17 18:00:23.620, 60.25 W
2026/07/17 18:00:24.620, 60.31 W
2026/07/17 18:00:25.620, 60.19 W
2026/07/17 18:00:26.620, 60.22 W
2026/07/17 18:00:27.620, 60.38 W
2026/07/17 18:00:28.620, 60.30 W
2026/07/17 18:00:29.621, 60.15 W
2026/07/17 18:00:30.621, 60.12 W
2026/07/17 18:00:31.621, 60.45 W
2026/07/17 18:00:32.621, 60.06 W
2026/07/17 18:00:33.621, 60.53 W
2026/07/17 18:00:34.621, 60.17 W
2026/07/17 18:00:35.621, 60.45 W
2026/07/17 18:00:36.621, 52.71 W
2026/07/17 18:00:37.622, 60.22 W
2026/07/17 18:00:38.622, 59.71 W
2026/07/17 18:00:39.622, 60.29 W
2026/07/17 18:00:40.622, 60.08 W
2026/07/17 18:00:41.622, 59.97 W
2026/07/17 18:00:42.622, 60.00 W
2026/07/17 18:00:43.622, 60.24 W
2026/07/17 18:00:44.622, 60.40 W
2026/07/17 18:00:45.623, 60.20 W
2026/07/17 18:00:46.623, 60.61 W
2026/07/17 18:00:47.623, 59.86 W
2026/07/17 18:00:48.623, 60.62 W
2026/07/17 18:00:49.623, 60.35 W
2026/07/17 18:00:50.623, 60.49 W
2026/07/17 18:00:51.623, 60.36 W
2026/07/17 18:00:52.623, 60.09 W
2026/07/17 18:00:53.624, 60.46 W
2026/07/17 18:00:54.624, 59.98 W
2026/07/17 18:00:55.624, 60.34 W
2026/07/17 18:00:56.624, 60.06 W
2026/07/17 18:00:57.624, 60.37 W
2026/07/17 18:00:58.624, 59.81 W
2026/07/17 18:00:59.624, 60.32 W
2026/07/17 18:01:00.624, 60.12 W
2026/07/17 18:01:01.625, 59.95 W
2026/07/17 18:01:02.625, 60.47 W
2026/07/17 18:01:03.625, 60.98 W
2026/07/17 18:01:04.625, 60.44 W
2026/07/17 18:01:05.625, 60.11 W
2026/07/17 18:01:06.625, 59.65 W
2026/07/17 18:01:07.625, 59.43 W
2026/07/17 18:01:08.625, 59.76 W
2026/07/17 18:01:09.626, 60.27 W
2026/07/17 18:01:10.626, 60.60 W
2026/07/17 18:01:11.626, 60.95 W
2026/07/17 18:01:12.626, 60.12 W
2026/07/17 18:01:13.626, 59.78 W
2026/07/17 18:01:14.626, 59.79 W
2026/07/17 18:01:15.626, 60.17 W
2026/07/17 18:01:16.626, 60.07 W
2026/07/17 18:01:17.626, 60.34 W
2026/07/17 18:01:18.627, 60.67 W
2026/07/17 18:01:19.627, 60.97 W
2026/07/17 18:01:20.627, 60.03 W
2026/07/17 18:01:21.627, 59.55 W
2026/07/17 18:01:22.627, 59.87 W
2026/07/17 18:01:23.627, 60.36 W
2026/07/17 18:01:24.627, 60.74 W
2026/07/17 18:01:25.627, 60.57 W
2026/07/17 18:01:26.628, 60.28 W
2026/07/17 18:01:27.628, 60.08 W
2026/07/17 18:01:28.628, 60.05 W
2026/07/17 18:01:29.628, 59.67 W
2026/07/17 18:01:30.628, 59.77 W
2026/07/17 18:01:31.628, 60.38 W
2026/07/17 18:01:32.628, 60.48 W
2026/07/17 18:01:33.629, 60.46 W
2026/07/17 18:01:34.629, 59.96 W
2026/07/17 18:01:35.629, 59.84 W
2026/07/17 18:01:36.629, 59.74 W
2026/07/17 18:01:37.629, 59.72 W
2026/07/17 18:01:38.629, 60.17 W
2026/07/17 18:01:39.629, 60.67 W
2026/07/17 18:01:40.630, 60.59 W
2026/07/17 18:01:41.630, 59.83 W
2026/07/17 18:01:42.630, 60.23 W
2026/07/17 18:01:43.630, 59.96 W
2026/07/17 18:01:44.630, 60.19 W
2026/07/17 18:01:45.630, 59.80 W
2026/07/17 18:01:46.630, 59.77 W
2026/07/17 18:01:47.631, 61.00 W
2026/07/17 18:01:48.631, 60.10 W
2026/07/17 18:01:49.631, 60.15 W
2026/07/17 18:01:50.631, 60.14 W
2026/07/17 18:01:51.631, 60.01 W
2026/07/17 18:01:52.631, 60.58 W
2026/07/17 18:01:53.631, 59.62 W
2026/07/17 18:01:54.632, 60.13 W
2026/07/17 18:01:55.632, 60.12 W
2026/07/17 18:01:56.632, 60.39 W
2026/07/17 18:01:57.632, 59.86 W
2026/07/17 18:01:58.632, 60.68 W
2026/07/17 18:01:59.632, 59.85 W
2026/07/17 18:02:00.632, 60.35 W
2026/07/17 18:02:01.632, 60.34 W
2026/07/17 18:02:02.633, 59.92 W
2026/07/17 18:02:03.633, 60.10 W
2026/07/17 18:02:04.633, 60.32 W
2026/07/17 18:02:05.633, 60.10 W
2026/07/17 18:02:06.633, 59.90 W
2026/07/17 18:02:07.633, 60.31 W
2026/07/17 18:02:08.633, 60.28 W
2026/07/17 18:02:09.633, 60.38 W
2026/07/17 18:02:10.633, 60.15 W
2026/07/17 18:02:11.634, 60.37 W
2026/07/17 18:02:12.634, 60.49 W
2026/07/17 18:02:13.634, 60.01 W
2026/07/17 18:02:14.634, 60.35 W
2026/07/17 18:02:15.634, 60.24 W
2026/07/17 18:02:16.634, 59.74 W
2026/07/17 18:02:17.634, 60.04 W
2026/07/17 18:02:18.634, 60.32 W
2026/07/17 18:02:19.635, 60.00 W
2026/07/17 18:02:20.635, 60.06 W
2026/07/17 18:02:21.635, 60.32 W
2026/07/17 18:02:22.635, 60.11 W
2026/07/17 18:02:23.635, 60.17 W
2026/07/17 18:02:24.635, 60.35 W
2026/07/17 18:02:25.635, 60.50 W
2026/07/17 18:02:26.636, 60.01 W
2026/07/17 18:02:27.636, 60.14 W
2026/07/17 18:02:28.636, 60.17 W
2026/07/17 18:02:29.636, 60.01 W
2026/07/17 18:02:30.636, 60.21 W
2026/07/17 18:02:31.636, 60.31 W
2026/07/17 18:02:32.636, 60.05 W
2026/07/17 18:02:33.636, 60.45 W
2026/07/17 18:02:34.637, 60.29 W
2026/07/17 18:02:35.637, 60.20 W
2026/07/17 18:02:36.637, 60.34 W
2026/07/17 18:02:37.637, 60.00 W
2026/07/17 18:02:38.637, 60.18 W
2026/07/17 18:02:39.637, 60.05 W
2026/07/17 18:02:40.637, 60.03 W
2026/07/17 18:02:41.637, 60.11 W
2026/07/17 18:02:42.637, 60.23 W
2026/07/17 18:02:43.637, 59.94 W
2026/07/17 18:02:44.638, 60.10 W
2026/07/17 18:02:45.638, 60.51 W
2026/07/17 18:02:46.638, 60.18 W
2026/07/17 18:02:47.638, 60.09 W
2026/07/17 18:02:48.638, 60.23 W
2026/07/17 18:02:49.638, 60.14 W
2026/07/17 18:02:50.638, 60.13 W
2026/07/17 18:02:51.638, 60.32 W
2026/07/17 18:02:52.639, 60.54 W
2026/07/17 18:02:53.639, 60.22 W
2026/07/17 18:02:54.639, 59.44 W
2026/07/17 18:02:55.639, 60.33 W
2026/07/17 18:02:56.639, 60.30 W
2026/07/17 18:02:57.639, 59.90 W
2026/07/17 18:02:58.639, 60.37 W
2026/07/17 18:02:59.640, 60.29 W
2026/07/17 18:03:00.640, 60.17 W
2026/07/17 18:03:01.640, 59.77 W
2026/07/17 18:03:02.640, 60.15 W
2026/07/17 18:03:03.640, 60.34 W
2026/07/17 18:03:04.640, 60.12 W
2026/07/17 18:03:05.640, 60.07 W
2026/07/17 18:03:06.641, 60.28 W
2026/07/17 18:03:07.641, 59.92 W
2026/07/17 18:03:08.641, 60.14 W
2026/07/17 18:03:09.641, 60.12 W
2026/07/17 18:03:10.641, 60.35 W
2026/07/17 18:03:11.641, 60.27 W
2026/07/17 18:03:12.641, 59.83 W
2026/07/17 18:03:13.642, 59.70 W
2026/07/17 18:03:14.642, 60.43 W
2026/07/17 18:03:15.642, 59.97 W
2026/07/17 18:03:16.642, 60.16 W
2026/07/17 18:03:17.642, 60.47 W
2026/07/17 18:03:18.642, 60.30 W
2026/07/17 18:03:19.643, 60.26 W
2026/07/17 18:03:20.643, 60.09 W
2026/07/17 18:03:21.643, 60.25 W
2026/07/17 18:03:22.643, 60.33 W
2026/07/17 18:03:23.643, 54.90 W
2026/07/17 18:03:24.643, 53.84 W
2026/07/17 18:03:25.643, 60.05 W
2026/07/17 18:03:26.643, 59.76 W
2026/07/17 18:03:27.644, 60.33 W
2026/07/17 18:03:28.644, 60.26 W
2026/07/17 18:03:29.644, 60.30 W
2026/07/17 18:03:30.644, 60.35 W
2026/07/17 18:03:31.644, 60.38 W
2026/07/17 18:03:32.644, 60.55 W
2026/07/17 18:03:33.644, 60.37 W
2026/07/17 18:03:34.644, 59.49 W
2026/07/17 18:03:35.644, 60.27 W
2026/07/17 18:03:36.645, 60.43 W
2026/07/17 18:03:37.645, 59.98 W
2026/07/17 18:03:38.645, 60.63 W
2026/07/17 18:03:39.645, 59.78 W
2026/07/17 18:03:40.645, 59.97 W
2026/07/17 18:03:41.645, 60.31 W
2026/07/17 18:03:42.645, 60.36 W
2026/07/17 18:03:43.646, 60.53 W
2026/07/17 18:03:44.646, 60.88 W
2026/07/17 18:03:45.646, 60.06 W
2026/07/17 18:03:46.646, 59.74 W
2026/07/17 18:03:47.646, 59.83 W
2026/07/17 18:03:48.646, 60.51 W
2026/07/17 18:03:49.646, 60.60 W
2026/07/17 18:03:50.646, 60.50 W
2026/07/17 18:03:51.646, 60.20 W
2026/07/17 18:03:52.647, 59.85 W
2026/07/17 18:03:53.647, 59.94 W
2026/07/17 18:03:54.647, 59.93 W
2026/07/17 18:03:55.647, 59.99 W
2026/07/17 18:03:56.647, 60.34 W
2026/07/17 18:03:57.647, 60.64 W
2026/07/17 18:03:58.647, 60.70 W
2026/07/17 18:03:59.648, 60.12 W
2026/07/17 18:04:00.648, 59.78 W
2026/07/17 18:04:01.648, 59.72 W
2026/07/17 18:04:02.648, 60.34 W
2026/07/17 18:04:03.648, 60.38 W
2026/07/17 18:04:04.648, 60.68 W
2026/07/17 18:04:05.648, 60.03 W
2026/07/17 18:04:06.648, 60.05 W
2026/07/17 18:04:07.648, 60.15 W
2026/07/17 18:04:08.649, 59.54 W
2026/07/17 18:04:09.649, 59.97 W
2026/07/17 18:04:10.649, 59.83 W
2026/07/17 18:04:11.649, 59.90 W
2026/07/17 18:04:12.649, 60.83 W
2026/07/17 18:04:13.649, 60.54 W
2026/07/17 18:04:14.649, 60.14 W
2026/07/17 18:04:15.650, 59.81 W
2026/07/17 18:04:16.650, 59.97 W
2026/07/17 18:04:17.650, 59.79 W
2026/07/17 18:04:18.650, 60.11 W
2026/07/17 18:04:19.650, 60.54 W
2026/07/17 18:04:20.650, 59.96 W
2026/07/17 18:04:21.650, 59.95 W
2026/07/17 18:04:22.650, 60.22 W
2026/07/17 18:04:23.650, 59.89 W
2026/07/17 18:04:24.650, 60.58 W
2026/07/17 18:04:25.651, 60.07 W
2026/07/17 18:04:26.651, 60.24 W
2026/07/17 18:04:27.651, 60.33 W
2026/07/17 18:04:28.651, 59.92 W
2026/07/17 18:04:29.651, 60.59 W
2026/07/17 18:04:30.651, 60.14 W
2026/07/17 18:04:31.651, 60.27 W
2026/07/17 18:04:32.651, 60.50 W
2026/07/17 18:04:33.652, 59.69 W
2026/07/17 18:04:34.652, 60.46 W
2026/07/17 18:04:35.652, 59.94 W
2026/07/17 18:04:36.652, 60.10 W
2026/07/17 18:04:37.652, 60.46 W
2026/07/17 18:04:38.652, 60.15 W
2026/07/17 18:04:39.652, 60.08 W
2026/07/17 18:04:40.652, 60.63 W
2026/07/17 18:04:41.652, 60.15 W
2026/07/17 18:04:42.652, 59.90 W
2026/07/17 18:04:43.653, 60.22 W
2026/07/17 18:04:44.653, 60.29 W
2026/07/17 18:04:45.653, 60.29 W
2026/07/17 18:04:46.653, 60.13 W
2026/07/17 18:04:47.653, 60.28 W
2026/07/17 18:04:48.653, 60.37 W
2026/07/17 18:04:49.653, 60.35 W
2026/07/17 18:04:50.653, 60.12 W
2026/07/17 18:04:51.654, 60.16 W
2026/07/17 18:04:52.654, 60.47 W
2026/07/17 18:04:53.654, 59.94 W
2026/07/17 18:04:54.654, 60.24 W
2026/07/17 18:04:55.654, 60.26 W
2026/07/17 18:04:56.654, 60.16 W
2026/07/17 18:04:57.654, 59.93 W
2026/07/17 18:04:58.655, 60.16 W
2026/07/17 18:04:59.655, 60.26 W
2026/07/17 18:05:00.655, 60.39 W
2026/07/17 18:05:01.655, 60.11 W
2026/07/17 18:05:02.655, 60.35 W
2026/07/17 18:05:03.655, 60.28 W
2026/07/17 18:05:04.655, 60.24 W
2026/07/17 18:05:05.656, 60.18 W
2026/07/17 18:05:06.656, 60.05 W
2026/07/17 18:05:07.656, 60.27 W
2026/07/17 18:05:08.656, 60.31 W
2026/07/17 18:05:09.656, 60.14 W
2026/07/17 18:05:10.656, 59.99 W
2026/07/17 18:05:11.656, 59.96 W
2026/07/17 18:05:12.657, 60.26 W
2026/07/17 18:05:13.657, 59.98 W
2026/07/17 18:05:14.657, 60.31 W
2026/07/17 18:05:15.657, 59.91 W
2026/07/17 18:05:16.657, 59.91 W
2026/07/17 18:05:17.657, 60.13 W
2026/07/17 18:05:18.657, 60.38 W
2026/07/17 18:05:19.658, 60.10 W
2026/07/17 18:05:20.658, 59.72 W
2026/07/17 18:05:21.658, 60.32 W
2026/07/17 18:05:22.658, 60.27 W
2026/07/17 18:05:23.658, 60.14 W
2026/07/17 18:05:24.658, 59.99 W
2026/07/17 18:05:25.658, 60.65 W
2026/07/17 18:05:26.658, 59.67 W
2026/07/17 18:05:27.659, 59.97 W
2026/07/17 18:05:28.659, 60.35 W
2026/07/17 18:05:29.659, 59.96 W
2026/07/17 18:05:30.659, 59.84 W
2026/07/17 18:05:31.659, 60.22 W
2026/07/17 18:05:32.659, 59.89 W
2026/07/17 18:05:33.659, 59.61 W
2026/07/17 18:05:34.659, 60.32 W
2026/07/17 18:05:35.660, 60.29 W
2026/07/17 18:05:36.660, 59.84 W
2026/07/17 18:05:37.660, 60.01 W
2026/07/17 18:05:38.660, 60.15 W
2026/07/17 18:05:39.660, 60.40 W
2026/07/17 18:05:40.660, 59.90 W
2026/07/17 18:05:41.660, 60.12 W
2026/07/17 18:05:42.661, 60.10 W
2026/07/17 18:05:43.661, 60.11 W
2026/07/17 18:05:44.661, 60.23 W
2026/07/17 18:05:45.661, 60.36 W
2026/07/17 18:05:46.661, 59.94 W
2026/07/17 18:05:47.661, 60.09 W
2026/07/17 18:05:48.661, 60.26 W
2026/07/17 18:05:49.661, 59.97 W
2026/07/17 18:05:50.662, 59.76 W
2026/07/17 18:05:51.662, 60.18 W
2026/07/17 18:05:52.662, 60.04 W
2026/07/17 18:05:53.662, 60.28 W
2026/07/17 18:05:54.662, 60.19 W
2026/07/17 18:05:55.662, 60.10 W
2026/07/17 18:05:56.662, 60.12 W
2026/07/17 18:05:57.662, 60.31 W
2026/07/17 18:05:58.662, 60.46 W
2026/07/17 18:05:59.663, 59.98 W
2026/07/17 18:06:00.663, 60.22 W
2026/07/17 18:06:01.663, 60.16 W
2026/07/17 18:06:02.663, 60.01 W
2026/07/17 18:06:03.663, 60.15 W
2026/07/17 18:06:04.663, 60.11 W
2026/07/17 18:06:05.663, 60.02 W
2026/07/17 18:06:06.664, 60.41 W
2026/07/17 18:06:07.664, 59.87 W
2026/07/17 18:06:08.664, 60.17 W
2026/07/17 18:06:09.664, 60.08 W
2026/07/17 18:06:10.664, 60.49 W
2026/07/17 18:06:11.664, 60.32 W
2026/07/17 18:06:12.664, 60.17 W
2026/07/17 18:06:13.665, 59.81 W
2026/07/17 18:06:14.665, 59.95 W
2026/07/17 18:06:15.665, 60.13 W
2026/07/17 18:06:16.665, 60.30 W
2026/07/17 18:06:17.665, 60.10 W
2026/07/17 18:06:18.665, 60.19 W
2026/07/17 18:06:19.665, 60.15 W
2026/07/17 18:06:20.665, 60.14 W
2026/07/17 18:06:21.665, 59.98 W
2026/07/17 18:06:22.666, 60.25 W
2026/07/17 18:06:23.666, 60.16 W
2026/07/17 18:06:24.666, 60.08 W
2026/07/17 18:06:25.666, 60.26 W
2026/07/17 18:06:26.666, 60.08 W
2026/07/17 18:06:27.666, 60.30 W
2026/07/17 18:06:28.666, 60.13 W
2026/07/17 18:06:29.666, 60.38 W
2026/07/17 18:06:30.667, 59.81 W
2026/07/17 18:06:31.667, 59.85 W
2026/07/17 18:06:32.667, 60.26 W
2026/07/17 18:06:33.667, 60.20 W
2026/07/17 18:06:34.667, 60.56 W
2026/07/17 18:06:35.667, 60.24 W
2026/07/17 18:06:36.667, 60.13 W
2026/07/17 18:06:37.667, 59.98 W
2026/07/17 18:06:38.668, 60.06 W
2026/07/17 18:06:39.668, 60.02 W
2026/07/17 18:06:40.668, 59.91 W
2026/07/17 18:06:41.668, 59.93 W
2026/07/17 18:06:42.668, 60.08 W
2026/07/17 18:06:43.668, 59.83 W
2026/07/17 18:06:44.668, 59.91 W
2026/07/17 18:06:45.668, 59.91 W
2026/07/17 18:06:46.668, 60.15 W
2026/07/17 18:06:47.669, 59.89 W
2026/07/17 18:06:48.669, 59.76 W
2026/07/17 18:06:49.669, 59.95 W
2026/07/17 18:06:50.669, 60.00 W
2026/07/17 18:06:51.669, 59.87 W
2026/07/17 18:06:52.669, 59.90 W
2026/07/17 18:06:53.669, 59.80 W
2026/07/17 18:06:54.669, 59.85 W
2026/07/17 18:06:55.670, 59.97 W
2026/07/17 18:06:56.670, 60.05 W
2026/07/17 18:06:57.670, 60.01 W
2026/07/17 18:06:58.670, 60.03 W
2026/07/17 18:06:59.670, 60.07 W
2026/07/17 18:07:00.670, 60.10 W
2026/07/17 18:07:01.670, 59.83 W
2026/07/17 18:07:02.670, 60.53 W
2026/07/17 18:07:03.671, 60.08 W
2026/07/17 18:07:04.671, 60.02 W
2026/07/17 18:07:05.671, 60.28 W
2026/07/17 18:07:06.671, 60.21 W
2026/07/17 18:07:07.671, 60.57 W
2026/07/17 18:07:08.671, 60.40 W
2026/07/17 18:07:09.671, 60.12 W
2026/07/17 18:07:10.672, 60.07 W
2026/07/17 18:07:11.672, 60.33 W
2026/07/17 18:07:12.672, 60.18 W
2026/07/17 18:07:13.672, 60.93 W
2026/07/17 18:07:14.672, 60.04 W
2026/07/17 18:07:15.672, 60.14 W
2026/07/17 18:07:16.672, 60.27 W
2026/07/17 18:07:17.673, 60.17 W
2026/07/17 18:07:18.673, 60.43 W
2026/07/17 18:07:19.673, 60.16 W
2026/07/17 18:07:20.673, 60.24 W
2026/07/17 18:07:21.673, 60.08 W
2026/07/17 18:07:22.673, 60.47 W
2026/07/17 18:07:23.674, 60.27 W
2026/07/17 18:07:24.674, 60.12 W
2026/07/17 18:07:25.674, 60.41 W
2026/07/17 18:07:26.674, 60.12 W
2026/07/17 18:07:27.674, 60.36 W
2026/07/17 18:07:28.674, 60.08 W
2026/07/17 18:07:29.674, 60.33 W
2026/07/17 18:07:30.675, 60.09 W
2026/07/17 18:07:31.675, 60.08 W
2026/07/17 18:07:32.675, 60.32 W
2026/07/17 18:07:33.675, 59.94 W
2026/07/17 18:07:34.675, 59.91 W
2026/07/17 18:07:35.675, 59.99 W
2026/07/17 18:07:36.676, 60.09 W
2026/07/17 18:07:37.676, 60.15 W
2026/07/17 18:07:38.676, 59.70 W
2026/07/17 18:07:39.676, 59.83 W
2026/07/17 18:07:40.676, 59.93 W
2026/07/17 18:07:41.676, 60.07 W
2026/07/17 18:07:42.677, 60.40 W
2026/07/17 18:07:43.677, 60.27 W
2026/07/17 18:07:44.677, 60.22 W
2026/07/17 18:07:45.677, 60.24 W
2026/07/17 18:07:46.677, 59.61 W
2026/07/17 18:07:47.677, 60.04 W
2026/07/17 18:07:48.677, 60.24 W
2026/07/17 18:07:49.677, 60.11 W
2026/07/17 18:07:50.677, 60.08 W
2026/07/17 18:07:51.677, 60.32 W
2026/07/17 18:07:52.678, 60.24 W
2026/07/17 18:07:53.678, 60.15 W
2026/07/17 18:07:54.678, 59.60 W
2026/07/17 18:07:55.678, 60.19 W
2026/07/17 18:07:56.678, 60.19 W
2026/07/17 18:07:57.678, 60.22 W
2026/07/17 18:07:58.678, 60.69 W
2026/07/17 18:07:59.678, 60.17 W
2026/07/17 18:08:00.678, 60.35 W
2026/07/17 18:08:01.679, 60.25 W
2026/07/17 18:08:02.679, 60.19 W
2026/07/17 18:08:03.679, 60.05 W
2026/07/17 18:08:04.679, 60.39 W
2026/07/17 18:08:05.679, 60.49 W
2026/07/17 18:08:06.679, 60.18 W
2026/07/17 18:08:07.679, 60.18 W
2026/07/17 18:08:08.679, 60.06 W
2026/07/17 18:08:09.680, 60.01 W
2026/07/17 18:08:10.680, 60.05 W
2026/07/17 18:08:11.680, 60.41 W
2026/07/17 18:08:12.680, 60.36 W
2026/07/17 18:08:13.680, 60.32 W
2026/07/17 18:08:14.680, 60.24 W
2026/07/17 18:08:15.680, 60.10 W
2026/07/17 18:08:16.681, 60.41 W
2026/07/17 18:08:17.681, 60.05 W
2026/07/17 18:08:18.681, 60.30 W
2026/07/17 18:08:19.681, 59.94 W
2026/07/17 18:08:20.681, 60.01 W
2026/07/17 18:08:21.681, 59.54 W
2026/07/17 18:08:22.681, 59.86 W
2026/07/17 18:08:23.682, 60.18 W
2026/07/17 18:08:24.682, 60.21 W
2026/07/17 18:08:25.682, 60.33 W
2026/07/17 18:08:26.682, 60.15 W
2026/07/17 18:08:27.682, 59.99 W
2026/07/17 18:08:28.682, 60.39 W
2026/07/17 18:08:29.682, 60.08 W
2026/07/17 18:08:30.682, 60.11 W
2026/07/17 18:08:31.682, 60.16 W
2026/07/17 18:08:32.683, 60.15 W
2026/07/17 18:08:33.683, 60.18 W
2026/07/17 18:08:34.683, 60.35 W
2026/07/17 18:08:35.683, 60.35 W
2026/07/17 18:08:36.683, 60.24 W
2026/07/17 18:08:37.683, 60.38 W
2026/07/17 18:08:38.683, 60.10 W
2026/07/17 18:08:39.684, 60.21 W
2026/07/17 18:08:40.684, 59.85 W
2026/07/17 18:08:41.684, 59.95 W
2026/07/17 18:08:42.684, 60.19 W
2026/07/17 18:08:43.684, 60.29 W
2026/07/17 18:08:44.684, 60.54 W
2026/07/17 18:08:45.684, 60.10 W
2026/07/17 18:08:46.684, 60.16 W
2026/07/17 18:08:47.685, 60.24 W
2026/07/17 18:08:48.685, 60.17 W
2026/07/17 18:08:49.685, 59.93 W
2026/07/17 18:08:50.685, 59.68 W
2026/07/17 18:08:51.685, 60.14 W
2026/07/17 18:08:52.685, 60.34 W
2026/07/17 18:08:53.685, 60.05 W
2026/07/17 18:08:54.685, 60.41 W
2026/07/17 18:08:55.686, 60.00 W
2026/07/17 18:08:56.686, 60.34 W
2026/07/17 18:08:57.686, 60.39 W
2026/07/17 18:08:58.686, 60.03 W
2026/07/17 18:08:59.686, 60.36 W
2026/07/17 18:09:00.686, 60.18 W
2026/07/17 18:09:01.686, 60.30 W
2026/07/17 18:09:02.686, 60.44 W
2026/07/17 18:09:03.687, 60.31 W
2026/07/17 18:09:04.687, 60.10 W
2026/07/17 18:09:05.687, 60.12 W
2026/07/17 18:09:06.687, 60.08 W
2026/07/17 18:09:07.687, 60.27 W
2026/07/17 18:09:08.687, 60.46 W
2026/07/17 18:09:09.687, 60.41 W
2026/07/17 18:09:10.688, 60.13 W
2026/07/17 18:09:11.688, 59.95 W
2026/07/17 18:09:12.688, 59.79 W
2026/07/17 18:09:13.688, 60.10 W
2026/07/17 18:09:14.688, 60.19 W
2026/07/17 18:09:15.688, 60.04 W
2026/07/17 18:09:16.688, 60.13 W
2026/07/17 18:09:17.688, 60.15 W
2026/07/17 18:09:18.689, 60.40 W
2026/07/17 18:09:19.689, 60.36 W
2026/07/17 18:09:20.689, 60.12 W
2026/07/17 18:09:21.689, 60.35 W
2026/07/17 18:09:22.689, 60.11 W
2026/07/17 18:09:23.689, 60.32 W
2026/07/17 18:09:24.689, 60.15 W
2026/07/17 18:09:25.689, 60.32 W
2026/07/17 18:09:26.690, 60.21 W
2026/07/17 18:09:27.690, 60.25 W
2026/07/17 18:09:28.690, 60.15 W
2026/07/17 18:09:29.690, 59.94 W
2026/07/17 18:09:30.690, 60.17 W
2026/07/17 18:09:31.690, 60.18 W
2026/07/17 18:09:32.690, 60.04 W
2026/07/17 18:09:33.691, 59.89 W
2026/07/17 18:09:34.691, 59.98 W
2026/07/17 18:09:35.691, 60.09 W
2026/07/17 18:09:36.691, 60.26 W
2026/07/17 18:09:37.691, 60.42 W
2026/07/17 18:09:38.692, 60.32 W
2026/07/17 18:09:39.692, 60.29 W
2026/07/17 18:09:40.692, 60.04 W
2026/07/17 18:09:41.692, 60.29 W
2026/07/17 18:09:42.692, 60.19 W
2026/07/17 18:09:43.692, 60.46 W
2026/07/17 18:09:44.692, 60.17 W
2026/07/17 18:09:45.693, 60.18 W
2026/07/17 18:09:46.693, 60.34 W
2026/07/17 18:09:47.693, 60.17 W
2026/07/17 18:09:48.693, 60.46 W
2026/07/17 18:09:49.693, 60.13 W
2026/07/17 18:09:50.693, 60.31 W
2026/07/17 18:09:51.693, 60.60 W
2026/07/17 18:09:52.693, 60.21 W
2026/07/17 18:09:53.694, 60.38 W
2026/07/17 18:09:54.694, 59.97 W
2026/07/17 18:09:55.694, 60.27 W
2026/07/17 18:09:56.694, 60.19 W
2026/07/17 18:09:57.694, 60.17 W
2026/07/17 18:09:58.694, 60.20 W
2026/07/17 18:09:59.694, 60.08 W
2026/07/17 18:10:00.695, 60.28 W
2026/07/17 18:10:01.695, 60.18 W
2026/07/17 18:10:02.695, 59.97 W
2026/07/17 18:10:03.695, 60.12 W
2026/07/17 18:10:04.695, 60.24 W
2026/07/17 18:10:05.695, 60.19 W
2026/07/17 18:10:06.695, 54.35 W
2026/07/17 18:10:07.696, 60.70 W
2026/07/17 18:10:08.696, 59.80 W
2026/07/17 18:10:09.696, 60.96 W
2026/07/17 18:10:10.696, 60.23 W
2026/07/17 18:10:11.696, 60.17 W
2026/07/17 18:10:12.696, 59.90 W
2026/07/17 18:10:13.696, 59.64 W
2026/07/17 18:10:14.697, 59.71 W
2026/07/17 18:10:15.697, 60.50 W
2026/07/17 18:10:16.697, 59.86 W
2026/07/17 18:10:17.697, 60.29 W
2026/07/17 18:10:18.697, 60.61 W
2026/07/17 18:10:19.697, 59.83 W
2026/07/17 18:10:20.697, 60.55 W
2026/07/17 18:10:21.697, 59.90 W
2026/07/17 18:10:22.698, 59.39 W
2026/07/17 18:10:23.698, 60.43 W
2026/07/17 18:10:24.698, 60.14 W
2026/07/17 18:10:25.698, 60.21 W
2026/07/17 18:10:26.698, 59.84 W
2026/07/17 18:10:27.698, 60.83 W
2026/07/17 18:10:28.698, 59.99 W
2026/07/17 18:10:29.698, 60.04 W
2026/07/17 18:10:30.699, 60.65 W
2026/07/17 18:10:31.699, 60.13 W
2026/07/17 18:10:32.699, 60.18 W
2026/07/17 18:10:33.699, 60.22 W
2026/07/17 18:10:34.699, 60.04 W
2026/07/17 18:10:35.699, 60.27 W
2026/07/17 18:10:36.699, 60.42 W
2026/07/17 18:10:37.699, 60.31 W
2026/07/17 18:10:38.700, 59.96 W
2026/07/17 18:10:39.700, 60.10 W
2026/07/17 18:10:40.700, 60.03 W
2026/07/17 18:10:41.700, 59.26 W
2026/07/17 18:10:42.700, 59.61 W
2026/07/17 18:10:43.700, 60.25 W
2026/07/17 18:10:44.700, 59.83 W
2026/07/17 18:10:45.701, 60.21 W
2026/07/17 18:10:46.701, 60.43 W
2026/07/17 18:10:47.701, 60.02 W
2026/07/17 18:10:48.701, 60.27 W
2026/07/17 18:10:49.701, 60.34 W
2026/07/17 18:10:50.701, 60.17 W
2026/07/17 18:10:51.701, 60.17 W
2026/07/17 18:10:52.701, 60.41 W
2026/07/17 18:10:53.701, 59.97 W
2026/07/17 18:10:54.702, 59.92 W
2026/07/17 18:10:55.702, 60.20 W
2026/07/17 18:10:56.702, 60.29 W
2026/07/17 18:10:57.702, 59.97 W
2026/07/17 18:10:58.702, 60.05 W
2026/07/17 18:10:59.702, 60.18 W
2026/07/17 18:11:00.702, 60.24 W
2026/07/17 18:11:01.702, 60.23 W
2026/07/17 18:11:02.703, 60.29 W
2026/07/17 18:11:03.703, 60.15 W
2026/07/17 18:11:04.703, 60.21 W
2026/07/17 18:11:05.703, 60.10 W
2026/07/17 18:11:06.703, 60.49 W
2026/07/17 18:11:07.703, 60.24 W
2026/07/17 18:11:08.703, 60.36 W
2026/07/17 18:11:09.704, 60.19 W
2026/07/17 18:11:10.704, 60.13 W
2026/07/17 18:11:11.704, 60.13 W
2026/07/17 18:11:12.704, 60.05 W
2026/07/17 18:11:13.704, 59.90 W
2026/07/17 18:11:14.704, 59.64 W
2026/07/17 18:11:15.704, 60.13 W
2026/07/17 18:11:16.704, 60.72 W
2026/07/17 18:11:17.705, 60.24 W
2026/07/17 18:11:18.705, 59.82 W
2026/07/17 18:11:19.705, 60.41 W
2026/07/17 18:11:20.705, 60.30 W
2026/07/17 18:11:21.705, 60.20 W
2026/07/17 18:11:22.705, 59.87 W
2026/07/17 18:11:23.705, 59.89 W
2026/07/17 18:11:24.706, 60.42 W
2026/07/17 18:11:25.706, 60.28 W
2026/07/17 18:11:26.706, 59.62 W
2026/07/17 18:11:27.706, 60.32 W
2026/07/17 18:11:28.706, 60.48 W
2026/07/17 18:11:29.706, 59.72 W
2026/07/17 18:11:30.706, 60.01 W
2026/07/17 18:11:31.706, 60.01 W
2026/07/17 18:11:32.707, 60.39 W
2026/07/17 18:11:33.707, 60.16 W
2026/07/17 18:11:34.707, 59.89 W
2026/07/17 18:11:35.707, 60.26 W
2026/07/17 18:11:36.707, 60.37 W
2026/07/17 18:11:37.707, 60.07 W
2026/07/17 18:11:38.707, 60.14 W
2026/07/17 18:11:39.708, 60.21 W
2026/07/17 18:11:40.708, 60.37 W
2026/07/17 18:11:41.708, 60.03 W
2026/07/17 18:11:42.708, 60.28 W
2026/07/17 18:11:43.708, 60.23 W
2026/07/17 18:11:44.708, 60.10 W
2026/07/17 18:11:45.708, 60.18 W
2026/07/17 18:11:46.708, 60.22 W
2026/07/17 18:11:47.708, 60.26 W
2026/07/17 18:11:48.709, 60.19 W
2026/07/17 18:11:49.709, 60.46 W
2026/07/17 18:11:50.709, 60.21 W
2026/07/17 18:11:51.709, 60.13 W
2026/07/17 18:11:52.709, 60.09 W
2026/07/17 18:11:53.709, 60.25 W
2026/07/17 18:11:54.709, 60.31 W
2026/07/17 18:11:55.710, 60.01 W
2026/07/17 18:11:56.710, 59.97 W
2026/07/17 18:11:57.710, 60.29 W
2026/07/17 18:11:58.710, 60.22 W
2026/07/17 18:11:59.710, 60.16 W
2026/07/17 18:12:00.710, 60.25 W
2026/07/17 18:12:01.710, 59.98 W
2026/07/17 18:12:02.710, 60.15 W
2026/07/17 18:12:03.711, 60.03 W
2026/07/17 18:12:04.711, 60.33 W
2026/07/17 18:12:05.711, 60.33 W
2026/07/17 18:12:06.711, 60.17 W
2026/07/17 18:12:07.711, 60.24 W
2026/07/17 18:12:08.711, 60.06 W
2026/07/17 18:12:09.711, 60.34 W
2026/07/17 18:12:10.711, 60.24 W
2026/07/17 18:12:11.712, 60.24 W
2026/07/17 18:12:12.712, 60.22 W
2026/07/17 18:12:13.712, 60.31 W
2026/07/17 18:12:14.712, 60.20 W
2026/07/17 18:12:15.712, 60.22 W
2026/07/17 18:12:16.712, 60.13 W
2026/07/17 18:12:17.712, 60.12 W
2026/07/17 18:12:18.712, 60.14 W
2026/07/17 18:12:19.712, 59.89 W
2026/07/17 18:12:20.712, 59.97 W
2026/07/17 18:12:21.712, 60.18 W
2026/07/17 18:12:22.713, 60.17 W
2026/07/17 18:12:23.713, 60.24 W
2026/07/17 18:12:24.713, 59.79 W
2026/07/17 18:12:25.713, 60.29 W
2026/07/17 18:12:26.713, 60.18 W
2026/07/17 18:12:27.713, 60.07 W
2026/07/17 18:12:28.713, 60.41 W
2026/07/17 18:12:29.713, 59.84 W
2026/07/17 18:12:30.713, 60.07 W
2026/07/17 18:12:31.713, 59.99 W
2026/07/17 18:12:32.713, 60.02 W
2026/07/17 18:12:33.714, 59.98 W
2026/07/17 18:12:34.714, 60.01 W
2026/07/17 18:12:35.714, 60.10 W
2026/07/17 18:12:36.714, 59.80 W
2026/07/17 18:12:37.714, 60.00 W
2026/07/17 18:12:38.714, 59.75 W
2026/07/17 18:12:39.714, 60.05 W
2026/07/17 18:12:40.714, 59.83 W
2026/07/17 18:12:41.714, 59.90 W
2026/07/17 18:12:42.714, 59.86 W
2026/07/17 18:12:43.714, 60.10 W
2026/07/17 18:12:44.714, 59.77 W
2026/07/17 18:12:45.715, 59.98 W
2026/07/17 18:12:46.715, 59.68 W
2026/07/17 18:12:47.715, 59.88 W
2026/07/17 18:12:48.715, 60.00 W
2026/07/17 18:12:49.715, 60.40 W
2026/07/17 18:12:50.715, 59.87 W
2026/07/17 18:12:51.715, 59.89 W
2026/07/17 18:12:52.715, 60.22 W
2026/07/17 18:12:53.716, 60.04 W
2026/07/17 18:12:54.716, 60.10 W
2026/07/17 18:12:55.716, 59.86 W
2026/07/17 18:12:56.716, 60.21 W
2026/07/17 18:12:57.716, 60.79 W
2026/07/17 18:12:58.716, 60.06 W
2026/07/17 18:12:59.716, 60.39 W
2026/07/17 18:13:00.716, 60.55 W
2026/07/17 18:13:01.716, 60.97 W
2026/07/17 18:13:02.716, 60.24 W
2026/07/17 18:13:03.717, 60.23 W
2026/07/17 18:13:04.717, 60.10 W
2026/07/17 18:13:05.717, 60.42 W
2026/07/17 18:13:06.717, 60.57 W
2026/07/17 18:13:07.717, 59.78 W
2026/07/17 18:13:08.717, 60.10 W
2026/07/17 18:13:09.717, 60.11 W
2026/07/17 18:13:10.717, 60.19 W
2026/07/17 18:13:11.718, 60.40 W
2026/07/17 18:13:12.718, 60.00 W
2026/07/17 18:13:13.718, 60.22 W
2026/07/17 18:13:14.718, 60.46 W
2026/07/17 18:13:15.718, 60.19 W
2026/07/17 18:13:16.718, 60.33 W
2026/07/17 18:13:17.718, 60.25 W
2026/07/17 18:13:18.718, 59.44 W
2026/07/17 18:13:19.718, 59.49 W
2026/07/17 18:13:20.718, 60.08 W
2026/07/17 18:13:21.719, 60.33 W
2026/07/17 18:13:22.719, 60.15 W
2026/07/17 18:13:23.719, 59.63 W
2026/07/17 18:13:24.719, 60.21 W
2026/07/17 18:13:25.719, 60.48 W
2026/07/17 18:13:26.719, 60.14 W
2026/07/17 18:13:27.719, 60.34 W
2026/07/17 18:13:28.720, 60.19 W
2026/07/17 18:13:29.720, 60.34 W
2026/07/17 18:13:30.720, 60.20 W
2026/07/17 18:13:31.720, 60.01 W
2026/07/17 18:13:32.720, 60.34 W
2026/07/17 18:13:33.720, 60.25 W
2026/07/17 18:13:34.720, 60.22 W
2026/07/17 18:13:35.720, 60.40 W
2026/07/17 18:13:36.720, 60.11 W
2026/07/17 18:13:37.721, 59.91 W
2026/07/17 18:13:38.721, 60.29 W
2026/07/17 18:13:39.721, 60.33 W
2026/07/17 18:13:40.721, 60.02 W
2026/07/17 18:13:41.721, 60.31 W
2026/07/17 18:13:42.721, 60.05 W
2026/07/17 18:13:43.721, 60.10 W
2026/07/17 18:13:44.721, 60.01 W
2026/07/17 18:13:45.722, 60.41 W
2026/07/17 18:13:46.722, 60.15 W
2026/07/17 18:13:47.722, 60.17 W
2026/07/17 18:13:48.722, 60.28 W
2026/07/17 18:13:49.722, 60.24 W
2026/07/17 18:13:50.722, 60.27 W
2026/07/17 18:13:51.722, 60.20 W
2026/07/17 18:13:52.723, 60.65 W
2026/07/17 18:13:53.723, 60.45 W
2026/07/17 18:13:54.723, 59.90 W
2026/07/17 18:13:55.723, 60.13 W
2026/07/17 18:13:56.723, 60.20 W
2026/07/17 18:13:57.723, 60.14 W
2026/07/17 18:13:58.723, 60.36 W
2026/07/17 18:13:59.724, 60.27 W
2026/07/17 18:14:00.724, 60.32 W
2026/07/17 18:14:01.724, 60.19 W
2026/07/17 18:14:02.724, 59.71 W
2026/07/17 18:14:03.724, 60.14 W
2026/07/17 18:14:04.724, 60.30 W
2026/07/17 18:14:05.724, 60.11 W
2026/07/17 18:14:06.724, 60.27 W
2026/07/17 18:14:07.725, 60.17 W
2026/07/17 18:14:08.725, 60.24 W
2026/07/17 18:14:09.725, 59.97 W
2026/07/17 18:14:10.725, 60.32 W
2026/07/17 18:14:11.725, 60.10 W
2026/07/17 18:14:12.725, 60.17 W
2026/07/17 18:14:13.725, 60.40 W
2026/07/17 18:14:14.725, 60.18 W
2026/07/17 18:14:15.726, 60.31 W
2026/07/17 18:14:16.726, 60.12 W
2026/07/17 18:14:17.726, 60.42 W
2026/07/17 18:14:18.726, 60.50 W
2026/07/17 18:14:19.726, 60.44 W
2026/07/17 18:14:20.726, 60.31 W
2026/07/17 18:14:21.726, 60.21 W
2026/07/17 18:14:22.726, 60.09 W
2026/07/17 18:14:23.726, 60.08 W
2026/07/17 18:14:24.727, 60.09 W
2026/07/17 18:14:25.727, 60.20 W
2026/07/17 18:14:26.727, 60.21 W
2026/07/17 18:14:27.727, 60.54 W
2026/07/17 18:14:28.727, 60.07 W
2026/07/17 18:14:29.727, 60.45 W
2026/07/17 18:14:30.727, 60.28 W
2026/07/17 18:14:31.727, 59.50 W
2026/07/17 18:14:32.728, 60.16 W
2026/07/17 18:14:33.728, 60.27 W
2026/07/17 18:14:34.728, 60.15 W
2026/07/17 18:14:35.728, 60.32 W
2026/07/17 18:14:36.728, 60.24 W
2026/07/17 18:14:37.728, 60.51 W
2026/07/17 18:14:38.728, 60.32 W
2026/07/17 18:14:39.729, 60.26 W
2026/07/17 18:14:40.729, 60.37 W
2026/07/17 18:14:41.729, 59.99 W
2026/07/17 18:14:42.729, 60.15 W
2026/07/17 18:14:43.729, 60.09 W
2026/07/17 18:14:44.729, 60.31 W
2026/07/17 18:14:45.729, 60.30 W
2026/07/17 18:14:46.729, 60.32 W
2026/07/17 18:14:47.729, 60.17 W
2026/07/17 18:14:48.730, 59.98 W
2026/07/17 18:14:49.730, 60.12 W
2026/07/17 18:14:50.730, 59.87 W
2026/07/17 18:14:51.730, 60.23 W
2026/07/17 18:14:52.730, 60.27 W
2026/07/17 18:14:53.730, 60.08 W
2026/07/17 18:14:54.730, 60.25 W
2026/07/17 18:14:55.730, 60.19 W
2026/07/17 18:14:56.730, 60.42 W
2026/07/17 18:14:57.731, 59.74 W
2026/07/17 18:14:58.731, 60.01 W
2026/07/17 18:14:59.731, 60.26 W
2026/07/17 18:15:00.731, 60.26 W
2026/07/17 18:15:01.731, 60.21 W
2026/07/17 18:15:02.731, 60.38 W
2026/07/17 18:15:03.731, 60.22 W
2026/07/17 18:15:04.731, 59.92 W
2026/07/17 18:15:05.731, 59.94 W
2026/07/17 18:15:06.732, 59.94 W
2026/07/17 18:15:07.732, 60.15 W
2026/07/17 18:15:08.732, 60.44 W
2026/07/17 18:15:09.732, 60.24 W
2026/07/17 18:15:10.732, 60.39 W
2026/07/17 18:15:11.732, 60.04 W
2026/07/17 18:15:12.732, 60.39 W
2026/07/17 18:15:13.732, 60.35 W
2026/07/17 18:15:14.733, 60.22 W
2026/07/17 18:15:15.733, 60.33 W
2026/07/17 18:15:16.733, 60.26 W
2026/07/17 18:15:17.733, 60.46 W
2026/07/17 18:15:18.733, 60.52 W
2026/07/17 18:15:19.733, 60.05 W
2026/07/17 18:15:20.733, 60.14 W
2026/07/17 18:15:21.733, 59.62 W
2026/07/17 18:15:22.734, 59.77 W
2026/07/17 18:15:23.734, 60.04 W
2026/07/17 18:15:24.734, 60.31 W
2026/07/17 18:15:25.734, 60.44 W
2026/07/17 18:15:26.734, 60.66 W
2026/07/17 18:15:27.734, 60.11 W
2026/07/17 18:15:28.734, 60.39 W
2026/07/17 18:15:29.734, 59.86 W
2026/07/17 18:15:30.734, 59.92 W
2026/07/17 18:15:31.735, 60.22 W
2026/07/17 18:15:32.735, 60.19 W
2026/07/17 18:15:33.735, 60.19 W
2026/07/17 18:15:34.735, 60.07 W
2026/07/17 18:15:35.735, 60.33 W
2026/07/17 18:15:36.735, 60.38 W
2026/07/17 18:15:37.735, 60.07 W
2026/07/17 18:15:38.735, 60.15 W
2026/07/17 18:15:39.735, 60.26 W
2026/07/17 18:15:40.735, 60.43 W
2026/07/17 18:15:41.735, 60.27 W
2026/07/17 18:15:42.735, 60.05 W
2026/07/17 18:15:43.736, 60.33 W
2026/07/17 18:15:44.736, 60.31 W
2026/07/17 18:15:45.736, 60.34 W
2026/07/17 18:15:46.736, 60.15 W
2026/07/17 18:15:47.736, 59.77 W
2026/07/17 18:15:48.736, 60.19 W
2026/07/17 18:15:49.736, 59.99 W
2026/07/17 18:15:50.736, 60.30 W
2026/07/17 18:15:51.737, 60.27 W
2026/07/17 18:15:52.737, 60.43 W
2026/07/17 18:15:53.737, 60.35 W
2026/07/17 18:15:54.737, 60.45 W
2026/07/17 18:15:55.737, 60.03 W
2026/07/17 18:15:56.737, 59.99 W
2026/07/17 18:15:57.737, 60.15 W
2026/07/17 18:15:58.737, 59.91 W
2026/07/17 18:15:59.738, 59.91 W
2026/07/17 18:16:00.738, 59.95 W
2026/07/17 18:16:01.738, 60.20 W
2026/07/17 18:16:02.738, 60.43 W
2026/07/17 18:16:03.738, 60.41 W
2026/07/17 18:16:04.738, 59.82 W
2026/07/17 18:16:05.738, 59.63 W
2026/07/17 18:16:06.739, 60.12 W
2026/07/17 18:16:07.739, 60.39 W
2026/07/17 18:16:08.739, 60.44 W
2026/07/17 18:16:09.739, 60.30 W
2026/07/17 18:16:10.739, 60.15 W
2026/07/17 18:16:11.739, 59.97 W
2026/07/17 18:16:12.739, 60.36 W
2026/07/17 18:16:13.739, 60.13 W
2026/07/17 18:16:14.739, 59.59 W
2026/07/17 18:16:15.740, 60.12 W
2026/07/17 18:16:16.740, 60.16 W
2026/07/17 18:16:17.740, 60.09 W
2026/07/17 18:16:18.740, 60.40 W
2026/07/17 18:16:19.740, 60.20 W
2026/07/17 18:16:20.740, 60.45 W
2026/07/17 18:16:21.740, 60.17 W
2026/07/17 18:16:22.740, 60.36 W
2026/07/17 18:16:23.741, 60.14 W
2026/07/17 18:16:24.741, 60.39 W
2026/07/17 18:16:25.741, 60.18 W
2026/07/17 18:16:26.741, 60.30 W
2026/07/17 18:16:27.741, 60.26 W
2026/07/17 18:16:28.741, 59.88 W
2026/07/17 18:16:29.741, 60.34 W
2026/07/17 18:16:30.741, 59.65 W
2026/07/17 18:16:31.741, 60.37 W
2026/07/17 18:16:32.741, 60.17 W
2026/07/17 18:16:33.742, 60.46 W
2026/07/17 18:16:34.742, 60.64 W
2026/07/17 18:16:35.742, 60.23 W
2026/07/17 18:16:36.742, 60.33 W
2026/07/17 18:16:37.742, 60.40 W
2026/07/17 18:16:38.742, 60.50 W
2026/07/17 18:16:39.742, 60.11 W
2026/07/17 18:16:40.742, 60.26 W
2026/07/17 18:16:41.743, 60.15 W
2026/07/17 18:16:42.743, 60.12 W
2026/07/17 18:16:43.743, 60.00 W
2026/07/17 18:16:44.743, 60.33 W
2026/07/17 18:16:45.743, 60.44 W
2026/07/17 18:16:46.743, 60.20 W
2026/07/17 18:16:47.743, 60.10 W
2026/07/17 18:16:48.743, 59.74 W
2026/07/17 18:16:49.744, 59.93 W
2026/07/17 18:16:50.744, 60.62 W
2026/07/17 18:16:51.744, 59.82 W
2026/07/17 18:16:52.744, 60.10 W
2026/07/17 18:16:53.744, 60.47 W
2026/07/17 18:16:54.744, 60.05 W
2026/07/17 18:16:55.744, 59.79 W
2026/07/17 18:16:56.744, 59.98 W
2026/07/17 18:16:57.744, 59.74 W
2026/07/17 18:16:58.745, 60.51 W
2026/07/17 18:16:59.745, 60.54 W
2026/07/17 18:17:00.745, 60.15 W
2026/07/17 18:17:01.745, 59.97 W
2026/07/17 18:17:02.745, 60.34 W
2026/07/17 18:17:03.745, 60.21 W
2026/07/17 18:17:04.745, 60.40 W
2026/07/17 18:17:05.745, 60.54 W
2026/07/17 18:17:06.746, 60.00 W
2026/07/17 18:17:07.746, 60.14 W
2026/07/17 18:17:08.746, 60.04 W
2026/07/17 18:17:09.746, 60.47 W
2026/07/17 18:17:10.746, 59.91 W
2026/07/17 18:17:11.746, 59.99 W
2026/07/17 18:17:12.746, 59.92 W
2026/07/17 18:17:13.746, 59.97 W
2026/07/17 18:17:14.747, 60.18 W
2026/07/17 18:17:15.747, 59.93 W
2026/07/17 18:17:16.747, 60.30 W
2026/07/17 18:17:17.747, 59.65 W
2026/07/17 18:17:18.747, 60.15 W
2026/07/17 18:17:19.747, 59.92 W
2026/07/17 18:17:20.747, 60.04 W
2026/07/17 18:17:21.747, 60.00 W
2026/07/17 18:17:22.748, 60.09 W
2026/07/17 18:17:23.748, 60.17 W
2026/07/17 18:17:24.748, 60.24 W
2026/07/17 18:17:25.748, 60.37 W
2026/07/17 18:17:26.748, 60.16 W
2026/07/17 18:17:27.748, 60.30 W
2026/07/17 18:17:28.748, 60.29 W
2026/07/17 18:17:29.748, 60.31 W
2026/07/17 18:17:30.749, 60.25 W
2026/07/17 18:17:31.749, 59.65 W
2026/07/17 18:17:32.749, 60.26 W
2026/07/17 18:17:33.749, 60.03 W
2026/07/17 18:17:34.749, 60.04 W
2026/07/17 18:17:35.749, 60.46 W
2026/07/17 18:17:36.749, 60.04 W
2026/07/17 18:17:37.750, 59.71 W
2026/07/17 18:17:38.750, 60.32 W
2026/07/17 18:17:39.750, 60.40 W
2026/07/17 18:17:40.750, 60.19 W
2026/07/17 18:17:41.750, 60.09 W
2026/07/17 18:17:42.750, 60.19 W
2026/07/17 18:17:43.750, 60.04 W
2026/07/17 18:17:44.750, 59.92 W
2026/07/17 18:17:45.751, 60.35 W
2026/07/17 18:17:46.751, 60.02 W
2026/07/17 18:17:47.751, 59.94 W
2026/07/17 18:17:48.751, 60.36 W
2026/07/17 18:17:49.751, 60.36 W
2026/07/17 18:17:50.751, 60.03 W
2026/07/17 18:17:51.751, 60.03 W
2026/07/17 18:17:52.751, 59.77 W
2026/07/17 18:17:53.752, 59.54 W
2026/07/17 18:17:54.752, 60.25 W
2026/07/17 18:17:55.752, 60.54 W
2026/07/17 18:17:56.752, 60.32 W
2026/07/17 18:17:57.752, 60.24 W
2026/07/17 18:17:58.752, 59.96 W
2026/07/17 18:17:59.752, 60.36 W
2026/07/17 18:18:00.752, 60.08 W
2026/07/17 18:18:01.753, 60.05 W
2026/07/17 18:18:02.753, 60.12 W
2026/07/17 18:18:03.753, 59.97 W
2026/07/17 18:18:04.753, 60.16 W
2026/07/17 18:18:05.753, 59.92 W
2026/07/17 18:18:06.753, 59.87 W
2026/07/17 18:18:07.753, 59.93 W
2026/07/17 18:18:08.753, 60.05 W
2026/07/17 18:18:09.754, 59.98 W
2026/07/17 18:18:10.754, 60.04 W
2026/07/17 18:18:11.754, 59.89 W
2026/07/17 18:18:12.754, 59.94 W
2026/07/17 18:18:13.754, 60.06 W
2026/07/17 18:18:14.754, 59.99 W
2026/07/17 18:18:15.754, 60.00 W
2026/07/17 18:18:16.755, 60.15 W
2026/07/17 18:18:17.755, 59.87 W
2026/07/17 18:18:18.755, 60.01 W
2026/07/17 18:18:19.755, 59.82 W
2026/07/17 18:18:20.755, 60.17 W
2026/07/17 18:18:21.755, 60.11 W
2026/07/17 18:18:22.755, 60.17 W
2026/07/17 18:18:23.755, 60.03 W
2026/07/17 18:18:24.756, 60.35 W
2026/07/17 18:18:25.756, 60.54 W
2026/07/17 18:18:26.756, 60.09 W
2026/07/17 18:18:27.756, 60.48 W
2026/07/17 18:18:28.756, 60.28 W
2026/07/17 18:18:29.756, 60.16 W
2026/07/17 18:18:30.756, 60.26 W
2026/07/17 18:18:31.756, 60.78 W
2026/07/17 18:18:32.757, 60.20 W
2026/07/17 18:18:33.757, 59.97 W
2026/07/17 18:18:34.757, 60.09 W
2026/07/17 18:18:35.757, 60.16 W
2026/07/17 18:18:36.757, 60.43 W
2026/07/17 18:18:37.757, 60.19 W
2026/07/17 18:18:38.757, 59.62 W
2026/07/17 18:18:39.757, 60.05 W
2026/07/17 18:18:40.758, 59.20 W
2026/07/17 18:18:41.758, 25.17 W
2026/07/17 18:18:42.758, 21.42 W
2026/07/17 18:18:43.758, 21.35 W
2026/07/17 18:18:44.758, 21.25 W
2026/07/17 18:18:45.758, 21.16 W
2026/07/17 18:18:46.759, 21.02 W
2026/07/17 18:18:47.759, 20.93 W
2026/07/17 18:18:48.759, 20.92 W
2026/07/17 18:18:49.759, 20.87 W
2026/07/17 18:18:50.759, 20.83 W
2026/07/17 18:18:51.759, 20.78 W
2026/07/17 18:18:52.759, 20.73 W
2026/07/17 18:18:53.760, 20.73 W
2026/07/17 18:18:54.760, 20.73 W
2026/07/17 18:18:55.760, 20.73 W
2026/07/17 18:18:56.760, 20.68 W
2026/07/17 18:18:57.760, 20.64 W
2026/07/17 18:18:58.760, 20.64 W
2026/07/17 18:18:59.760, 20.64 W
2026/07/17 18:19:00.760, 20.64 W
2026/07/17 18:19:01.760, 20.64 W
2026/07/17 18:19:02.761, 20.78 W
2026/07/17 18:19:03.761, 20.93 W
2026/07/17 18:19:04.761, 20.93 W
2026/07/17 18:19:05.761, 20.88 W
2026/07/17 18:19:06.761, 20.83 W
2026/07/17 18:19:07.761, 20.78 W
2026/07/17 18:19:08.761, 20.78 W
2026/07/17 18:19:09.761, 20.83 W
2026/07/17 18:19:10.761, 20.78 W
2026/07/17 18:19:11.762, 20.73 W
2026/07/17 18:19:12.762, 20.73 W
2026/07/17 18:19:13.762, 20.74 W
2026/07/17 18:19:14.762, 20.74 W
2026/07/17 18:19:15.762, 20.73 W
2026/07/17 18:19:16.762, 20.74 W
2026/07/17 18:19:17.762, 20.69 W
2026/07/17 18:19:18.763, 20.64 W
2026/07/17 18:19:19.763, 20.64 W
2026/07/17 18:19:20.763, 20.64 W
2026/07/17 18:19:21.763, 20.64 W
2026/07/17 18:19:22.763, 20.64 W
2026/07/17 18:19:23.763, 20.64 W
2026/07/17 18:19:24.763, 20.65 W
2026/07/17 18:19:25.764, 20.65 W
2026/07/17 18:19:26.764, 20.65 W
2026/07/17 18:19:27.764, 20.65 W
2026/07/17 18:19:28.764, 20.65 W
2026/07/17 18:19:29.764, 20.65 W
2026/07/17 18:19:30.764, 20.65 W
2026/07/17 18:19:31.764, 20.65 W
2026/07/17 18:19:32.764, 20.65 W
2026/07/17 18:19:33.764, 20.65 W
2026/07/17 18:19:34.765, 20.65 W
2026/07/17 18:19:35.765, 20.65 W
2026/07/17 18:19:36.765, 20.60 W
2026/07/17 18:19:37.765, 20.60 W
2026/07/17 18:19:38.765, 20.60 W
2026/07/17 18:19:39.765, 20.60 W
2026/07/17 18:19:40.765, 20.65 W
2026/07/17 18:19:41.766, 20.60 W
2026/07/17 18:19:42.766, 20.55 W
2026/07/17 18:19:43.766, 20.55 W
2026/07/17 18:19:44.766, 20.60 W
2026/07/17 18:19:45.766, 20.60 W
2026/07/17 18:19:46.766, 20.55 W
2026/07/17 18:19:47.766, 20.55 W
2026/07/17 18:19:48.766, 20.55 W
2026/07/17 18:19:49.767, 20.55 W
2026/07/17 18:19:50.767, 20.55 W
2026/07/17 18:19:51.767, 20.55 W
2026/07/17 18:19:52.767, 20.55 W
2026/07/17 18:19:53.767, 20.55 W
2026/07/17 18:19:54.767, 20.55 W
2026/07/17 18:19:55.768, 20.55 W
2026/07/17 18:19:56.768, 20.55 W
2026/07/17 18:19:57.768, 20.55 W
2026/07/17 18:19:58.768, 20.55 W
2026/07/17 18:19:59.768, 20.55 W
2026/07/17 18:20:00.768, 20.55 W
2026/07/17 18:20:01.768, 20.55 W
2026/07/17 18:20:02.768, 20.55 W
2026/07/17 18:20:03.769, 20.55 W
2026/07/17 18:20:04.769, 20.55 W
2026/07/17 18:20:05.769, 20.55 W
2026/07/17 18:20:06.769, 20.55 W
2026/07/17 18:20:07.769, 20.55 W
2026/07/17 18:20:08.769, 20.55 W
2026/07/17 18:20:09.770, 20.60 W
2026/07/17 18:20:10.770, 20.65 W
2026/07/17 18:20:11.770, 20.65 W
2026/07/17 18:20:12.770, 20.65 W
2026/07/17 18:20:13.770, 20.65 W
2026/07/17 18:20:14.770, 20.60 W
2026/07/17 18:20:15.771, 20.55 W
2026/07/17 18:20:16.771, 20.55 W
2026/07/17 18:20:17.771, 20.55 W
2026/07/17 18:20:18.771, 20.55 W
2026/07/17 18:20:19.771, 20.60 W
2026/07/17 18:20:20.771, 20.60 W
2026/07/17 18:20:21.772, 20.55 W
2026/07/17 18:20:22.772, 20.60 W
2026/07/17 18:20:23.772, 20.60 W
2026/07/17 18:20:24.772, 20.60 W
2026/07/17 18:20:25.772, 21.22 W
2026/07/17 18:20:26.772, 22.28 W
2026/07/17 18:20:27.772, 23.72 W
2026/07/17 18:20:28.773, 30.28 W
2026/07/17 18:20:29.773, 50.19 W
2026/07/17 18:20:30.773, 59.23 W
2026/07/17 18:20:31.773, 59.90 W
2026/07/17 18:20:32.773, 49.15 W
2026/07/17 18:20:33.773, 48.32 W
2026/07/17 18:20:34.774, 46.67 W
2026/07/17 18:20:35.774, 50.91 W
2026/07/17 18:20:36.774, 49.42 W
2026/07/17 18:20:37.774, 47.42 W
2026/07/17 18:20:38.774, 48.94 W
2026/07/17 18:20:39.775, 49.05 W
2026/07/17 18:20:40.775, 46.99 W
2026/07/17 18:20:41.775, 46.77 W
2026/07/17 18:20:42.775, 50.33 W
2026/07/17 18:20:43.775, 45.67 W
2026/07/17 18:20:44.775, 46.64 W
2026/07/17 18:20:45.777, 45.76 W
2026/07/17 18:20:46.777, 49.67 W
2026/07/17 18:20:47.777, 47.40 W
2026/07/17 18:20:48.777, 42.47 W
2026/07/17 18:20:49.777, 46.97 W
2026/07/17 18:20:50.777, 43.14 W
2026/07/17 18:20:51.780, 47.40 W
2026/07/17 18:20:52.780, 47.74 W
2026/07/17 18:20:53.780, 48.32 W
2026/07/17 18:20:54.780, 47.19 W
2026/07/17 18:20:55.783, 50.58 W
2026/07/17 18:20:56.783, 46.85 W
2026/07/17 18:20:57.784, 46.63 W
2026/07/17 18:20:58.784, 45.97 W
2026/07/17 18:20:59.784, 46.74 W
2026/07/17 18:21:00.784, 48.43 W
2026/07/17 18:21:01.784, 46.68 W
2026/07/17 18:21:02.784, 47.14 W
2026/07/17 18:21:03.786, 50.49 W
2026/07/17 18:21:04.786, 47.55 W
2026/07/17 18:21:05.786, 44.28 W
2026/07/17 18:21:06.786, 42.87 W
2026/07/17 18:21:07.786, 46.71 W
2026/07/17 18:21:08.786, 49.78 W
2026/07/17 18:21:09.788, 50.13 W
2026/07/17 18:21:10.788, 47.93 W
2026/07/17 18:21:11.788, 47.54 W
2026/07/17 18:21:12.788, 49.46 W
2026/07/17 18:21:13.788, 49.88 W
2026/07/17 18:21:14.788, 47.87 W
2026/07/17 18:21:15.789, 47.29 W
2026/07/17 18:21:16.789, 48.29 W
2026/07/17 18:21:17.789, 50.22 W
2026/07/17 18:21:18.789, 47.17 W
2026/07/17 18:21:19.789, 46.67 W
2026/07/17 18:21:20.789, 51.45 W
2026/07/17 18:21:21.789, 49.42 W
2026/07/17 18:21:22.790, 48.52 W
2026/07/17 18:21:23.791, 46.29 W
2026/07/17 18:21:24.791, 47.48 W
2026/07/17 18:21:25.791, 46.40 W
2026/07/17 18:21:26.794, 51.30 W
2026/07/17 18:21:27.794, 46.74 W
2026/07/17 18:21:28.794, 46.74 W
2026/07/17 18:21:29.794, 51.32 W
2026/07/17 18:21:30.794, 48.03 W
2026/07/17 18:21:31.796, 48.73 W
2026/07/17 18:21:32.796, 47.72 W
2026/07/17 18:21:33.796, 46.11 W
2026/07/17 18:21:34.798, 51.35 W
2026/07/17 18:21:35.798, 47.03 W
2026/07/17 18:21:36.798, 47.27 W
2026/07/17 18:21:37.798, 47.18 W
2026/07/17 18:21:38.798, 46.40 W
2026/07/17 18:21:39.798, 48.83 W
2026/07/17 18:21:40.799, 48.11 W
2026/07/17 18:21:41.799, 48.26 W
2026/07/17 18:21:42.799, 48.37 W
2026/07/17 18:21:43.799, 46.93 W
2026/07/17 18:21:44.799, 50.31 W
2026/07/17 18:21:45.799, 47.66 W
2026/07/17 18:21:46.800, 47.42 W
2026/07/17 18:21:47.800, 47.63 W
2026/07/17 18:21:48.800, 47.54 W
2026/07/17 18:21:49.800, 47.30 W
2026/07/17 18:21:50.800, 47.68 W
2026/07/17 18:21:51.800, 48.53 W
2026/07/17 18:21:52.800, 48.08 W
2026/07/17 18:21:53.801, 48.91 W
2026/07/17 18:21:54.803, 46.23 W
2026/07/17 18:21:55.803, 48.36 W
2026/07/17 18:21:56.803, 47.65 W
2026/07/17 18:21:57.806, 51.72 W
2026/07/17 18:21:58.806, 46.41 W
2026/07/17 18:21:59.806, 52.03 W
2026/07/17 18:22:00.806, 48.29 W
2026/07/17 18:22:01.806, 46.88 W
2026/07/17 18:22:02.806, 46.11 W
2026/07/17 18:22:03.807, 48.89 W
2026/07/17 18:22:04.807, 47.07 W
2026/07/17 18:22:05.807, 47.89 W
2026/07/17 18:22:06.807, 47.76 W
2026/07/17 18:22:07.807, 47.68 W
2026/07/17 18:22:08.807, 47.30 W
2026/07/17 18:22:09.810, 46.13 W
2026/07/17 18:22:10.810, 49.06 W
2026/07/17 18:22:11.811, 47.97 W
2026/07/17 18:22:12.811, 48.74 W
2026/07/17 18:22:13.811, 47.70 W
2026/07/17 18:22:14.812, 51.64 W
2026/07/17 18:22:15.812, 48.71 W
2026/07/17 18:22:16.812, 47.40 W
2026/07/17 18:22:17.812, 47.48 W
2026/07/17 18:22:18.813, 46.71 W
2026/07/17 18:22:19.813, 46.79 W
2026/07/17 18:22:20.813, 37.63 W
2026/07/17 18:22:21.813, 51.97 W
2026/07/17 18:22:22.813, 60.54 W
2026/07/17 18:22:23.815, 54.60 W
2026/07/17 18:22:24.815, 46.60 W
2026/07/17 18:22:25.815, 46.35 W
2026/07/17 18:22:26.815, 47.61 W
2026/07/17 18:22:27.815, 48.49 W
2026/07/17 18:22:28.815, 44.06 W
2026/07/17 18:22:29.815, 47.91 W
2026/07/17 18:22:30.816, 47.91 W
2026/07/17 18:22:31.816, 50.31 W
2026/07/17 18:22:32.816, 47.10 W
2026/07/17 18:22:33.818, 47.37 W
2026/07/17 18:22:34.818, 48.84 W
2026/07/17 18:22:35.818, 48.42 W
2026/07/17 18:22:36.818, 47.97 W
2026/07/17 18:22:37.818, 49.04 W
2026/07/17 18:22:38.818, 49.69 W
2026/07/17 18:22:39.819, 44.93 W
2026/07/17 18:22:40.819, 47.08 W
2026/07/17 18:22:41.819, 51.86 W
2026/07/17 18:22:42.819, 50.86 W
2026/07/17 18:22:43.819, 49.03 W
2026/07/17 18:22:44.819, 50.71 W
2026/07/17 18:22:45.819, 52.38 W
2026/07/17 18:22:46.819, 47.99 W
2026/07/17 18:22:47.822, 47.84 W
2026/07/17 18:22:48.822, 47.23 W
2026/07/17 18:22:49.822, 50.23 W
2026/07/17 18:22:50.822, 48.10 W
2026/07/17 18:22:51.822, 48.17 W
2026/07/17 18:22:52.822, 46.70 W
2026/07/17 18:22:53.823, 47.21 W
2026/07/17 18:22:54.823, 47.80 W
2026/07/17 18:22:55.826, 48.06 W
2026/07/17 18:22:56.826, 48.35 W
2026/07/17 18:22:57.826, 48.40 W
2026/07/17 18:22:58.826, 46.78 W
2026/07/17 18:22:59.826, 48.90 W
2026/07/17 18:23:00.827, 49.97 W
2026/07/17 18:23:01.827, 47.04 W
2026/07/17 18:23:02.827, 48.10 W
2026/07/17 18:23:03.827, 48.19 W
2026/07/17 18:23:04.828, 48.05 W
2026/07/17 18:23:05.828, 47.36 W
2026/07/17 18:23:06.829, 52.34 W
2026/07/17 18:23:07.829, 48.17 W
2026/07/17 18:23:08.829, 43.18 W
2026/07/17 18:23:09.830, 49.16 W
2026/07/17 18:23:10.830, 48.30 W
2026/07/17 18:23:11.830, 46.78 W
2026/07/17 18:23:12.830, 48.64 W
2026/07/17 18:23:13.830, 51.27 W
2026/07/17 18:23:14.830, 48.61 W
2026/07/17 18:23:15.832, 48.41 W
2026/07/17 18:23:16.832, 48.32 W
2026/07/17 18:23:17.834, 49.78 W
2026/07/17 18:23:18.834, 48.23 W
2026/07/17 18:23:19.836, 47.49 W
2026/07/17 18:23:20.836, 48.20 W
2026/07/17 18:23:21.836, 48.31 W
2026/07/17 18:23:22.836, 47.55 W
2026/07/17 18:23:23.837, 47.57 W
2026/07/17 18:23:24.837, 47.57 W
2026/07/17 18:23:25.838, 48.37 W
2026/07/17 18:23:26.838, 47.42 W
2026/07/17 18:23:27.838, 47.94 W
2026/07/17 18:23:28.838, 52.26 W
2026/07/17 18:23:29.838, 48.15 W
2026/07/17 18:23:30.838, 46.59 W
2026/07/17 18:23:31.838, 48.56 W
2026/07/17 18:23:32.839, 48.33 W
2026/07/17 18:23:33.840, 49.15 W
2026/07/17 18:23:34.840, 49.07 W
2026/07/17 18:23:35.842, 48.98 W
2026/07/17 18:23:36.842, 48.90 W
2026/07/17 18:23:37.842, 48.34 W
2026/07/17 18:23:38.842, 48.42 W
2026/07/17 18:23:39.842, 47.45 W
2026/07/17 18:23:40.842, 50.31 W
2026/07/17 18:23:41.842, 49.26 W
2026/07/17 18:23:42.843, 50.79 W
2026/07/17 18:23:43.843, 47.95 W
2026/07/17 18:23:44.843, 48.83 W
2026/07/17 18:23:45.843, 48.08 W
2026/07/17 18:23:46.843, 47.83 W
2026/07/17 18:23:47.844, 50.96 W
2026/07/17 18:23:48.844, 48.20 W
2026/07/17 18:23:49.845, 48.80 W
2026/07/17 18:23:50.845, 47.99 W
2026/07/17 18:23:51.846, 47.58 W
2026/07/17 18:23:52.846, 47.61 W
2026/07/17 18:23:53.846, 47.30 W
2026/07/17 18:23:54.846, 47.12 W
2026/07/17 18:23:55.846, 47.34 W
2026/07/17 18:23:56.847, 51.10 W
2026/07/17 18:23:57.847, 48.81 W
2026/07/17 18:23:58.847, 49.33 W
2026/07/17 18:23:59.848, 49.53 W
2026/07/17 18:24:00.848, 47.93 W
2026/07/17 18:24:01.848, 48.24 W
2026/07/17 18:24:02.848, 47.50 W
2026/07/17 18:24:03.848, 48.72 W
2026/07/17 18:24:04.848, 37.03 W
2026/07/17 18:24:05.848, 49.43 W
2026/07/17 18:24:06.849, 48.52 W
2026/07/17 18:24:07.851, 48.24 W
2026/07/17 18:24:08.851, 48.06 W
2026/07/17 18:24:09.851, 48.34 W
2026/07/17 18:24:10.851, 48.51 W
2026/07/17 18:24:11.851, 48.32 W
2026/07/17 18:24:12.852, 48.56 W
2026/07/17 18:24:13.852, 48.18 W
2026/07/17 18:24:14.854, 47.78 W
2026/07/17 18:24:15.854, 48.05 W
2026/07/17 18:24:16.855, 49.75 W
2026/07/17 18:24:17.855, 48.12 W
2026/07/17 18:24:18.855, 50.53 W
2026/07/17 18:24:19.855, 44.45 W
2026/07/17 18:24:20.856, 48.31 W
2026/07/17 18:24:21.856, 47.43 W
2026/07/17 18:24:22.856, 48.27 W
2026/07/17 18:24:23.856, 48.90 W
2026/07/17 18:24:24.859, 42.37 W
2026/07/17 18:24:25.859, 48.97 W
2026/07/17 18:24:26.861, 47.90 W
2026/07/17 18:24:27.861, 48.35 W
2026/07/17 18:24:28.861, 45.05 W
2026/07/17 18:24:29.861, 49.92 W
2026/07/17 18:24:30.861, 49.74 W
2026/07/17 18:24:31.861, 47.88 W
2026/07/17 18:24:32.862, 49.06 W
2026/07/17 18:24:33.862, 48.10 W
2026/07/17 18:24:34.862, 49.62 W
2026/07/17 18:24:35.862, 49.44 W
2026/07/17 18:24:36.862, 48.46 W
2026/07/17 18:24:37.862, 49.07 W
2026/07/17 18:24:38.862, 48.53 W
2026/07/17 18:24:39.863, 49.33 W
2026/07/17 18:24:40.863, 49.01 W
2026/07/17 18:24:41.863, 48.73 W
2026/07/17 18:24:42.864, 50.78 W
2026/07/17 18:24:43.864, 50.24 W
2026/07/17 18:24:44.864, 49.08 W
2026/07/17 18:24:45.864, 48.21 W
2026/07/17 18:24:46.864, 48.72 W
2026/07/17 18:24:47.864, 48.28 W
2026/07/17 18:24:48.865, 47.87 W
2026/07/17 18:24:49.865, 47.15 W
2026/07/17 18:24:50.867, 48.87 W
2026/07/17 18:24:51.867, 47.73 W
2026/07/17 18:24:52.867, 48.76 W
2026/07/17 18:24:53.867, 48.27 W
2026/07/17 18:24:54.867, 47.60 W
2026/07/17 18:24:55.867, 47.56 W
2026/07/17 18:24:56.867, 48.34 W
2026/07/17 18:24:57.868, 47.44 W
2026/07/17 18:24:58.868, 48.26 W
2026/07/17 18:24:59.868, 49.13 W
2026/07/17 18:25:00.868, 49.41 W
2026/07/17 18:25:01.868, 48.51 W
2026/07/17 18:25:02.868, 42.98 W
2026/07/17 18:25:03.868, 37.33 W
2026/07/17 18:25:04.869, 54.26 W
2026/07/17 18:25:05.869, 56.71 W
2026/07/17 18:25:06.869, 49.48 W
2026/07/17 18:25:07.869, 47.37 W
2026/07/17 18:25:08.872, 46.68 W
2026/07/17 18:25:09.872, 47.44 W
2026/07/17 18:25:10.872, 48.51 W
2026/07/17 18:25:11.873, 46.79 W
2026/07/17 18:25:12.873, 48.14 W
2026/07/17 18:25:13.873, 49.42 W
2026/07/17 18:25:14.873, 48.41 W
2026/07/17 18:25:15.873, 47.85 W
2026/07/17 18:25:16.873, 49.71 W
2026/07/17 18:25:17.873, 48.97 W
2026/07/17 18:25:18.874, 47.81 W
2026/07/17 18:25:19.874, 47.06 W
2026/07/17 18:25:20.874, 47.40 W
2026/07/17 18:25:21.874, 50.05 W
2026/07/17 18:25:22.875, 48.64 W
2026/07/17 18:25:23.875, 49.02 W
2026/07/17 18:25:24.877, 48.17 W
2026/07/17 18:25:25.877, 47.44 W
2026/07/17 18:25:26.877, 52.95 W
2026/07/17 18:25:27.878, 48.00 W
2026/07/17 18:25:28.878, 47.90 W
2026/07/17 18:25:29.878, 49.52 W
2026/07/17 18:25:30.879, 49.79 W
2026/07/17 18:25:31.879, 48.09 W
2026/07/17 18:25:32.879, 50.53 W
2026/07/17 18:25:33.880, 49.08 W
2026/07/17 18:25:34.880, 48.53 W
2026/07/17 18:25:35.880, 47.54 W
2026/07/17 18:25:36.882, 50.86 W
2026/07/17 18:25:37.882, 47.91 W
2026/07/17 18:25:38.882, 47.60 W
2026/07/17 18:25:39.883, 48.71 W
2026/07/17 18:25:40.883, 49.51 W
2026/07/17 18:25:41.883, 49.77 W
2026/07/17 18:25:42.884, 47.70 W
2026/07/17 18:25:43.884, 49.45 W
2026/07/17 18:25:44.884, 49.24 W
2026/07/17 18:25:45.886, 47.45 W
2026/07/17 18:25:46.886, 48.96 W
2026/07/17 18:25:47.886, 49.43 W
2026/07/17 18:25:48.886, 48.13 W
2026/07/17 18:25:49.886, 48.95 W
2026/07/17 18:25:50.886, 48.49 W
2026/07/17 18:25:51.887, 48.40 W
2026/07/17 18:25:52.888, 49.10 W
2026/07/17 18:25:53.888, 49.39 W
2026/07/17 18:25:54.888, 47.64 W
2026/07/17 18:25:55.888, 49.21 W
2026/07/17 18:25:56.888, 49.37 W
2026/07/17 18:25:57.889, 47.64 W
2026/07/17 18:25:58.889, 49.00 W
2026/07/17 18:25:59.889, 49.21 W
2026/07/17 18:26:00.890, 47.96 W
2026/07/17 18:26:01.890, 47.35 W
2026/07/17 18:26:02.890, 47.83 W
2026/07/17 18:26:03.890, 46.64 W
2026/07/17 18:26:04.890, 47.42 W
2026/07/17 18:26:05.890, 51.26 W
2026/07/17 18:26:06.891, 48.00 W
2026/07/17 18:26:07.891, 50.58 W
2026/07/17 18:26:08.891, 48.39 W
2026/07/17 18:26:09.891, 46.58 W
2026/07/17 18:26:10.891, 47.95 W
2026/07/17 18:26:11.891, 47.73 W
2026/07/17 18:26:12.891, 49.90 W
2026/07/17 18:26:13.891, 47.97 W
2026/07/17 18:26:14.892, 49.30 W
2026/07/17 18:26:15.892, 48.34 W
2026/07/17 18:26:16.892, 47.74 W
2026/07/17 18:26:17.892, 47.66 W
2026/07/17 18:26:18.892, 46.81 W
2026/07/17 18:26:19.892, 47.44 W
2026/07/17 18:26:20.894, 50.99 W
2026/07/17 18:26:21.894, 48.53 W
2026/07/17 18:26:22.896, 47.71 W
2026/07/17 18:26:23.896, 47.78 W
2026/07/17 18:26:24.896, 47.96 W
2026/07/17 18:26:25.896, 48.46 W
2026/07/17 18:26:26.896, 47.30 W
2026/07/17 18:26:27.898, 49.96 W
2026/07/17 18:26:28.898, 48.44 W
2026/07/17 18:26:29.898, 48.98 W
2026/07/17 18:26:30.898, 47.28 W
2026/07/17 18:26:31.898, 47.69 W
2026/07/17 18:26:32.900, 52.04 W
2026/07/17 18:26:33.900, 43.22 W
2026/07/17 18:26:34.900, 47.32 W
2026/07/17 18:26:35.900, 43.96 W
2026/07/17 18:26:36.900, 48.24 W
2026/07/17 18:26:37.900, 52.92 W
2026/07/17 18:26:38.901, 47.73 W
2026/07/17 18:26:39.901, 47.68 W
2026/07/17 18:26:40.901, 48.39 W
2026/07/17 18:26:41.901, 50.26 W
2026/07/17 18:26:42.901, 47.94 W
2026/07/17 18:26:43.902, 43.08 W
2026/07/17 18:26:44.902, 46.72 W
2026/07/17 18:26:45.902, 48.58 W
2026/07/17 18:26:46.902, 48.04 W
2026/07/17 18:26:47.902, 50.50 W
2026/07/17 18:26:48.903, 47.90 W
2026/07/17 18:26:49.903, 48.17 W
2026/07/17 18:26:50.903, 48.53 W
2026/07/17 18:26:51.903, 50.61 W
2026/07/17 18:26:52.903, 47.62 W
2026/07/17 18:26:53.903, 48.23 W
2026/07/17 18:26:54.903, 47.12 W
2026/07/17 18:26:55.903, 47.21 W
2026/07/17 18:26:56.903, 48.01 W
2026/07/17 18:26:57.904, 48.03 W
2026/07/17 18:26:58.904, 47.96 W
2026/07/17 18:26:59.904, 48.15 W
2026/07/17 18:27:00.904, 48.35 W
2026/07/17 18:27:01.904, 47.06 W
2026/07/17 18:27:02.904, 48.38 W
2026/07/17 18:27:03.904, 47.83 W
2026/07/17 18:27:04.904, 47.90 W
2026/07/17 18:27:05.904, 45.15 W
2026/07/17 18:27:06.905, 49.03 W
2026/07/17 18:27:07.905, 50.87 W
2026/07/17 18:27:08.905, 48.21 W
2026/07/17 18:27:09.905, 49.29 W
2026/07/17 18:27:10.905, 48.72 W
2026/07/17 18:27:11.905, 44.91 W
2026/07/17 18:27:12.905, 48.61 W
2026/07/17 18:27:13.906, 46.79 W
2026/07/17 18:27:14.906, 47.46 W
2026/07/17 18:27:15.906, 37.14 W
2026/07/17 18:27:16.906, 55.53 W
2026/07/17 18:27:17.906, 49.46 W
2026/07/17 18:27:18.906, 47.39 W
2026/07/17 18:27:19.906, 51.43 W
2026/07/17 18:27:20.907, 46.69 W
2026/07/17 18:27:21.907, 47.72 W
2026/07/17 18:27:22.907, 49.21 W
2026/07/17 18:27:23.907, 49.95 W
2026/07/17 18:27:24.907, 47.56 W
2026/07/17 18:27:25.907, 45.86 W
2026/07/17 18:27:26.907, 49.03 W
2026/07/17 18:27:27.907, 47.45 W
2026/07/17 18:27:28.907, 50.45 W
2026/07/17 18:27:29.907, 48.47 W
2026/07/17 18:27:30.908, 47.05 W
2026/07/17 18:27:31.908, 47.09 W
2026/07/17 18:27:32.908, 47.23 W
2026/07/17 18:27:33.908, 52.10 W
2026/07/17 18:27:34.908, 48.14 W
2026/07/17 18:27:35.908, 48.10 W
2026/07/17 18:27:36.908, 49.63 W
2026/07/17 18:27:37.908, 49.51 W
2026/07/17 18:27:38.908, 48.73 W
2026/07/17 18:27:39.908, 47.63 W
2026/07/17 18:27:40.909, 51.87 W
2026/07/17 18:27:41.909, 47.62 W
2026/07/17 18:27:42.909, 47.57 W
2026/07/17 18:27:43.909, 48.25 W
2026/07/17 18:27:44.909, 46.51 W
2026/07/17 18:27:45.909, 51.29 W
2026/07/17 18:27:46.909, 47.36 W
2026/07/17 18:27:47.909, 47.82 W
2026/07/17 18:27:48.909, 47.87 W
2026/07/17 18:27:49.910, 50.89 W
2026/07/17 18:27:50.910, 47.90 W
2026/07/17 18:27:51.910, 47.40 W
2026/07/17 18:27:52.910, 47.30 W
2026/07/17 18:27:53.910, 47.19 W
2026/07/17 18:27:54.910, 48.10 W
2026/07/17 18:27:55.910, 49.97 W
2026/07/17 18:27:56.910, 43.77 W
2026/07/17 18:27:57.910, 46.19 W
2026/07/17 18:27:58.911, 51.42 W
2026/07/17 18:27:59.911, 47.68 W
2026/07/17 18:28:00.911, 47.22 W
2026/07/17 18:28:01.911, 51.02 W
2026/07/17 18:28:02.911, 48.17 W
2026/07/17 18:28:03.911, 47.09 W
2026/07/17 18:28:04.911, 51.76 W
2026/07/17 18:28:05.911, 48.48 W
2026/07/17 18:28:06.911, 48.15 W
2026/07/17 18:28:07.912, 47.97 W
2026/07/17 18:28:08.912, 48.46 W
2026/07/17 18:28:09.912, 47.54 W
2026/07/17 18:28:10.912, 47.76 W
2026/07/17 18:28:11.912, 47.04 W
2026/07/17 18:28:12.912, 49.90 W
2026/07/17 18:28:13.912, 48.58 W
2026/07/17 18:28:14.913, 45.52 W
2026/07/17 18:28:15.913, 47.63 W
2026/07/17 18:28:16.913, 49.22 W
2026/07/17 18:28:17.913, 48.91 W
2026/07/17 18:28:18.913, 47.43 W
2026/07/17 18:28:19.913, 48.63 W
2026/07/17 18:28:20.913, 48.24 W
2026/07/17 18:28:21.913, 46.15 W
2026/07/17 18:28:22.914, 49.23 W
2026/07/17 18:28:23.914, 47.64 W
2026/07/17 18:28:24.914, 47.91 W
2026/07/17 18:28:25.914, 47.62 W
2026/07/17 18:28:26.914, 49.50 W
2026/07/17 18:28:27.914, 48.46 W
2026/07/17 18:28:28.914, 47.53 W
2026/07/17 18:28:29.915, 49.79 W
2026/07/17 18:28:30.915, 48.78 W
2026/07/17 18:28:31.915, 47.56 W
2026/07/17 18:28:32.915, 47.75 W
2026/07/17 18:28:33.915, 50.28 W
2026/07/17 18:28:34.915, 47.91 W
2026/07/17 18:28:35.915, 43.70 W
2026/07/17 18:28:36.916, 50.63 W
2026/07/17 18:28:37.916, 48.72 W
2026/07/17 18:28:38.916, 48.48 W
2026/07/17 18:28:39.916, 49.55 W
2026/07/17 18:28:40.916, 50.35 W
2026/07/17 18:28:41.917, 47.73 W
2026/07/17 18:28:42.917, 47.78 W
2026/07/17 18:28:43.917, 48.32 W
2026/07/17 18:28:44.917, 48.58 W
2026/07/17 18:28:45.917, 48.34 W
2026/07/17 18:28:46.918, 51.02 W
2026/07/17 18:28:47.918, 48.91 W
2026/07/17 18:28:48.918, 47.41 W
2026/07/17 18:28:49.918, 51.87 W
2026/07/17 18:28:50.918, 46.13 W
2026/07/17 18:28:51.918, 48.55 W
2026/07/17 18:28:52.919, 47.49 W
2026/07/17 18:28:53.919, 51.65 W
2026/07/17 18:28:54.919, 47.56 W
2026/07/17 18:28:55.919, 48.24 W
2026/07/17 18:28:56.919, 46.63 W
2026/07/17 18:28:57.919, 49.27 W
2026/07/17 18:28:58.919, 43.45 W
2026/07/17 18:28:59.919, 46.33 W
2026/07/17 18:29:00.919, 47.34 W
2026/07/17 18:29:01.920, 47.82 W
2026/07/17 18:29:02.920, 48.18 W
2026/07/17 18:29:03.920, 47.63 W
2026/07/17 18:29:04.920, 47.61 W
2026/07/17 18:29:05.920, 50.65 W
2026/07/17 18:29:06.920, 48.53 W
2026/07/17 18:29:07.920, 48.43 W
2026/07/17 18:29:08.921, 48.27 W
2026/07/17 18:29:09.921, 43.94 W
2026/07/17 18:29:10.921, 47.72 W
2026/07/17 18:29:11.921, 46.87 W
2026/07/17 18:29:12.921, 47.49 W
2026/07/17 18:29:13.921, 49.37 W
2026/07/17 18:29:14.921, 48.01 W
2026/07/17 18:29:15.922, 43.33 W
2026/07/17 18:29:16.922, 47.91 W
2026/07/17 18:29:17.922, 49.78 W
2026/07/17 18:29:18.922, 48.72 W
2026/07/17 18:29:19.922, 50.14 W
2026/07/17 18:29:20.922, 48.65 W
2026/07/17 18:29:21.923, 47.85 W
2026/07/17 18:29:22.923, 46.83 W
2026/07/17 18:29:23.923, 46.42 W
2026/07/17 18:29:24.923, 46.96 W
2026/07/17 18:29:25.923, 47.81 W
2026/07/17 18:29:26.924, 42.42 W
2026/07/17 18:29:27.924, 47.99 W
2026/07/17 18:29:28.924, 47.25 W
2026/07/17 18:29:29.924, 47.24 W
2026/07/17 18:29:30.924, 47.74 W
2026/07/17 18:29:31.924, 47.35 W
2026/07/17 18:29:32.924, 42.28 W
2026/07/17 18:29:33.925, 33.88 W
2026/07/17 18:29:34.925, 48.38 W
2026/07/17 18:29:35.925, 60.34 W
2026/07/17 18:29:36.926, 47.46 W
2026/07/17 18:29:37.926, 47.25 W
2026/07/17 18:29:38.926, 48.04 W
2026/07/17 18:29:39.926, 48.60 W
2026/07/17 18:29:40.926, 51.63 W
2026/07/17 18:29:41.926, 51.05 W
2026/07/17 18:29:42.927, 46.29 W
2026/07/17 18:29:43.929, 51.22 W
2026/07/17 18:29:44.929, 47.08 W
2026/07/17 18:29:45.929, 47.27 W
2026/07/17 18:29:46.929, 48.50 W
2026/07/17 18:29:47.929, 51.61 W
2026/07/17 18:29:48.929, 51.25 W
2026/07/17 18:29:49.930, 49.71 W
2026/07/17 18:29:50.930, 43.56 W
2026/07/17 18:29:51.930, 47.73 W
2026/07/17 18:29:52.930, 50.58 W
2026/07/17 18:29:53.933, 52.03 W
2026/07/17 18:29:54.934, 50.76 W
2026/07/17 18:29:55.934, 48.65 W
2026/07/17 18:29:56.934, 41.97 W
2026/07/17 18:29:57.934, 51.31 W
2026/07/17 18:29:58.934, 52.01 W
2026/07/17 18:29:59.934, 47.47 W
2026/07/17 18:30:00.934, 49.50 W
2026/07/17 18:30:01.935, 48.19 W
2026/07/17 18:30:02.935, 46.78 W
2026/07/17 18:30:03.935, 47.76 W
2026/07/17 18:30:04.935, 46.55 W
2026/07/17 18:30:05.935, 49.42 W
2026/07/17 18:30:06.935, 48.75 W
2026/07/17 18:30:07.935, 47.10 W
2026/07/17 18:30:08.935, 47.70 W
2026/07/17 18:30:09.935, 46.75 W
2026/07/17 18:30:10.936, 47.78 W
2026/07/17 18:30:11.936, 47.73 W
2026/07/17 18:30:12.936, 51.55 W
2026/07/17 18:30:13.936, 47.50 W
2026/07/17 18:30:14.936, 47.35 W
2026/07/17 18:30:15.936, 48.69 W
2026/07/17 18:30:16.936, 48.52 W
2026/07/17 18:30:17.936, 49.45 W
2026/07/17 18:30:18.936, 47.26 W
2026/07/17 18:30:19.936, 47.49 W
2026/07/17 18:30:20.937, 49.76 W
2026/07/17 18:30:21.937, 47.23 W
2026/07/17 18:30:22.937, 48.53 W
2026/07/17 18:30:23.937, 51.49 W
2026/07/17 18:30:24.937, 47.26 W
2026/07/17 18:30:25.937, 48.35 W
2026/07/17 18:30:26.937, 51.10 W
2026/07/17 18:30:27.937, 47.72 W
2026/07/17 18:30:28.937, 47.45 W
2026/07/17 18:30:29.937, 51.69 W
2026/07/17 18:30:30.937, 48.53 W
2026/07/17 18:30:31.938, 46.94 W
2026/07/17 18:30:32.938, 51.78 W
2026/07/17 18:30:33.938, 47.91 W
2026/07/17 18:30:34.938, 47.08 W
2026/07/17 18:30:35.938, 51.12 W
2026/07/17 18:30:36.938, 48.82 W
2026/07/17 18:30:37.938, 47.50 W
2026/07/17 18:30:38.938, 47.63 W
2026/07/17 18:30:39.938, 47.74 W
2026/07/17 18:30:40.938, 50.96 W
2026/07/17 18:30:41.939, 47.73 W
2026/07/17 18:30:42.939, 46.74 W
2026/07/17 18:30:43.939, 47.68 W
2026/07/17 18:30:44.939, 47.55 W
2026/07/17 18:30:45.939, 50.29 W
2026/07/17 18:30:46.939, 47.97 W
2026/07/17 18:30:47.939, 46.56 W
2026/07/17 18:30:48.940, 47.55 W
2026/07/17 18:30:49.940, 47.62 W
2026/07/17 18:30:50.940, 51.37 W
2026/07/17 18:30:51.940, 47.88 W
2026/07/17 18:30:52.940, 46.96 W
2026/07/17 18:30:53.940, 48.42 W
2026/07/17 18:30:54.940, 43.57 W
2026/07/17 18:30:55.940, 47.38 W
2026/07/17 18:30:56.941, 46.98 W
2026/07/17 18:30:57.941, 48.03 W
2026/07/17 18:30:58.941, 46.75 W
2026/07/17 18:30:59.941, 47.32 W
2026/07/17 18:31:00.941, 50.72 W
2026/07/17 18:31:01.941, 47.99 W
2026/07/17 18:31:02.941, 47.89 W
2026/07/17 18:31:03.942, 47.26 W
2026/07/17 18:31:04.942, 47.21 W
2026/07/17 18:31:05.942, 46.90 W
2026/07/17 18:31:06.942, 47.80 W
2026/07/17 18:31:07.942, 50.80 W
2026/07/17 18:31:08.942, 48.64 W
2026/07/17 18:31:09.942, 48.66 W
2026/07/17 18:31:10.942, 47.83 W
2026/07/17 18:31:11.943, 46.56 W
2026/07/17 18:31:12.943, 49.68 W
2026/07/17 18:31:13.943, 49.30 W
2026/07/17 18:31:14.943, 50.22 W
2026/07/17 18:31:15.943, 48.36 W
2026/07/17 18:31:16.943, 47.88 W
2026/07/17 18:31:17.944, 46.61 W
2026/07/17 18:31:18.944, 47.58 W
2026/07/17 18:31:19.944, 50.66 W
2026/07/17 18:31:20.944, 48.56 W
2026/07/17 18:31:21.944, 47.95 W
2026/07/17 18:31:22.944, 47.21 W
2026/07/17 18:31:23.944, 47.25 W
2026/07/17 18:31:24.944, 48.02 W
2026/07/17 18:31:25.945, 47.68 W
2026/07/17 18:31:26.945, 48.48 W
2026/07/17 18:31:27.945, 47.05 W
2026/07/17 18:31:28.945, 50.20 W
2026/07/17 18:31:29.945, 48.39 W
2026/07/17 18:31:30.945, 48.94 W
2026/07/17 18:31:31.945, 48.61 W
2026/07/17 18:31:32.945, 48.24 W
2026/07/17 18:31:33.945, 47.42 W
2026/07/17 18:31:34.946, 47.07 W
2026/07/17 18:31:35.946, 39.46 W
2026/07/17 18:31:36.946, 45.79 W
2026/07/17 18:31:37.946, 55.95 W
2026/07/17 18:31:38.946, 60.58 W
2026/07/17 18:31:39.946, 52.29 W
2026/07/17 18:31:40.946, 47.10 W
2026/07/17 18:31:41.946, 50.99 W
2026/07/17 18:31:42.946, 48.12 W
2026/07/17 18:31:43.947, 47.05 W
2026/07/17 18:31:44.947, 47.98 W
2026/07/17 18:31:45.947, 45.33 W
2026/07/17 18:31:46.947, 48.61 W
2026/07/17 18:31:47.947, 48.18 W
2026/07/17 18:31:48.947, 49.44 W
2026/07/17 18:31:49.947, 48.40 W
2026/07/17 18:31:50.947, 46.49 W
2026/07/17 18:31:51.947, 47.34 W
2026/07/17 18:31:52.948, 46.82 W
2026/07/17 18:31:53.948, 47.22 W
2026/07/17 18:31:54.948, 48.56 W
2026/07/17 18:31:55.948, 46.86 W
2026/07/17 18:31:56.948, 47.54 W
2026/07/17 18:31:57.948, 50.91 W
2026/07/17 18:31:58.948, 47.44 W
2026/07/17 18:31:59.948, 47.24 W
2026/07/17 18:32:00.948, 49.14 W
2026/07/17 18:32:01.948, 46.63 W
2026/07/17 18:32:02.949, 47.49 W
2026/07/17 18:32:03.949, 49.73 W
2026/07/17 18:32:04.949, 46.95 W
2026/07/17 18:32:05.949, 48.24 W
2026/07/17 18:32:06.949, 51.49 W
2026/07/17 18:32:07.949, 47.30 W
2026/07/17 18:32:08.949, 47.38 W
2026/07/17 18:32:09.950, 51.85 W
2026/07/17 18:32:10.950, 47.77 W
2026/07/17 18:32:11.950, 46.72 W
2026/07/17 18:32:12.950, 50.90 W
2026/07/17 18:32:13.950, 48.66 W
2026/07/17 18:32:14.950, 47.62 W
2026/07/17 18:32:15.950, 47.51 W
2026/07/17 18:32:16.951, 47.51 W
2026/07/17 18:32:17.951, 50.34 W
2026/07/17 18:32:18.951, 47.83 W
2026/07/17 18:32:19.951, 47.75 W
2026/07/17 18:32:20.951, 46.75 W
2026/07/17 18:32:21.951, 47.68 W
2026/07/17 18:32:22.951, 51.23 W
2026/07/17 18:32:23.952, 48.37 W
2026/07/17 18:32:24.952, 47.11 W
2026/07/17 18:32:25.952, 47.57 W
2026/07/17 18:32:26.952, 46.37 W
2026/07/17 18:32:27.952, 49.02 W
2026/07/17 18:32:28.952, 49.43 W
2026/07/17 18:32:29.952, 44.81 W
2026/07/17 18:32:30.952, 43.03 W
2026/07/17 18:32:31.953, 48.01 W
2026/07/17 18:32:32.953, 48.67 W
2026/07/17 18:32:33.953, 48.35 W
2026/07/17 18:32:34.953, 50.83 W
2026/07/17 18:32:35.953, 47.00 W
2026/07/17 18:32:36.953, 47.22 W
2026/07/17 18:32:37.954, 49.01 W
2026/07/17 18:32:38.954, 48.76 W
2026/07/17 18:32:39.954, 48.63 W
2026/07/17 18:32:40.954, 48.35 W
2026/07/17 18:32:41.954, 48.33 W
2026/07/17 18:32:42.954, 48.73 W
2026/07/17 18:32:43.954, 47.26 W
2026/07/17 18:32:44.955, 47.39 W
2026/07/17 18:32:45.955, 47.28 W
2026/07/17 18:32:46.955, 43.52 W
2026/07/17 18:32:47.955, 48.40 W
2026/07/17 18:32:48.955, 46.72 W
2026/07/17 18:32:49.955, 49.04 W
2026/07/17 18:32:50.955, 48.43 W
2026/07/17 18:32:51.955, 48.15 W
2026/07/17 18:32:52.955, 47.74 W
2026/07/17 18:32:53.956, 48.05 W
2026/07/17 18:32:54.957, 48.40 W
2026/07/17 18:32:55.957, 47.36 W
2026/07/17 18:32:56.957, 48.25 W
2026/07/17 18:32:57.959, 52.12 W
2026/07/17 18:32:58.959, 47.32 W
2026/07/17 18:32:59.959, 44.11 W
2026/07/17 18:33:00.959, 47.27 W
2026/07/17 18:33:01.959, 47.95 W
2026/07/17 18:33:02.959, 47.80 W
2026/07/17 18:33:03.960, 47.31 W
2026/07/17 18:33:04.960, 47.08 W
2026/07/17 18:33:05.960, 47.53 W
2026/07/17 18:33:06.960, 44.10 W
2026/07/17 18:33:07.960, 48.20 W
2026/07/17 18:33:08.960, 48.37 W
2026/07/17 18:33:09.960, 47.50 W
2026/07/17 18:33:10.960, 47.85 W
2026/07/17 18:33:11.961, 43.23 W
2026/07/17 18:33:12.961, 41.78 W
2026/07/17 18:33:13.961, 48.23 W
2026/07/17 18:33:14.961, 47.66 W
2026/07/17 18:33:15.961, 47.03 W
2026/07/17 18:33:16.961, 47.66 W
2026/07/17 18:33:17.961, 47.65 W
2026/07/17 18:33:18.962, 47.84 W
2026/07/17 18:33:19.962, 47.78 W
2026/07/17 18:33:20.962, 48.59 W
2026/07/17 18:33:21.962, 47.96 W
2026/07/17 18:33:22.962, 49.30 W
2026/07/17 18:33:23.962, 48.45 W
2026/07/17 18:33:24.962, 50.87 W
2026/07/17 18:33:25.962, 47.47 W
2026/07/17 18:33:26.962, 48.42 W
2026/07/17 18:33:27.963, 48.09 W
2026/07/17 18:33:28.963, 48.31 W
2026/07/17 18:33:29.963, 47.76 W
2026/07/17 18:33:30.963, 47.67 W
2026/07/17 18:33:31.963, 47.84 W
2026/07/17 18:33:32.963, 47.16 W
2026/07/17 18:33:33.963, 47.19 W
2026/07/17 18:33:34.963, 47.90 W
2026/07/17 18:33:35.963, 46.99 W
2026/07/17 18:33:36.964, 47.63 W
2026/07/17 18:33:37.964, 48.47 W
2026/07/17 18:33:38.964, 48.76 W
2026/07/17 18:33:39.964, 48.19 W
2026/07/17 18:33:40.964, 48.81 W
2026/07/17 18:33:41.964, 44.67 W
2026/07/17 18:33:42.964, 47.58 W
2026/07/17 18:33:43.964, 47.90 W
2026/07/17 18:33:44.964, 47.98 W
2026/07/17 18:33:45.965, 47.85 W
2026/07/17 18:33:46.965, 47.43 W
2026/07/17 18:33:47.965, 48.38 W
2026/07/17 18:33:48.965, 47.37 W
2026/07/17 18:33:49.965, 48.32 W
2026/07/17 18:33:50.965, 47.93 W
2026/07/17 18:33:51.965, 47.60 W
2026/07/17 18:33:52.965, 47.92 W
2026/07/17 18:33:53.966, 47.42 W
2026/07/17 18:33:54.966, 48.12 W
2026/07/17 18:33:55.966, 47.57 W
2026/07/17 18:33:56.966, 47.43 W
2026/07/17 18:33:57.966, 48.71 W
2026/07/17 18:33:58.966, 47.45 W
2026/07/17 18:33:59.966, 48.65 W
2026/07/17 18:34:00.966, 47.24 W
2026/07/17 18:34:01.966, 49.08 W
2026/07/17 18:34:02.967, 48.23 W
2026/07/17 18:34:03.967, 49.00 W
2026/07/17 18:34:04.967, 48.40 W
2026/07/17 18:34:05.967, 47.92 W
2026/07/17 18:34:06.967, 47.24 W
2026/07/17 18:34:07.967, 48.22 W
2026/07/17 18:34:08.967, 47.55 W
2026/07/17 18:34:09.968, 47.60 W
2026/07/17 18:34:10.968, 48.38 W
2026/07/17 18:34:11.968, 48.14 W
2026/07/17 18:34:12.968, 48.22 W
2026/07/17 18:34:13.968, 47.86 W
2026/07/17 18:34:14.968, 47.45 W
2026/07/17 18:34:15.968, 47.78 W
2026/07/17 18:34:16.968, 48.70 W
2026/07/17 18:34:17.968, 48.02 W
2026/07/17 18:34:18.968, 48.26 W
2026/07/17 18:34:19.969, 47.60 W
2026/07/17 18:34:20.969, 47.67 W
2026/07/17 18:34:21.969, 47.49 W
2026/07/17 18:34:22.969, 48.41 W
2026/07/17 18:34:23.969, 48.68 W
2026/07/17 18:34:24.969, 48.08 W
2026/07/17 18:34:25.969, 48.08 W
2026/07/17 18:34:26.969, 47.94 W
2026/07/17 18:34:27.969, 44.77 W
2026/07/17 18:34:28.970, 48.09 W
2026/07/17 18:34:29.970, 48.24 W
2026/07/17 18:34:30.970, 47.86 W
2026/07/17 18:34:31.970, 47.85 W
2026/07/17 18:34:32.970, 47.76 W
2026/07/17 18:34:33.970, 47.50 W
2026/07/17 18:34:34.970, 48.29 W
2026/07/17 18:34:35.970, 46.43 W
2026/07/17 18:34:36.970, 48.47 W
2026/07/17 18:34:37.971, 48.79 W
2026/07/17 18:34:38.971, 48.33 W
2026/07/17 18:34:39.971, 48.62 W
2026/07/17 18:34:40.971, 47.92 W
2026/07/17 18:34:41.971, 47.46 W
2026/07/17 18:34:42.971, 47.94 W
2026/07/17 18:34:43.971, 48.10 W
2026/07/17 18:34:44.971, 48.52 W
2026/07/17 18:34:45.972, 47.47 W
2026/07/17 18:34:46.972, 47.79 W
2026/07/17 18:34:47.972, 47.64 W
2026/07/17 18:34:48.972, 48.28 W
2026/07/17 18:34:49.972, 48.41 W
2026/07/17 18:34:50.972, 48.01 W
2026/07/17 18:34:51.972, 47.59 W
2026/07/17 18:34:52.972, 47.01 W
2026/07/17 18:34:53.972, 47.95 W
2026/07/17 18:34:54.973, 48.71 W
2026/07/17 18:34:55.973, 47.93 W
2026/07/17 18:34:56.973, 48.57 W
2026/07/17 18:34:57.973, 46.78 W
2026/07/17 18:34:58.973, 47.28 W
2026/07/17 18:34:59.973, 48.22 W
2026/07/17 18:35:00.973, 48.67 W
2026/07/17 18:35:01.974, 47.63 W
2026/07/17 18:35:02.974, 46.95 W
2026/07/17 18:35:03.974, 47.47 W
2026/07/17 18:35:04.974, 48.96 W
2026/07/17 18:35:05.974, 41.09 W
2026/07/17 18:35:06.974, 38.35 W
2026/07/17 18:35:07.974, 49.34 W
2026/07/17 18:35:08.975, 47.30 W
2026/07/17 18:35:09.975, 44.77 W
2026/07/17 18:35:10.975, 48.44 W
2026/07/17 18:35:11.975, 47.55 W
2026/07/17 18:35:12.975, 44.18 W
2026/07/17 18:35:13.976, 48.50 W
2026/07/17 18:35:14.976, 48.88 W
2026/07/17 18:35:15.976, 49.08 W
2026/07/17 18:35:16.976, 47.36 W
2026/07/17 18:35:17.976, 46.62 W
2026/07/17 18:35:18.976, 47.85 W
2026/07/17 18:35:19.977, 49.21 W
2026/07/17 18:35:20.977, 47.86 W
2026/07/17 18:35:21.977, 47.45 W
2026/07/17 18:35:22.977, 48.10 W
2026/07/17 18:35:23.977, 48.21 W
2026/07/17 18:35:24.977, 47.58 W
2026/07/17 18:35:25.977, 45.13 W
2026/07/17 18:35:26.977, 49.25 W
2026/07/17 18:35:27.978, 48.99 W
2026/07/17 18:35:28.978, 46.73 W
2026/07/17 18:35:29.978, 46.91 W
2026/07/17 18:35:30.978, 49.15 W
2026/07/17 18:35:31.978, 48.90 W
2026/07/17 18:35:32.978, 47.20 W
2026/07/17 18:35:33.978, 47.41 W
2026/07/17 18:35:34.978, 48.77 W
2026/07/17 18:35:35.978, 48.58 W
2026/07/17 18:35:36.979, 47.04 W
2026/07/17 18:35:37.979, 48.58 W
2026/07/17 18:35:38.979, 46.92 W
2026/07/17 18:35:39.979, 48.25 W
2026/07/17 18:35:40.979, 49.00 W
2026/07/17 18:35:41.979, 47.92 W
2026/07/17 18:35:42.979, 44.97 W
2026/07/17 18:35:43.979, 48.62 W
2026/07/17 18:35:44.979, 48.24 W
2026/07/17 18:35:45.980, 45.03 W
2026/07/17 18:35:46.980, 49.33 W
2026/07/17 18:35:47.980, 47.48 W
2026/07/17 18:35:48.980, 45.99 W
2026/07/17 18:35:49.980, 49.26 W
2026/07/17 18:35:50.980, 47.09 W
2026/07/17 18:35:51.980, 47.24 W
2026/07/17 18:35:52.980, 49.47 W
2026/07/17 18:35:53.981, 47.07 W
2026/07/17 18:35:54.981, 47.36 W
2026/07/17 18:35:55.981, 48.53 W
2026/07/17 18:35:56.981, 48.35 W
2026/07/17 18:35:57.981, 46.54 W
2026/07/17 18:35:58.981, 49.69 W
2026/07/17 18:35:59.981, 47.57 W
2026/07/17 18:36:00.981, 47.42 W
2026/07/17 18:36:01.981, 48.75 W
2026/07/17 18:36:02.982, 34.73 W
2026/07/17 18:36:03.982, 49.98 W
2026/07/17 18:36:04.982, 59.73 W
2026/07/17 18:36:05.982, 60.21 W
2026/07/17 18:36:06.982, 51.78 W
2026/07/17 18:36:07.983, 51.85 W
2026/07/17 18:36:08.983, 60.51 W
2026/07/17 18:36:09.983, 53.26 W
2026/07/17 18:36:10.983, 46.60 W
2026/07/17 18:36:11.983, 47.83 W
2026/07/17 18:36:12.983, 47.90 W
2026/07/17 18:36:13.983, 48.67 W
2026/07/17 18:36:14.983, 47.76 W
2026/07/17 18:36:15.984, 47.83 W
2026/07/17 18:36:16.984, 47.86 W
2026/07/17 18:36:17.984, 47.81 W
2026/07/17 18:36:18.984, 49.89 W
2026/07/17 18:36:19.984, 47.86 W
2026/07/17 18:36:20.984, 50.33 W
2026/07/17 18:36:21.985, 47.92 W
2026/07/17 18:36:22.985, 49.88 W
2026/07/17 18:36:23.985, 48.35 W
2026/07/17 18:36:24.985, 48.47 W
2026/07/17 18:36:25.985, 48.88 W
2026/07/17 18:36:26.985, 48.21 W
2026/07/17 18:36:27.985, 48.78 W
2026/07/17 18:36:28.985, 47.82 W
2026/07/17 18:36:29.986, 49.42 W
2026/07/17 18:36:30.986, 47.64 W
2026/07/17 18:36:31.986, 48.33 W
2026/07/17 18:36:32.986, 47.65 W
2026/07/17 18:36:33.986, 47.63 W
2026/07/17 18:36:34.986, 47.63 W
2026/07/17 18:36:35.986, 43.02 W
2026/07/17 18:36:36.986, 47.69 W
2026/07/17 18:36:37.987, 47.84 W
2026/07/17 18:36:38.987, 47.48 W
2026/07/17 18:36:39.987, 48.37 W
2026/07/17 18:36:40.987, 47.49 W
2026/07/17 18:36:41.987, 47.55 W
2026/07/17 18:36:42.987, 48.15 W
2026/07/17 18:36:43.987, 48.00 W
2026/07/17 18:36:44.987, 47.38 W
2026/07/17 18:36:45.988, 47.74 W
2026/07/17 18:36:46.988, 47.94 W
2026/07/17 18:36:47.988, 46.26 W
2026/07/17 18:36:48.988, 48.30 W
2026/07/17 18:36:49.988, 48.03 W
2026/07/17 18:36:50.988, 47.65 W
2026/07/17 18:36:51.988, 48.47 W
2026/07/17 18:36:52.989, 48.03 W
2026/07/17 18:36:53.989, 48.04 W
2026/07/17 18:36:54.989, 48.47 W
2026/07/17 18:36:55.989, 48.69 W
2026/07/17 18:36:56.989, 47.79 W
2026/07/17 18:36:57.989, 46.42 W
2026/07/17 18:36:58.989, 47.41 W
2026/07/17 18:36:59.989, 47.53 W
2026/07/17 18:37:00.990, 47.36 W
2026/07/17 18:37:01.990, 48.12 W
2026/07/17 18:37:02.990, 48.49 W
2026/07/17 18:37:03.990, 47.92 W
2026/07/17 18:37:04.990, 47.58 W
2026/07/17 18:37:05.990, 48.31 W
2026/07/17 18:37:06.990, 48.62 W
2026/07/17 18:37:07.991, 47.29 W
2026/07/17 18:37:08.991, 45.81 W
2026/07/17 18:37:09.991, 47.76 W
2026/07/17 18:37:10.991, 46.94 W
2026/07/17 18:37:11.991, 47.66 W
2026/07/17 18:37:12.991, 48.17 W
2026/07/17 18:37:13.991, 48.82 W
2026/07/17 18:37:14.992, 47.79 W
2026/07/17 18:37:15.992, 47.91 W
2026/07/17 18:37:16.992, 48.08 W
2026/07/17 18:37:17.992, 47.61 W
2026/07/17 18:37:18.992, 48.11 W
2026/07/17 18:37:19.992, 48.85 W
2026/07/17 18:37:20.992, 48.22 W
2026/07/17 18:37:21.992, 48.33 W
2026/07/17 18:37:22.992, 46.71 W
2026/07/17 18:37:23.993, 49.26 W
2026/07/17 18:37:24.993, 48.06 W
2026/07/17 18:37:25.993, 47.81 W
2026/07/17 18:37:26.993, 48.19 W
2026/07/17 18:37:27.993, 44.46 W
2026/07/17 18:37:28.993, 48.64 W
2026/07/17 18:37:29.993, 48.00 W
2026/07/17 18:37:30.993, 48.24 W
2026/07/17 18:37:31.993, 48.22 W
2026/07/17 18:37:32.994, 46.62 W
2026/07/17 18:37:33.994, 48.08 W
2026/07/17 18:37:34.994, 47.56 W
2026/07/17 18:37:35.994, 48.54 W
2026/07/17 18:37:36.994, 47.73 W
2026/07/17 18:37:37.994, 46.63 W
2026/07/17 18:37:38.994, 50.05 W
2026/07/17 18:37:39.994, 47.50 W
2026/07/17 18:37:40.994, 48.33 W
2026/07/17 18:37:41.995, 48.16 W
2026/07/17 18:37:42.995, 46.14 W
2026/07/17 18:37:43.995, 48.48 W
2026/07/17 18:37:44.995, 48.11 W
2026/07/17 18:37:45.995, 47.02 W
2026/07/17 18:37:46.995, 47.64 W
2026/07/17 18:37:47.995, 47.58 W
2026/07/17 18:37:48.995, 48.57 W
2026/07/17 18:37:49.995, 47.90 W
2026/07/17 18:37:50.996, 48.32 W
2026/07/17 18:37:51.996, 47.96 W
2026/07/17 18:37:52.996, 47.37 W
2026/07/17 18:37:53.996, 49.44 W
2026/07/17 18:37:54.996, 48.85 W
2026/07/17 18:37:55.996, 45.35 W
2026/07/17 18:37:56.996, 47.99 W
2026/07/17 18:37:57.996, 48.68 W
2026/07/17 18:37:58.996, 48.15 W
2026/07/17 18:37:59.997, 47.88 W
2026/07/17 18:38:00.997, 44.41 W
2026/07/17 18:38:01.997, 48.60 W
2026/07/17 18:38:02.997, 48.85 W
2026/07/17 18:38:03.997, 44.50 W
2026/07/17 18:38:04.997, 50.76 W
2026/07/17 18:38:05.997, 48.27 W
2026/07/17 18:38:06.997, 44.23 W
2026/07/17 18:38:07.998, 50.76 W
2026/07/17 18:38:08.998, 48.22 W
2026/07/17 18:38:09.998, 44.33 W
2026/07/17 18:38:10.998, 49.36 W
2026/07/17 18:38:11.998, 48.21 W
2026/07/17 18:38:12.998, 46.93 W
2026/07/17 18:38:13.998, 48.66 W
2026/07/17 18:38:14.998, 49.08 W
2026/07/17 18:38:15.999, 46.99 W
2026/07/17 18:38:16.999, 47.32 W
2026/07/17 18:38:17.999, 49.65 W
2026/07/17 18:38:18.999, 46.90 W
2026/07/17 18:38:19.999, 46.87 W
2026/07/17 18:38:20.999, 48.95 W
2026/07/17 18:38:22.000, 48.97 W
2026/07/17 18:38:23.000, 47.49 W
2026/07/17 18:38:24.000, 47.93 W
2026/07/17 18:38:25.000, 49.35 W
2026/07/17 18:38:26.000, 47.42 W
2026/07/17 18:38:27.000, 46.65 W
2026/07/17 18:38:28.000, 49.10 W
2026/07/17 18:38:29.001, 47.15 W
2026/07/17 18:38:30.001, 45.59 W
2026/07/17 18:38:31.001, 48.94 W
2026/07/17 18:38:32.001, 46.98 W
2026/07/17 18:38:33.001, 45.98 W
2026/07/17 18:38:34.001, 48.86 W
2026/07/17 18:38:35.001, 47.30 W
2026/07/17 18:38:36.002, 46.79 W
2026/07/17 18:38:37.002, 49.03 W
2026/07/17 18:38:38.002, 46.95 W
2026/07/17 18:38:39.002, 48.49 W
2026/07/17 18:38:40.002, 48.55 W
2026/07/17 18:38:41.002, 46.86 W
2026/07/17 18:38:42.002, 49.12 W
2026/07/17 18:38:43.002, 43.75 W
2026/07/17 18:38:44.003, 50.23 W
2026/07/17 18:38:45.003, 48.87 W
2026/07/17 18:38:46.003, 44.78 W
2026/07/17 18:38:47.003, 48.24 W
2026/07/17 18:38:48.003, 46.94 W
2026/07/17 18:38:49.003, 49.64 W
2026/07/17 18:38:50.003, 47.03 W
2026/07/17 18:38:51.003, 48.11 W
2026/07/17 18:38:52.004, 48.87 W
2026/07/17 18:38:53.004, 42.68 W
2026/07/17 18:38:54.004, 49.74 W
2026/07/17 18:38:55.004, 47.29 W
2026/07/17 18:38:56.004, 48.61 W
2026/07/17 18:38:57.004, 47.49 W
2026/07/17 18:38:58.004, 48.17 W
2026/07/17 18:38:59.005, 48.99 W
2026/07/17 18:39:00.005, 42.83 W
2026/07/17 18:39:01.005, 49.53 W
2026/07/17 18:39:02.005, 47.94 W
2026/07/17 18:39:03.005, 46.07 W
2026/07/17 18:39:04.005, 48.73 W
2026/07/17 18:39:05.005, 46.32 W
2026/07/17 18:39:06.005, 50.35 W
2026/07/17 18:39:07.006, 45.45 W
2026/07/17 18:39:08.006, 49.66 W
2026/07/17 18:39:09.006, 47.92 W
2026/07/17 18:39:10.006, 44.53 W
2026/07/17 18:39:11.006, 44.64 W
2026/07/17 18:39:12.006, 43.72 W
2026/07/17 18:39:13.006, 44.59 W
2026/07/17 18:39:14.007, 46.20 W
2026/07/17 18:39:15.007, 49.06 W
2026/07/17 18:39:16.007, 48.34 W
2026/07/17 18:39:17.007, 44.66 W
2026/07/17 18:39:18.007, 41.38 W
2026/07/17 18:39:19.007, 48.72 W
2026/07/17 18:39:20.007, 46.95 W
2026/07/17 18:39:21.007, 47.52 W
2026/07/17 18:39:22.007, 48.17 W
2026/07/17 18:39:23.008, 48.00 W
2026/07/17 18:39:24.008, 47.96 W
2026/07/17 18:39:25.008, 45.94 W
2026/07/17 18:39:26.008, 48.34 W
2026/07/17 18:39:27.008, 47.08 W
2026/07/17 18:39:28.008, 49.18 W
2026/07/17 18:39:29.008, 42.61 W
2026/07/17 18:39:30.008, 45.52 W
2026/07/17 18:39:31.009, 49.92 W
2026/07/17 18:39:32.009, 47.72 W
2026/07/17 18:39:33.009, 47.73 W
2026/07/17 18:39:34.009, 46.14 W
2026/07/17 18:39:35.009, 49.92 W
2026/07/17 18:39:36.009, 46.82 W
2026/07/17 18:39:37.009, 48.70 W
2026/07/17 18:39:38.009, 46.15 W
2026/07/17 18:39:39.010, 48.71 W
2026/07/17 18:39:40.010, 44.33 W
2026/07/17 18:39:41.010, 48.66 W
2026/07/17 18:39:42.010, 49.66 W
2026/07/17 18:39:43.010, 45.42 W
2026/07/17 18:39:44.010, 50.10 W
2026/07/17 18:39:45.010, 42.65 W
2026/07/17 18:39:46.010, 41.90 W
2026/07/17 18:39:47.010, 46.67 W
2026/07/17 18:39:48.010, 26.76 W
2026/07/17 18:39:49.010, 21.82 W
2026/07/17 18:39:50.011, 21.80 W
2026/07/17 18:39:51.011, 21.80 W
2026/07/17 18:39:52.011, 21.75 W
2026/07/17 18:39:53.011, 21.70 W
2026/07/17 18:39:54.011, 21.66 W
2026/07/17 18:39:55.011, 21.61 W
2026/07/17 18:39:56.011, 21.56 W
2026/07/17 18:39:57.011, 21.52 W
2026/07/17 18:39:58.011, 21.52 W
2026/07/17 18:39:59.011, 21.51 W
2026/07/17 18:40:00.012, 21.52 W
2026/07/17 18:40:01.012, 21.47 W
2026/07/17 18:40:02.012, 21.42 W
2026/07/17 18:40:03.012, 21.42 W
2026/07/17 18:40:04.012, 21.42 W
2026/07/17 18:40:05.012, 21.42 W
2026/07/17 18:40:06.012, 21.37 W
2026/07/17 18:40:07.012, 21.32 W
2026/07/17 18:40:08.012, 21.33 W
2026/07/17 18:40:09.013, 21.33 W
2026/07/17 18:40:10.013, 21.33 W
2026/07/17 18:40:11.013, 21.33 W
2026/07/17 18:40:12.013, 21.33 W
2026/07/17 18:40:13.013, 21.33 W
2026/07/17 18:40:14.013, 21.28 W
2026/07/17 18:40:15.013, 21.18 W
2026/07/17 18:40:16.013, 21.08 W
2026/07/17 18:40:17.014, 21.08 W
2026/07/17 18:40:18.014, 21.08 W
2026/07/17 18:40:19.014, 21.03 W
2026/07/17 18:40:20.014, 21.03 W
2026/07/17 18:40:21.014, 21.03 W
2026/07/17 18:40:22.014, 21.03 W
2026/07/17 18:40:23.014, 21.03 W
2026/07/17 18:40:24.015, 21.03 W
2026/07/17 18:40:25.015, 21.03 W
2026/07/17 18:40:26.015, 21.03 W
2026/07/17 18:40:27.015, 21.03 W
2026/07/17 18:40:28.015, 20.99 W
2026/07/17 18:40:29.015, 20.94 W
2026/07/17 18:40:30.015, 20.99 W
2026/07/17 18:40:31.015, 21.03 W
2026/07/17 18:40:32.015, 21.03 W
2026/07/17 18:40:33.015, 20.99 W
2026/07/17 18:40:34.016, 20.94 W
2026/07/17 18:40:35.016, 20.94 W
2026/07/17 18:40:36.016, 20.94 W
2026/07/17 18:40:37.016, 20.94 W
2026/07/17 18:40:38.016, 20.94 W
2026/07/17 18:40:39.016, 20.94 W
2026/07/17 18:40:40.016, 20.94 W
2026/07/17 18:40:41.016, 20.94 W
2026/07/17 18:40:42.016, 20.94 W
2026/07/17 18:40:43.017, 20.94 W
2026/07/17 18:40:44.017, 20.94 W
2026/07/17 18:40:45.017, 20.94 W
2026/07/17 18:40:46.017, 20.94 W
2026/07/17 18:40:47.017, 20.94 W
2026/07/17 18:40:48.017, 20.94 W
2026/07/17 18:40:49.017, 20.94 W
2026/07/17 18:40:50.017, 20.94 W
2026/07/17 18:40:51.017, 20.94 W
2026/07/17 18:40:52.018, 20.94 W
2026/07/17 18:40:53.018, 20.94 W
2026/07/17 18:40:54.018, 20.94 W
2026/07/17 18:40:55.018, 20.94 W
2026/07/17 18:40:56.018, 20.89 W
2026/07/17 18:40:57.018, 20.84 W
2026/07/17 18:40:58.018, 20.84 W
2026/07/17 18:40:59.018, 20.89 W
2026/07/17 18:41:00.018, 20.89 W
2026/07/17 18:41:01.018, 20.84 W
2026/07/17 18:41:02.019, 20.89 W
2026/07/17 18:41:03.019, 20.94 W
2026/07/17 18:41:04.019, 20.94 W
2026/07/17 18:41:05.019, 20.94 W
2026/07/17 18:41:06.019, 20.94 W
2026/07/17 18:41:07.019, 20.94 W
2026/07/17 18:41:08.019, 20.94 W
2026/07/17 18:41:09.019, 20.89 W
2026/07/17 18:41:10.019, 20.84 W
2026/07/17 18:41:11.019, 20.84 W
2026/07/17 18:41:12.019, 20.84 W
2026/07/17 18:41:13.020, 20.84 W
2026/07/17 18:41:14.020, 20.84 W
2026/07/17 18:41:15.020, 20.84 W
2026/07/17 18:41:16.020, 20.84 W
2026/07/17 18:41:17.020, 20.84 W
2026/07/17 18:41:18.020, 20.84 W
2026/07/17 18:41:19.020, 20.84 W
2026/07/17 18:41:20.020, 20.84 W
2026/07/17 18:41:21.020, 20.84 W
2026/07/17 18:41:22.021, 20.84 W
2026/07/17 18:41:23.021, 20.84 W
2026/07/17 18:41:24.021, 20.84 W
2026/07/17 18:41:25.021, 20.84 W
2026/07/17 18:41:26.021, 20.84 W
2026/07/17 18:41:27.021, 20.84 W
2026/07/17 18:41:28.021, 20.84 W
2026/07/17 18:41:29.021, 20.84 W
2026/07/17 18:41:30.021, 20.84 W
2026/07/17 18:41:31.022, 20.84 W
2026/07/17 18:41:32.022, 20.84 W
2026/07/17 18:41:33.022, 20.84 W
2026/07/17 18:41:34.022, 20.84 W
2026/07/17 18:41:35.022, 20.84 W
2026/07/17 18:41:36.022, 20.84 W
2026/07/17 18:41:37.022, 20.84 W
2026/07/17 18:41:38.023, 20.84 W
2026/07/17 18:41:39.023, 20.84 W
2026/07/17 18:41:40.023, 20.84 W
2026/07/17 18:41:41.023, 20.84 W
2026/07/17 18:41:42.023, 20.84 W
2026/07/17 18:41:43.023, 20.84 W
2026/07/17 18:41:44.023, 20.84 W
2026/07/17 18:41:45.023, 20.84 W
2026/07/17 18:41:46.023, 20.84 W
2026/07/17 18:41:47.024, 20.84 W
2026/07/17 18:41:48.024, 20.84 W
2026/07/17 18:41:49.024, 20.84 W
2026/07/17 18:41:50.024, 20.84 W
2026/07/17 18:41:51.024, 20.84 W
2026/07/17 18:41:52.024, 20.84 W
2026/07/17 18:41:53.024, 20.84 W
2026/07/17 18:41:54.024, 20.84 W
2026/07/17 18:41:55.024, 20.84 W
2026/07/17 18:41:56.024, 20.84 W
2026/07/17 18:41:57.025, 20.84 W
2026/07/17 18:41:58.025, 20.84 W
2026/07/17 18:41:59.025, 20.84 W
2026/07/17 18:42:00.025, 20.84 W
2026/07/17 18:42:01.025, 20.84 W
2026/07/17 18:42:02.025, 20.84 W
2026/07/17 18:42:03.025, 20.84 W
2026/07/17 18:42:04.026, 20.84 W
2026/07/17 18:42:05.026, 20.84 W
2026/07/17 18:42:06.026, 20.84 W
2026/07/17 18:42:07.026, 20.84 W
2026/07/17 18:42:08.026, 20.84 W
2026/07/17 18:42:09.026, 20.84 W
2026/07/17 18:42:10.026, 20.84 W
2026/07/17 18:42:11.026, 20.84 W
2026/07/17 18:42:12.027, 20.84 W
2026/07/17 18:42:13.027, 20.84 W
2026/07/17 18:42:14.027, 20.84 W
2026/07/17 18:42:15.027, 20.84 W
2026/07/17 18:42:16.027, 20.84 W
2026/07/17 18:42:17.027, 20.84 W
2026/07/17 18:42:18.027, 20.84 W
2026/07/17 18:42:19.028, 20.84 W
2026/07/17 18:42:20.028, 20.84 W
2026/07/17 18:42:21.028, 20.84 W
2026/07/17 18:42:22.028, 20.84 W
2026/07/17 18:42:23.028, 20.84 W
2026/07/17 18:42:24.028, 20.84 W
2026/07/17 18:42:25.028, 20.84 W
2026/07/17 18:42:26.028, 20.84 W
2026/07/17 18:42:27.028, 20.79 W
2026/07/17 18:42:28.029, 20.79 W
2026/07/17 18:42:29.029, 20.84 W
2026/07/17 18:42:30.029, 20.84 W
2026/07/17 18:42:31.029, 20.84 W
2026/07/17 18:42:32.029, 20.84 W
2026/07/17 18:42:33.029, 20.84 W
2026/07/17 18:42:34.029, 20.84 W
2026/07/17 18:42:35.029, 20.84 W
2026/07/17 18:42:36.029, 20.84 W
2026/07/17 18:42:37.030, 20.84 W
2026/07/17 18:42:38.030, 20.84 W
2026/07/17 18:42:39.030, 20.79 W
2026/07/17 18:42:40.030, 20.79 W
2026/07/17 18:42:41.030, 20.84 W
2026/07/17 18:42:42.030, 20.84 W
2026/07/17 18:42:43.031, 20.84 W
2026/07/17 18:42:44.031, 20.84 W
2026/07/17 18:42:45.031, 20.84 W
2026/07/17 18:42:46.031, 20.84 W
2026/07/17 18:42:47.031, 20.84 W
2026/07/17 18:42:48.031, 20.84 W
2026/07/17 18:42:49.031, 20.84 W
2026/07/17 18:42:50.032, 20.79 W
2026/07/17 18:42:51.032, 20.74 W
2026/07/17 18:42:52.032, 20.79 W
2026/07/17 18:42:53.032, 20.79 W
2026/07/17 18:42:54.032, 20.74 W
2026/07/17 18:42:55.032, 20.74 W
2026/07/17 18:42:56.032, 20.79 W
2026/07/17 18:42:57.032, 20.79 W
2026/07/17 18:42:58.033, 20.79 W
2026/07/17 18:42:59.033, 20.84 W
2026/07/17 18:43:00.033, 20.84 W
2026/07/17 18:43:01.033, 20.84 W
2026/07/17 18:43:02.033, 20.84 W
2026/07/17 18:43:03.033, 20.79 W
2026/07/17 18:43:04.034, 20.79 W
2026/07/17 18:43:05.034, 20.84 W
2026/07/17 18:43:06.034, 20.84 W
2026/07/17 18:43:07.034, 20.84 W
2026/07/17 18:43:08.034, 20.84 W
2026/07/17 18:43:09.034, 20.84 W
2026/07/17 18:43:10.034, 20.84 W
2026/07/17 18:43:11.034, 20.84 W
2026/07/17 18:43:12.034, 20.84 W
2026/07/17 18:43:13.035, 20.84 W
2026/07/17 18:43:14.035, 20.84 W
2026/07/17 18:43:15.035, 20.79 W
2026/07/17 18:43:16.035, 20.79 W
2026/07/17 18:43:17.035, 20.79 W
2026/07/17 18:43:18.035, 20.79 W
2026/07/17 18:43:19.035, 20.79 W
2026/07/17 18:43:20.036, 20.79 W
2026/07/17 18:43:21.036, 20.84 W
2026/07/17 18:43:22.036, 20.84 W
2026/07/17 18:43:23.036, 20.79 W
2026/07/17 18:43:24.036, 20.79 W
2026/07/17 18:43:25.036, 20.79 W
2026/07/17 18:43:26.036, 20.79 W
2026/07/17 18:43:27.036, 20.79 W
2026/07/17 18:43:28.037, 20.79 W
2026/07/17 18:43:29.037, 20.79 W
2026/07/17 18:43:30.037, 20.74 W
2026/07/17 18:43:31.037, 20.74 W
2026/07/17 18:43:32.037, 20.74 W
2026/07/17 18:43:33.037, 20.74 W
2026/07/17 18:43:34.037, 20.74 W
2026/07/17 18:43:35.037, 20.74 W
2026/07/17 18:43:36.038, 20.79 W
2026/07/17 18:43:37.038, 20.79 W
2026/07/17 18:43:38.038, 20.74 W
2026/07/17 18:43:39.038, 20.74 W
2026/07/17 18:43:40.038, 20.74 W
2026/07/17 18:43:41.038, 20.74 W
2026/07/17 18:43:42.038, 20.74 W
2026/07/17 18:43:43.038, 20.74 W
2026/07/17 18:43:44.039, 20.74 W
2026/07/17 18:43:45.039, 20.74 W
2026/07/17 18:43:46.039, 20.74 W
2026/07/17 18:43:47.039, 20.79 W
2026/07/17 18:43:48.039, 20.79 W
2026/07/17 18:43:49.039, 20.74 W
2026/07/17 18:43:50.039, 20.79 W
2026/07/17 18:43:51.039, 20.79 W
2026/07/17 18:43:52.039, 20.79 W
2026/07/17 18:43:53.040, 20.79 W
2026/07/17 18:43:54.040, 20.79 W
2026/07/17 18:43:55.040, 20.79 W
2026/07/17 18:43:56.040, 20.79 W
2026/07/17 18:43:57.040, 20.79 W
2026/07/17 18:43:58.040, 20.79 W
2026/07/17 18:43:59.040, 20.84 W
2026/07/17 18:44:00.040, 20.84 W
2026/07/17 18:44:01.040, 20.79 W
2026/07/17 18:44:02.040, 20.74 W
2026/07/17 18:44:03.041, 20.74 W
2026/07/17 18:44:04.041, 20.79 W
2026/07/17 18:44:05.041, 20.79 W
2026/07/17 18:44:06.041, 20.74 W
2026/07/17 18:44:07.041, 20.74 W
2026/07/17 18:44:08.041, 20.79 W
2026/07/17 18:44:09.041, 20.79 W
2026/07/17 18:44:10.041, 20.74 W
2026/07/17 18:44:11.042, 20.74 W
2026/07/17 18:44:12.042, 20.79 W
2026/07/17 18:44:13.042, 20.79 W
2026/07/17 18:44:14.042, 20.74 W
2026/07/17 18:44:15.042, 20.74 W
2026/07/17 18:44:16.042, 20.74 W
2026/07/17 18:44:17.042, 20.74 W
2026/07/17 18:44:18.042, 20.74 W
2026/07/17 18:44:19.043, 20.74 W
2026/07/17 18:44:20.043, 20.74 W
2026/07/17 18:44:21.043, 20.74 W
2026/07/17 18:44:22.043, 20.79 W
2026/07/17 18:44:23.043, 20.84 W
2026/07/17 18:44:24.043, 20.84 W
2026/07/17 18:44:25.043, 20.79 W
2026/07/17 18:44:26.043, 20.79 W
2026/07/17 18:44:27.044, 20.84 W
2026/07/17 18:44:28.044, 20.84 W
2026/07/17 18:44:29.044, 20.84 W
2026/07/17 18:44:30.044, 20.84 W
2026/07/17 18:44:31.044, 20.79 W
2026/07/17 18:44:32.044, 20.79 W
2026/07/17 18:44:33.044, 20.84 W
2026/07/17 18:44:34.044, 20.84 W
2026/07/17 18:44:35.045, 20.84 W
2026/07/17 18:44:36.045, 20.79 W
2026/07/17 18:44:37.045, 20.74 W
2026/07/17 18:44:38.045, 20.79 W
2026/07/17 18:44:39.045, 20.84 W
2026/07/17 18:44:40.045, 20.84 W
2026/07/17 18:44:41.045, 20.84 W
2026/07/17 18:44:42.045, 20.84 W
2026/07/17 18:44:43.046, 20.79 W
2026/07/17 18:44:44.046, 20.79 W
2026/07/17 18:44:45.046, 20.84 W
2026/07/17 18:44:46.046, 20.79 W
2026/07/17 18:44:47.046, 20.74 W
2026/07/17 18:44:48.046, 22.59 W
2026/07/17 18:44:49.046, 21.68 W
2026/07/17 18:44:50.047, 15.99 W
2026/07/17 18:44:51.047, 15.45 W
2026/07/17 18:44:52.047, 15.41 W
2026/07/17 18:44:53.047, 15.41 W
2026/07/17 18:44:54.047, 15.41 W
2026/07/17 18:44:55.047, 15.41 W
2026/07/17 18:44:56.047, 12.18 W
2026/07/17 18:44:57.048, 8.95 W
2026/07/17 18:44:58.048, 8.95 W
2026/07/17 18:44:59.048, 8.95 W
2026/07/17 18:45:00.048, 8.95 W
2026/07/17 18:45:01.048, 8.90 W
2026/07/17 18:45:02.048, 8.90 W
2026/07/17 18:45:03.048, 8.95 W
2026/07/17 18:45:04.048, 8.95 W
2026/07/17 18:45:05.048, 8.95 W
2026/07/17 18:45:06.049, 8.90 W
2026/07/17 18:45:07.049, 8.86 W
2026/07/17 18:45:08.049, 8.86 W
2026/07/17 18:45:09.049, 8.86 W
2026/07/17 18:45:10.049, 8.86 W
2026/07/17 18:45:11.049, 8.86 W
2026/07/17 18:45:12.049, 8.86 W
2026/07/17 18:45:13.050, 8.86 W
2026/07/17 18:45:14.050, 8.86 W
2026/07/17 18:45:15.050, 8.86 W
2026/07/17 18:45:16.050, 8.86 W
2026/07/17 18:45:17.050, 8.86 W
2026/07/17 18:45:18.050, 8.86 W
2026/07/17 18:45:19.050, 8.86 W
2026/07/17 18:45:20.050, 8.86 W
2026/07/17 18:45:21.051, 8.86 W
2026/07/17 18:45:22.051, 8.86 W
2026/07/17 18:45:23.051, 8.85 W
2026/07/17 18:45:24.051, 8.86 W
2026/07/17 18:45:25.051, 8.86 W
2026/07/17 18:45:26.051, 8.86 W
2026/07/17 18:45:27.051, 8.81 W
2026/07/17 18:45:28.051, 8.81 W
2026/07/17 18:45:29.051, 8.81 W
2026/07/17 18:45:30.052, 8.81 W
2026/07/17 18:45:31.052, 8.81 W
2026/07/17 18:45:32.052, 8.76 W
2026/07/17 18:45:33.052, 8.76 W
2026/07/17 18:45:34.052, 8.76 W
2026/07/17 18:45:35.052, 8.76 W
2026/07/17 18:45:36.052, 8.76 W
2026/07/17 18:45:37.052, 8.76 W
2026/07/17 18:45:38.052, 8.76 W
2026/07/17 18:45:39.053, 8.76 W
2026/07/17 18:45:40.053, 8.76 W
2026/07/17 18:45:41.053, 8.76 W
2026/07/17 18:45:42.053, 8.76 W
2026/07/17 18:45:43.053, 8.76 W
2026/07/17 18:45:44.053, 8.76 W
2026/07/17 18:45:45.053, 8.76 W
2026/07/17 18:45:46.053, 8.76 W
2026/07/17 18:45:47.053, 8.76 W
2026/07/17 18:45:48.054, 8.76 W
2026/07/17 18:45:49.054, 8.76 W
2026/07/17 18:45:50.054, 8.76 W
2026/07/17 18:45:51.054, 8.76 W
2026/07/17 18:45:52.054, 8.76 W
2026/07/17 18:45:53.054, 8.76 W
2026/07/17 18:45:54.054, 8.76 W
2026/07/17 18:45:55.054, 8.76 W
2026/07/17 18:45:56.054, 8.76 W
2026/07/17 18:45:57.054, 8.76 W
2026/07/17 18:45:58.055, 8.76 W
2026/07/17 18:45:59.055, 8.76 W
2026/07/17 18:46:00.055, 8.76 W
2026/07/17 18:46:01.055, 8.76 W
2026/07/17 18:46:02.055, 8.76 W
2026/07/17 18:46:03.055, 8.76 W
2026/07/17 18:46:04.055, 8.76 W
2026/07/17 18:46:05.055, 8.76 W
2026/07/17 18:46:06.055, 8.76 W
2026/07/17 18:46:07.056, 8.76 W
2026/07/17 18:46:08.056, 8.76 W
2026/07/17 18:46:09.056, 8.76 W
2026/07/17 18:46:10.056, 8.76 W
2026/07/17 18:46:11.056, 8.76 W
2026/07/17 18:46:12.056, 8.76 W
2026/07/17 18:46:13.056, 8.76 W
2026/07/17 18:46:14.056, 8.76 W
2026/07/17 18:46:15.056, 8.76 W
2026/07/17 18:46:16.056, 8.71 W
2026/07/17 18:46:17.057, 8.71 W
2026/07/17 18:46:18.057, 8.71 W
2026/07/17 18:46:19.057, 8.66 W
2026/07/17 18:46:20.057, 8.66 W
2026/07/17 18:46:21.057, 8.71 W
2026/07/17 18:46:22.057, 8.76 W
2026/07/17 18:46:23.057, 8.71 W
2026/07/17 18:46:24.057, 8.71 W
2026/07/17 18:46:25.058, 8.71 W
2026/07/17 18:46:26.058, 8.71 W
2026/07/17 18:46:27.058, 8.76 W
2026/07/17 18:46:28.058, 8.71 W
2026/07/17 18:46:29.058, 8.66 W
2026/07/17 18:46:30.058, 8.66 W
2026/07/17 18:46:31.058, 8.66 W
2026/07/17 18:46:32.058, 8.66 W
2026/07/17 18:46:33.059, 8.66 W
2026/07/17 18:46:34.059, 8.66 W
2026/07/17 18:46:35.059, 8.66 W
2026/07/17 18:46:36.059, 8.71 W
2026/07/17 18:46:37.059, 8.71 W
2026/07/17 18:46:38.059, 8.66 W
2026/07/17 18:46:39.059, 8.66 W
2026/07/17 18:46:40.059, 8.66 W
2026/07/17 18:46:41.059, 8.66 W
2026/07/17 18:46:42.060, 8.66 W
2026/07/17 18:46:43.060, 8.66 W
2026/07/17 18:46:44.060, 8.66 W
2026/07/17 18:46:45.060, 8.66 W
2026/07/17 18:46:46.060, 8.66 W
2026/07/17 18:46:47.060, 8.66 W
2026/07/17 18:46:48.060, 8.66 W
2026/07/17 18:46:49.060, 8.66 W
2026/07/17 18:46:50.061, 8.66 W
2026/07/17 18:46:51.061, 8.66 W
2026/07/17 18:46:52.061, 8.66 W
2026/07/17 18:46:53.061, 8.66 W
2026/07/17 18:46:54.061, 8.66 W
2026/07/17 18:46:55.061, 8.66 W
2026/07/17 18:46:56.061, 8.66 W
2026/07/17 18:46:57.061, 8.66 W
2026/07/17 18:46:58.061, 8.66 W
2026/07/17 18:46:59.062, 8.66 W
2026/07/17 18:47:00.062, 8.66 W
2026/07/17 18:47:01.062, 8.66 W
2026/07/17 18:47:02.062, 8.66 W
2026/07/17 18:47:03.062, 8.66 W
2026/07/17 18:47:04.062, 8.66 W
2026/07/17 18:47:05.062, 8.66 W
2026/07/17 18:47:06.062, 8.66 W
2026/07/17 18:47:07.063, 8.66 W
2026/07/17 18:47:08.063, 8.66 W
2026/07/17 18:47:09.063, 8.66 W
2026/07/17 18:47:10.063, 8.66 W
2026/07/17 18:47:11.063, 8.66 W
2026/07/17 18:47:12.063, 8.66 W
2026/07/17 18:47:13.063, 8.66 W
2026/07/17 18:47:14.063, 8.66 W
2026/07/17 18:47:15.064, 8.66 W
2026/07/17 18:47:16.064, 8.66 W
2026/07/17 18:47:17.064, 8.66 W
2026/07/17 18:47:18.064, 8.66 W
2026/07/17 18:47:19.064, 8.66 W
2026/07/17 18:47:20.064, 8.66 W
2026/07/17 18:47:21.064, 8.66 W
2026/07/17 18:47:22.064, 8.66 W
2026/07/17 18:47:23.064, 8.66 W
2026/07/17 18:47:24.065, 8.66 W
2026/07/17 18:47:25.065, 8.66 W
2026/07/17 18:47:26.065, 8.66 W
2026/07/17 18:47:27.065, 8.66 W
2026/07/17 18:47:28.065, 8.66 W
2026/07/17 18:47:29.065, 8.66 W
2026/07/17 18:47:30.065, 8.66 W
2026/07/17 18:47:31.065, 8.66 W
2026/07/17 18:47:32.065, 8.66 W
2026/07/17 18:47:33.066, 8.66 W
2026/07/17 18:47:34.066, 8.66 W
2026/07/17 18:47:35.066, 8.66 W
2026/07/17 18:47:36.066, 8.66 W
2026/07/17 18:47:37.066, 8.66 W
2026/07/17 18:47:38.066, 8.66 W
2026/07/17 18:47:39.066, 8.66 W
2026/07/17 18:47:40.066, 8.66 W
2026/07/17 18:47:41.067, 8.66 W
2026/07/17 18:47:42.067, 8.66 W
2026/07/17 18:47:43.067, 8.66 W
2026/07/17 18:47:44.067, 8.66 W
2026/07/17 18:47:45.067, 8.66 W
2026/07/17 18:47:46.067, 8.66 W
2026/07/17 18:47:47.067, 8.66 W
2026/07/17 18:47:48.067, 8.66 W
2026/07/17 18:47:49.067, 8.66 W
2026/07/17 18:47:50.068, 8.66 W
2026/07/17 18:47:51.068, 8.66 W
2026/07/17 18:47:52.068, 8.66 W
2026/07/17 18:47:53.068, 8.66 W
2026/07/17 18:47:54.068, 8.66 W
2026/07/17 18:47:55.068, 8.66 W
2026/07/17 18:47:56.068, 8.66 W
2026/07/17 18:47:57.068, 8.66 W
2026/07/17 18:47:58.069, 8.66 W
2026/07/17 18:47:59.069, 8.66 W
2026/07/17 18:48:00.069, 8.66 W
2026/07/17 18:48:01.069, 8.66 W
2026/07/17 18:48:02.069, 8.66 W
2026/07/17 18:48:03.069, 8.66 W
2026/07/17 18:48:04.069, 8.66 W
2026/07/17 18:48:05.069, 8.66 W
2026/07/17 18:48:06.069, 8.66 W
2026/07/17 18:48:07.069, 8.66 W
2026/07/17 18:48:08.070, 8.66 W
2026/07/17 18:48:09.070, 8.66 W
2026/07/17 18:48:10.070, 8.66 W
2026/07/17 18:48:11.070, 8.66 W
2026/07/17 18:48:12.070, 8.66 W
2026/07/17 18:48:13.070, 8.66 W
2026/07/17 18:48:14.070, 8.66 W
2026/07/17 18:48:15.070, 8.66 W
2026/07/17 18:48:16.070, 8.66 W
2026/07/17 18:48:17.070, 8.66 W
2026/07/17 18:48:18.071, 8.66 W
2026/07/17 18:48:19.071, 8.66 W
2026/07/17 18:48:20.071, 8.66 W
2026/07/17 18:48:21.071, 8.66 W
2026/07/17 18:48:22.071, 8.66 W
2026/07/17 18:48:23.071, 8.66 W
2026/07/17 18:48:24.071, 8.66 W
2026/07/17 18:48:25.072, 8.66 W
2026/07/17 18:48:26.072, 8.66 W
2026/07/17 18:48:27.072, 8.66 W
2026/07/17 18:48:28.072, 8.66 W
2026/07/17 18:48:29.072, 8.66 W
2026/07/17 18:48:30.072, 8.66 W
2026/07/17 18:48:31.072, 8.66 W
2026/07/17 18:48:32.072, 8.66 W
2026/07/17 18:48:33.072, 8.66 W
2026/07/17 18:48:34.073, 8.66 W
2026/07/17 18:48:35.073, 8.66 W
2026/07/17 18:48:36.073, 8.66 W
2026/07/17 18:48:37.073, 8.66 W
2026/07/17 18:48:38.073, 8.66 W
2026/07/17 18:48:39.073, 8.66 W
2026/07/17 18:48:40.073, 8.66 W
2026/07/17 18:48:41.073, 8.66 W
2026/07/17 18:48:42.074, 8.66 W
2026/07/17 18:48:43.074, 8.66 W
2026/07/17 18:48:44.074, 8.66 W
2026/07/17 18:48:45.074, 8.66 W
2026/07/17 18:48:46.074, 8.66 W
2026/07/17 18:48:47.074, 8.66 W
2026/07/17 18:48:48.074, 8.66 W
2026/07/17 18:48:49.074, 8.66 W
2026/07/17 18:48:50.075, 8.66 W
2026/07/17 18:48:51.075, 8.66 W
2026/07/17 18:48:52.075, 8.66 W
2026/07/17 18:48:53.075, 8.66 W
2026/07/17 18:48:54.075, 8.66 W
2026/07/17 18:48:55.075, 8.66 W
2026/07/17 18:48:56.075, 8.66 W
2026/07/17 18:48:57.075, 8.66 W
2026/07/17 18:48:58.076, 8.66 W
2026/07/17 18:48:59.076, 8.61 W
2026/07/17 18:49:00.076, 8.61 W
2026/07/17 18:49:01.076, 8.66 W
2026/07/17 18:49:02.076, 8.61 W
2026/07/17 18:49:03.076, 8.56 W
2026/07/17 18:49:04.076, 8.61 W
2026/07/17 18:49:05.076, 8.66 W
2026/07/17 18:49:06.077, 8.66 W
2026/07/17 18:49:07.077, 8.66 W
2026/07/17 18:49:08.077, 8.66 W
2026/07/17 18:49:09.077, 8.66 W
2026/07/17 18:49:10.077, 8.66 W
2026/07/17 18:49:11.077, 8.61 W
2026/07/17 18:49:12.077, 8.61 W
2026/07/17 18:49:13.077, 8.66 W
2026/07/17 18:49:14.077, 8.61 W
2026/07/17 18:49:15.078, 8.61 W
2026/07/17 18:49:16.078, 8.66 W
2026/07/17 18:49:17.078, 8.66 W
2026/07/17 18:49:18.078, 8.66 W
2026/07/17 18:49:19.078, 8.66 W
2026/07/17 18:49:20.078, 8.66 W
2026/07/17 18:49:21.078, 8.66 W
2026/07/17 18:49:22.078, 8.66 W
2026/07/17 18:49:23.078, 8.61 W
2026/07/17 18:49:24.078, 8.61 W
2026/07/17 18:49:25.079, 8.66 W
2026/07/17 18:49:26.079, 8.61 W
2026/07/17 18:49:27.079, 8.61 W
2026/07/17 18:49:28.079, 8.61 W
2026/07/17 18:49:29.079, 8.56 W
2026/07/17 18:49:30.079, 8.56 W
2026/07/17 18:49:31.079, 8.56 W
2026/07/17 18:49:32.079, 8.61 W
2026/07/17 18:49:33.079, 8.66 W
2026/07/17 18:49:34.079, 8.61 W
2026/07/17 18:49:35.080, 8.61 W
2026/07/17 18:49:36.080, 8.61 W
2026/07/17 18:49:37.080, 8.56 W
2026/07/17 18:49:38.080, 8.61 W
2026/07/17 18:49:39.080, 8.61 W
2026/07/17 18:49:40.080, 8.56 W
2026/07/17 18:49:41.080, 8.56 W
2026/07/17 18:49:42.080, 8.61 W
2026/07/17 18:49:43.080, 8.61 W
2026/07/17 18:49:44.081, 8.61 W
2026/07/17 18:49:45.081, 8.61 W
2026/07/17 18:49:46.081, 8.56 W
2026/07/17 18:49:47.081, 8.61 W
2026/07/17 18:49:48.081, 8.66 W
2026/07/17 18:49:49.081, 8.66 W
2026/07/17 18:49:50.081, 8.61 W
2026/07/17 18:49:51.081, 8.56 W
2026/07/17 18:49:52.082, 8.56 W
2026/07/17 18:49:53.082, 8.61 W
2026/07/17 18:49:54.082, 8.61 W
2026/07/17 18:49:55.082, 8.61 W
2026/07/17 18:49:56.082, 8.61 W
2026/07/17 18:49:57.082, 8.56 W
2026/07/17 18:49:58.082, 8.56 W
2026/07/17 18:49:59.082, 8.61 W
2026/07/17 18:50:00.082, 8.61 W
2026/07/17 18:50:01.083, 8.56 W
2026/07/17 18:50:02.083, 8.56 W
2026/07/17 18:50:03.083, 8.61 W
2026/07/17 18:50:04.083, 8.61 W
2026/07/17 18:50:05.083, 8.61 W
2026/07/17 18:50:06.083, 8.61 W
2026/07/17 18:50:07.083, 8.56 W
2026/07/17 18:50:08.083, 8.56 W
2026/07/17 18:50:09.084, 8.61 W
2026/07/17 18:50:10.084, 8.61 W
2026/07/17 18:50:11.084, 8.61 W
2026/07/17 18:50:12.084, 8.66 W
2026/07/17 18:50:13.084, 8.61 W
2026/07/17 18:50:14.084, 8.56 W
2026/07/17 18:50:15.084, 8.56 W
2026/07/17 18:50:16.084, 8.56 W
2026/07/17 18:50:17.084, 8.56 W
2026/07/17 18:50:18.085, 8.56 W
2026/07/17 18:50:19.085, 8.56 W
2026/07/17 18:50:20.085, 8.56 W
2026/07/17 18:50:21.085, 8.56 W
2026/07/17 18:50:22.085, 8.56 W
2026/07/17 18:50:23.085, 8.56 W
2026/07/17 18:50:24.085, 8.56 W
2026/07/17 18:50:25.085, 8.56 W
2026/07/17 18:50:26.085, 8.56 W
2026/07/17 18:50:27.086, 8.56 W
2026/07/17 18:50:28.086, 8.56 W
2026/07/17 18:50:29.086, 8.56 W
2026/07/17 18:50:30.086, 8.56 W
2026/07/17 18:50:31.086, 8.56 W
2026/07/17 18:50:32.086, 8.56 W
2026/07/17 18:50:33.086, 8.56 W
2026/07/17 18:50:34.086, 8.56 W
2026/07/17 18:50:35.087, 8.56 W
2026/07/17 18:50:36.087, 8.56 W
2026/07/17 18:50:37.087, 8.56 W
2026/07/17 18:50:38.087, 8.56 W
2026/07/17 18:50:39.087, 8.56 W
2026/07/17 18:50:40.087, 8.61 W
2026/07/17 18:50:41.087, 8.61 W
2026/07/17 18:50:42.087, 8.56 W
2026/07/17 18:50:43.087, 8.56 W
2026/07/17 18:50:44.088, 8.56 W
2026/07/17 18:50:45.088, 8.61 W
2026/07/17 18:50:46.088, 8.61 W
2026/07/17 18:50:47.088, 8.56 W
2026/07/17 18:50:48.088, 8.56 W
2026/07/17 18:50:49.088, 8.61 W
2026/07/17 18:50:50.088, 8.61 W
2026/07/17 18:50:51.088, 8.61 W
2026/07/17 18:50:52.089, 8.61 W
2026/07/17 18:50:53.089, 8.56 W
2026/07/17 18:50:54.089, 8.56 W
2026/07/17 18:50:55.089, 8.56 W
2026/07/17 18:50:56.089, 8.56 W
2026/07/17 18:50:57.089, 8.61 W
2026/07/17 18:50:58.089, 8.61 W
2026/07/17 18:50:59.089, 8.56 W
2026/07/17 18:51:00.090, 8.56 W
2026/07/17 18:51:01.090, 8.56 W
2026/07/17 18:51:02.090, 8.56 W
2026/07/17 18:51:03.090, 8.61 W
2026/07/17 18:51:04.090, 8.61 W
2026/07/17 18:51:05.090, 8.61 W
2026/07/17 18:51:06.090, 8.61 W
2026/07/17 18:51:07.091, 8.61 W
2026/07/17 18:51:08.091, 8.61 W
2026/07/17 18:51:09.091, 8.56 W
2026/07/17 18:51:10.091, 8.56 W
2026/07/17 18:51:11.091, 8.56 W
2026/07/17 18:51:12.091, 8.56 W
2026/07/17 18:51:13.091, 8.56 W
2026/07/17 18:51:14.092, 8.56 W
2026/07/17 18:51:15.092, 8.56 W
2026/07/17 18:51:16.092, 8.61 W
2026/07/17 18:51:17.092, 8.61 W
2026/07/17 18:51:18.092, 8.56 W
2026/07/17 18:51:19.092, 8.56 W
2026/07/17 18:51:20.092, 8.56 W
2026/07/17 18:51:21.092, 8.56 W
2026/07/17 18:51:22.092, 8.56 W
2026/07/17 18:51:23.093, 8.56 W
2026/07/17 18:51:24.093, 8.61 W
2026/07/17 18:51:25.093, 8.61 W
2026/07/17 18:51:26.093, 8.56 W
2026/07/17 18:51:27.093, 8.56 W
2026/07/17 18:51:28.093, 8.56 W
2026/07/17 18:51:29.093, 8.56 W
2026/07/17 18:51:30.093, 8.56 W
2026/07/17 18:51:31.094, 8.56 W
2026/07/17 18:51:32.094, 8.61 W
2026/07/17 18:51:33.094, 8.61 W
2026/07/17 18:51:34.094, 8.56 W
2026/07/17 18:51:35.094, 8.56 W
2026/07/17 18:51:36.094, 8.56 W
2026/07/17 18:51:37.094, 8.56 W
2026/07/17 18:51:38.094, 8.56 W
2026/07/17 18:51:39.094, 8.56 W
2026/07/17 18:51:40.095, 8.56 W
2026/07/17 18:51:41.095, 8.56 W
2026/07/17 18:51:42.095, 8.56 W
2026/07/17 18:51:43.095, 8.56 W
2026/07/17 18:51:44.095, 8.56 W
2026/07/17 18:51:45.095, 8.61 W
2026/07/17 18:51:46.095, 8.61 W
2026/07/17 18:51:47.095, 8.56 W
2026/07/17 18:51:48.095, 8.61 W
2026/07/17 18:51:49.096, 8.61 W
2026/07/17 18:51:50.096, 8.56 W
2026/07/17 18:51:51.096, 8.56 W
2026/07/17 18:51:52.096, 8.56 W
2026/07/17 18:51:53.096, 8.56 W
2026/07/17 18:51:54.096, 8.56 W
2026/07/17 18:51:55.097, 8.56 W
2026/07/17 18:51:56.097, 8.56 W
2026/07/17 18:51:57.097, 8.56 W
2026/07/17 18:51:58.097, 8.56 W
2026/07/17 18:51:59.097, 8.56 W
2026/07/17 18:52:00.097, 8.56 W
2026/07/17 18:52:01.097, 8.56 W
2026/07/17 18:52:02.097, 8.56 W
2026/07/17 18:52:03.097, 8.61 W
2026/07/17 18:52:04.098, 8.61 W
2026/07/17 18:52:05.098, 8.61 W
2026/07/17 18:52:06.098, 8.61 W
2026/07/17 18:52:07.098, 8.56 W
2026/07/17 18:52:08.098, 8.56 W
2026/07/17 18:52:09.098, 8.56 W
2026/07/17 18:52:10.098, 8.61 W
2026/07/17 18:52:11.098, 8.61 W
2026/07/17 18:52:12.098, 8.56 W
2026/07/17 18:52:13.099, 8.56 W
2026/07/17 18:52:14.099, 8.56 W
2026/07/17 18:52:15.099, 8.56 W
2026/07/17 18:52:16.099, 8.56 W
2026/07/17 18:52:17.099, 8.56 W
2026/07/17 18:52:18.099, 8.56 W
2026/07/17 18:52:19.099, 8.56 W
2026/07/17 18:52:20.099, 8.61 W
2026/07/17 18:52:21.099, 8.61 W
2026/07/17 18:52:22.100, 8.56 W
2026/07/17 18:52:23.100, 8.56 W
2026/07/17 18:52:24.100, 8.56 W
2026/07/17 18:52:25.100, 8.56 W
2026/07/17 18:52:26.100, 8.56 W
2026/07/17 18:52:27.100, 8.56 W
2026/07/17 18:52:28.100, 8.61 W
2026/07/17 18:52:29.100, 8.61 W
2026/07/17 18:52:30.100, 8.56 W
2026/07/17 18:52:31.101, 8.56 W
2026/07/17 18:52:32.101, 8.56 W
2026/07/17 18:52:33.101, 8.56 W
2026/07/17 18:52:34.101, 8.56 W
2026/07/17 18:52:35.101, 8.56 W
2026/07/17 18:52:36.101, 8.61 W
2026/07/17 18:52:37.101, 8.61 W
2026/07/17 18:52:38.102, 8.56 W
2026/07/17 18:52:39.102, 8.56 W
2026/07/17 18:52:40.102, 8.56 W
2026/07/17 18:52:41.102, 8.56 W
2026/07/17 18:52:42.102, 8.56 W
2026/07/17 18:52:43.102, 8.56 W
2026/07/17 18:52:44.102, 8.56 W
2026/07/17 18:52:45.103, 8.56 W
2026/07/17 18:52:46.103, 8.56 W
2026/07/17 18:52:47.103, 8.56 W
2026/07/17 18:52:48.103, 8.56 W
2026/07/17 18:52:49.103, 8.56 W
2026/07/17 18:52:50.103, 8.56 W
2026/07/17 18:52:51.103, 8.56 W
2026/07/17 18:52:52.104, 8.56 W
2026/07/17 18:52:53.104, 8.56 W
2026/07/17 18:52:54.104, 8.56 W
2026/07/17 18:52:55.104, 8.56 W
2026/07/17 18:52:56.104, 8.56 W
2026/07/17 18:52:57.104, 8.56 W
2026/07/17 18:52:58.104, 8.56 W
2026/07/17 18:52:59.104, 8.56 W
2026/07/17 18:53:00.105, 8.56 W
2026/07/17 18:53:01.105, 8.56 W
2026/07/17 18:53:02.105, 8.56 W
2026/07/17 18:53:03.105, 8.56 W
2026/07/17 18:53:04.105, 8.56 W
2026/07/17 18:53:05.105, 8.56 W
2026/07/17 18:53:06.105, 8.61 W
2026/07/17 18:53:07.106, 8.61 W
2026/07/17 18:53:08.106, 8.56 W
2026/07/17 18:53:09.106, 8.56 W
2026/07/17 18:53:10.106, 8.56 W
2026/07/17 18:53:11.106, 8.56 W
2026/07/17 18:53:12.106, 8.56 W
2026/07/17 18:53:13.106, 8.56 W
2026/07/17 18:53:14.106, 8.56 W
2026/07/17 18:53:15.107, 8.56 W
2026/07/17 18:53:16.107, 8.56 W
2026/07/17 18:53:17.107, 8.56 W
2026/07/17 18:53:18.107, 8.56 W
2026/07/17 18:53:19.107, 8.56 W
2026/07/17 18:53:20.107, 8.56 W
2026/07/17 18:53:21.107, 8.56 W
2026/07/17 18:53:22.107, 8.56 W
2026/07/17 18:53:23.107, 8.56 W
2026/07/17 18:53:24.108, 8.56 W
2026/07/17 18:53:25.108, 8.56 W
2026/07/17 18:53:26.108, 8.56 W
2026/07/17 18:53:27.108, 8.56 W
2026/07/17 18:53:28.108, 8.56 W
2026/07/17 18:53:29.108, 8.56 W
2026/07/17 18:53:30.108, 8.56 W
2026/07/17 18:53:31.108, 8.56 W
2026/07/17 18:53:32.109, 8.56 W
2026/07/17 18:53:33.109, 8.56 W
2026/07/17 18:53:34.109, 8.56 W
2026/07/17 18:53:35.109, 8.56 W
2026/07/17 18:53:36.109, 8.56 W
2026/07/17 18:53:37.109, 8.61 W
2026/07/17 18:53:38.109, 8.61 W
2026/07/17 18:53:39.109, 8.56 W
2026/07/17 18:53:40.109, 8.56 W
2026/07/17 18:53:41.110, 8.61 W
2026/07/17 18:53:42.110, 8.61 W
2026/07/17 18:53:43.110, 8.56 W
2026/07/17 18:53:44.110, 8.56 W
2026/07/17 18:53:45.110, 8.56 W
2026/07/17 18:53:46.110, 8.56 W
2026/07/17 18:53:47.110, 8.56 W
2026/07/17 18:53:48.111, 8.56 W
2026/07/17 18:53:49.111, 8.56 W
2026/07/17 18:53:50.111, 8.56 W
2026/07/17 18:53:51.111, 8.56 W
2026/07/17 18:53:52.111, 8.56 W
2026/07/17 18:53:53.111, 8.56 W
2026/07/17 18:53:54.111, 8.56 W
2026/07/17 18:53:55.111, 8.56 W
2026/07/17 18:53:56.111, 8.56 W
2026/07/17 18:53:57.112, 8.56 W
2026/07/17 18:53:58.112, 8.56 W
2026/07/17 18:53:59.112, 8.56 W
2026/07/17 18:54:00.112, 8.56 W
2026/07/17 18:54:01.112, 8.56 W
2026/07/17 18:54:02.112, 8.56 W
2026/07/17 18:54:03.112, 8.56 W
2026/07/17 18:54:04.112, 8.56 W
2026/07/17 18:54:05.113, 8.56 W
2026/07/17 18:54:06.113, 8.56 W
2026/07/17 18:54:07.113, 8.56 W
2026/07/17 18:54:08.113, 8.56 W
2026/07/17 18:54:09.113, 8.56 W
2026/07/17 18:54:10.113, 8.56 W
2026/07/17 18:54:11.113, 8.56 W
2026/07/17 18:54:12.113, 8.56 W
2026/07/17 18:54:13.114, 8.56 W
2026/07/17 18:54:14.114, 8.56 W
2026/07/17 18:54:15.114, 8.56 W
2026/07/17 18:54:16.114, 8.56 W
2026/07/17 18:54:17.114, 8.56 W
2026/07/17 18:54:18.114, 8.56 W
2026/07/17 18:54:19.114, 8.56 W
2026/07/17 18:54:20.115, 8.56 W
2026/07/17 18:54:21.115, 8.56 W
2026/07/17 18:54:22.115, 8.56 W
2026/07/17 18:54:23.115, 8.56 W
2026/07/17 18:54:24.115, 8.56 W
2026/07/17 18:54:25.115, 8.56 W
2026/07/17 18:54:26.115, 8.56 W
2026/07/17 18:54:27.115, 8.56 W
2026/07/17 18:54:28.115, 8.56 W
2026/07/17 18:54:29.116, 8.56 W
2026/07/17 18:54:30.116, 8.56 W
2026/07/17 18:54:31.116, 8.56 W
2026/07/17 18:54:32.116, 8.56 W
2026/07/17 18:54:33.116, 8.56 W
2026/07/17 18:54:34.116, 8.56 W
2026/07/17 18:54:35.116, 8.56 W
2026/07/17 18:54:36.116, 8.56 W
2026/07/17 18:54:37.117, 8.56 W
2026/07/17 18:54:38.117, 8.56 W
2026/07/17 18:54:39.117, 8.56 W
2026/07/17 18:54:40.117, 8.56 W
2026/07/17 18:54:41.117, 8.56 W
2026/07/17 18:54:42.117, 8.56 W
2026/07/17 18:54:43.117, 8.56 W
2026/07/17 18:54:44.117, 8.56 W
2026/07/17 18:54:45.118, 8.56 W
2026/07/17 18:54:46.118, 8.56 W
2026/07/17 18:54:47.118, 8.56 W
2026/07/17 18:54:48.118, 8.56 W
2026/07/17 18:54:49.118, 8.56 W
2026/07/17 18:54:50.118, 8.56 W
2026/07/17 18:54:51.118, 8.56 W
2026/07/17 18:54:52.118, 8.56 W
2026/07/17 18:54:53.118, 8.56 W
2026/07/17 18:54:54.119, 8.56 W
2026/07/17 18:54:55.119, 8.56 W
2026/07/17 18:54:56.119, 8.56 W
2026/07/17 18:54:57.119, 8.56 W
2026/07/17 18:54:58.119, 8.56 W
2026/07/17 18:54:59.119, 8.56 W
2026/07/17 18:55:00.119, 8.56 W
2026/07/17 18:55:01.119, 8.61 W
2026/07/17 18:55:02.120, 8.61 W
2026/07/17 18:55:03.120, 8.56 W
2026/07/17 18:55:04.120, 8.56 W
2026/07/17 18:55:05.120, 8.56 W
2026/07/17 18:55:06.120, 8.56 W
2026/07/17 18:55:07.120, 8.56 W
2026/07/17 18:55:08.120, 8.56 W
2026/07/17 18:55:09.120, 8.56 W
2026/07/17 18:55:10.120, 8.56 W
2026/07/17 18:55:11.121, 8.56 W
2026/07/17 18:55:12.121, 8.56 W
2026/07/17 18:55:13.121, 8.56 W
2026/07/17 18:55:14.121, 8.56 W
2026/07/17 18:55:15.121, 8.56 W
2026/07/17 18:55:16.121, 8.56 W
2026/07/17 18:55:17.121, 8.56 W
2026/07/17 18:55:18.122, 8.56 W
2026/07/17 18:55:19.122, 8.56 W
2026/07/17 18:55:20.122, 8.56 W
2026/07/17 18:55:21.122, 8.56 W
2026/07/17 18:55:22.122, 8.56 W
2026/07/17 18:55:23.122, 8.56 W
2026/07/17 18:55:24.122, 8.56 W
2026/07/17 18:55:25.122, 8.56 W
2026/07/17 18:55:26.122, 8.56 W
2026/07/17 18:55:27.123, 8.56 W
2026/07/17 18:55:28.123, 8.56 W
2026/07/17 18:55:29.123, 8.56 W
2026/07/17 18:55:30.123, 8.56 W
2026/07/17 18:55:31.123, 8.56 W
2026/07/17 18:55:32.123, 8.56 W
2026/07/17 18:55:33.123, 8.56 W
2026/07/17 18:55:34.123, 8.56 W
2026/07/17 18:55:35.123, 8.56 W
2026/07/17 18:55:36.123, 8.56 W
2026/07/17 18:55:37.124, 8.56 W
2026/07/17 18:55:38.124, 8.56 W
2026/07/17 18:55:39.124, 8.56 W
2026/07/17 18:55:40.124, 8.56 W
2026/07/17 18:55:41.124, 8.56 W
2026/07/17 18:55:42.124, 8.56 W
2026/07/17 18:55:43.124, 8.56 W
2026/07/17 18:55:44.125, 8.56 W
2026/07/17 18:55:45.125, 8.56 W
2026/07/17 18:55:46.125, 8.56 W
2026/07/17 18:55:47.125, 8.56 W
2026/07/17 18:55:48.125, 8.56 W
2026/07/17 18:55:49.125, 8.56 W
2026/07/17 18:55:50.125, 8.56 W
2026/07/17 18:55:51.125, 8.56 W
2026/07/17 18:55:52.125, 8.56 W
2026/07/17 18:55:53.126, 8.56 W
2026/07/17 18:55:54.126, 8.56 W
2026/07/17 18:55:55.126, 8.56 W
2026/07/17 18:55:56.126, 8.56 W
2026/07/17 18:55:57.126, 8.61 W
2026/07/17 18:55:58.126, 8.66 W
2026/07/17 18:55:59.126, 8.61 W
2026/07/17 18:56:00.126, 8.56 W
2026/07/17 18:56:01.126, 8.56 W
2026/07/17 18:56:02.127, 8.56 W
2026/07/17 18:56:03.127, 8.61 W
2026/07/17 18:56:04.127, 8.61 W
2026/07/17 18:56:05.127, 8.61 W
2026/07/17 18:56:06.127, 8.61 W
2026/07/17 18:56:07.127, 8.56 W
2026/07/17 18:56:08.127, 8.56 W
2026/07/17 18:56:09.127, 8.56 W
2026/07/17 18:56:10.127, 8.56 W
2026/07/17 18:56:11.128, 8.56 W
2026/07/17 18:56:12.128, 8.56 W
2026/07/17 18:56:13.128, 8.61 W
2026/07/17 18:56:14.128, 8.61 W
2026/07/17 18:56:15.128, 8.56 W
2026/07/17 18:56:16.128, 8.56 W
2026/07/17 18:56:17.128, 8.56 W
2026/07/17 18:56:18.129, 8.56 W
2026/07/17 18:56:19.129, 8.61 W
2026/07/17 18:56:20.129, 8.61 W
2026/07/17 18:56:21.129, 8.56 W
2026/07/17 18:56:22.129, 8.56 W
2026/07/17 18:56:23.129, 8.56 W
2026/07/17 18:56:24.129, 8.56 W
2026/07/17 18:56:25.130, 8.56 W
2026/07/17 18:56:26.130, 8.56 W
2026/07/17 18:56:27.130, 8.56 W
2026/07/17 18:56:28.130, 8.56 W
2026/07/17 18:56:29.130, 8.56 W
2026/07/17 18:56:30.130, 8.56 W
2026/07/17 18:56:31.130, 8.61 W
2026/07/17 18:56:32.130, 8.61 W
2026/07/17 18:56:33.130, 8.56 W
2026/07/17 18:56:34.131, 8.56 W
2026/07/17 18:56:35.131, 8.61 W
2026/07/17 18:56:36.131, 8.61 W
2026/07/17 18:56:37.131, 8.56 W
2026/07/17 18:56:38.131, 8.56 W
2026/07/17 18:56:39.131, 8.56 W
2026/07/17 18:56:40.131, 8.56 W
2026/07/17 18:56:41.131, 8.56 W
2026/07/17 18:56:42.132, 8.56 W
2026/07/17 18:56:43.132, 8.56 W
2026/07/17 18:56:44.132, 8.56 W
2026/07/17 18:56:45.132, 8.56 W
2026/07/17 18:56:46.132, 8.56 W
2026/07/17 18:56:47.132, 8.56 W
2026/07/17 18:56:48.132, 8.56 W
2026/07/17 18:56:49.133, 8.56 W
2026/07/17 18:56:50.133, 8.56 W
2026/07/17 18:56:51.133, 8.56 W
2026/07/17 18:56:52.133, 8.56 W
2026/07/17 18:56:53.133, 8.56 W
2026/07/17 18:56:54.133, 8.56 W
2026/07/17 18:56:55.133, 8.56 W
2026/07/17 18:56:56.134, 8.56 W
2026/07/17 18:56:57.134, 8.56 W
2026/07/17 18:56:58.134, 8.56 W
2026/07/17 18:56:59.134, 8.56 W
2026/07/17 18:57:00.134, 8.56 W
2026/07/17 18:57:01.134, 8.56 W
2026/07/17 18:57:02.134, 8.56 W
2026/07/17 18:57:03.134, 8.56 W
2026/07/17 18:57:04.134, 8.61 W
2026/07/17 18:57:05.135, 8.61 W
2026/07/17 18:57:06.135, 8.56 W
2026/07/17 18:57:07.135, 8.61 W
2026/07/17 18:57:08.135, 8.61 W
2026/07/17 18:57:09.135, 8.56 W
2026/07/17 18:57:10.135, 8.61 W
2026/07/17 18:57:11.135, 8.61 W
2026/07/17 18:57:12.135, 8.56 W
2026/07/17 18:57:13.136, 8.56 W
2026/07/17 18:57:14.136, 8.56 W
2026/07/17 18:57:15.136, 8.56 W
2026/07/17 18:57:16.136, 8.56 W
2026/07/17 18:57:17.136, 8.56 W
2026/07/17 18:57:18.136, 8.56 W
2026/07/17 18:57:19.136, 8.56 W
2026/07/17 18:57:20.136, 8.56 W
2026/07/17 18:57:21.137, 8.56 W
2026/07/17 18:57:22.137, 8.56 W
2026/07/17 18:57:23.137, 8.56 W
2026/07/17 18:57:24.137, 8.56 W
2026/07/17 18:57:25.137, 8.61 W
2026/07/17 18:57:26.137, 8.61 W
2026/07/17 18:57:27.137, 8.56 W
2026/07/17 18:57:28.137, 8.56 W
2026/07/17 18:57:29.138, 8.56 W
2026/07/17 18:57:30.138, 8.56 W
2026/07/17 18:57:31.138, 8.56 W
2026/07/17 18:57:32.138, 8.62 W
2026/07/17 18:57:33.138, 8.59 W
2026/07/17 18:57:34.139, 22.06 W
2026/07/17 18:57:35.139, 22.67 W
2026/07/17 18:57:36.139, 49.11 W
2026/07/17 18:57:37.139, 49.32 W
2026/07/17 18:57:38.139, 48.54 W
2026/07/17 18:57:39.139, 47.64 W
2026/07/17 18:57:40.139, 47.71 W
2026/07/17 18:57:41.139, 48.06 W
2026/07/17 18:57:42.139, 58.25 W
2026/07/17 18:57:43.140, 49.59 W
2026/07/17 18:57:44.140, 28.81 W
2026/07/17 18:57:45.140, 28.67 W
2026/07/17 18:57:46.140, 30.78 W
2026/07/17 18:57:47.140, 34.37 W
2026/07/17 18:57:48.140, 29.28 W
2026/07/17 18:57:49.140, 27.27 W
2026/07/17 18:57:50.141, 32.54 W
2026/07/17 18:57:51.141, 34.60 W
2026/07/17 18:57:52.141, 34.12 W
2026/07/17 18:57:53.141, 34.02 W
2026/07/17 18:57:54.141, 34.21 W
2026/07/17 18:57:55.141, 34.98 W
2026/07/17 18:57:56.141, 33.04 W
2026/07/17 18:57:57.141, 33.42 W
2026/07/17 18:57:58.142, 32.09 W
2026/07/17 18:57:59.142, 33.74 W
2026/07/17 18:58:00.142, 30.72 W
2026/07/17 18:58:01.142, 29.65 W
2026/07/17 18:58:02.142, 30.32 W
2026/07/17 18:58:03.142, 30.34 W
2026/07/17 18:58:04.142, 30.17 W
2026/07/17 18:58:05.142, 34.87 W
2026/07/17 18:58:06.142, 29.38 W
2026/07/17 18:58:07.143, 33.56 W
2026/07/17 18:58:08.143, 29.09 W
2026/07/17 18:58:09.143, 32.97 W
2026/07/17 18:58:10.143, 28.96 W
2026/07/17 18:58:11.143, 32.98 W
2026/07/17 18:58:12.143, 31.58 W
2026/07/17 18:58:13.143, 34.78 W
2026/07/17 18:58:14.143, 27.12 W
2026/07/17 18:58:15.143, 34.73 W
2026/07/17 18:58:16.144, 27.83 W
2026/07/17 18:58:17.144, 34.39 W
2026/07/17 18:58:18.144, 34.00 W
2026/07/17 18:58:19.144, 29.03 W
2026/07/17 18:58:20.144, 29.59 W
2026/07/17 18:58:21.144, 31.58 W
2026/07/17 18:58:22.144, 26.23 W
2026/07/17 18:58:23.144, 32.43 W
2026/07/17 18:58:24.144, 29.18 W
2026/07/17 18:58:25.144, 33.18 W
2026/07/17 18:58:26.145, 30.05 W
2026/07/17 18:58:27.145, 29.65 W
2026/07/17 18:58:28.145, 33.31 W
2026/07/17 18:58:29.145, 29.40 W
2026/07/17 18:58:30.145, 32.88 W
2026/07/17 18:58:31.145, 30.95 W
2026/07/17 18:58:32.145, 31.12 W
2026/07/17 18:58:33.145, 30.56 W
2026/07/17 18:58:34.145, 33.69 W
2026/07/17 18:58:35.145, 28.97 W
2026/07/17 18:58:36.146, 30.51 W
2026/07/17 18:58:37.146, 34.78 W
2026/07/17 18:58:38.146, 34.09 W
2026/07/17 18:58:39.146, 32.74 W
2026/07/17 18:58:40.146, 30.13 W
2026/07/17 18:58:41.146, 33.31 W
2026/07/17 18:58:42.146, 30.17 W
2026/07/17 18:58:43.146, 33.72 W
2026/07/17 18:58:44.146, 31.26 W
2026/07/17 18:58:45.146, 30.25 W
2026/07/17 18:58:46.147, 32.25 W
2026/07/17 18:58:47.147, 29.07 W
2026/07/17 18:58:48.147, 31.20 W
2026/07/17 18:58:49.147, 26.76 W
2026/07/17 18:58:50.147, 32.13 W
2026/07/17 18:58:51.147, 34.75 W
2026/07/17 18:58:52.147, 33.50 W
2026/07/17 18:58:53.147, 34.51 W
2026/07/17 18:58:54.147, 31.36 W
2026/07/17 18:58:55.147, 33.96 W
2026/07/17 18:58:56.148, 33.31 W
2026/07/17 18:58:57.148, 33.49 W
2026/07/17 18:58:58.148, 33.24 W
2026/07/17 18:58:59.148, 27.57 W
2026/07/17 18:59:00.148, 33.47 W
2026/07/17 18:59:01.148, 29.26 W
2026/07/17 18:59:02.148, 34.34 W
2026/07/17 18:59:03.148, 34.12 W
2026/07/17 18:59:04.148, 29.73 W
2026/07/17 18:59:05.149, 33.97 W
2026/07/17 18:59:06.149, 35.00 W
2026/07/17 18:59:07.149, 29.45 W
2026/07/17 18:59:08.149, 33.37 W
2026/07/17 18:59:09.149, 30.03 W
2026/07/17 18:59:10.149, 30.62 W
2026/07/17 18:59:11.149, 33.21 W
2026/07/17 18:59:12.149, 29.52 W
2026/07/17 18:59:13.150, 32.85 W
2026/07/17 18:59:14.150, 29.25 W
2026/07/17 18:59:15.150, 29.97 W
2026/07/17 18:59:16.150, 30.56 W
2026/07/17 18:59:17.150, 29.40 W
2026/07/17 18:59:18.150, 34.20 W
2026/07/17 18:59:19.151, 28.77 W
2026/07/17 18:59:20.151, 34.13 W
2026/07/17 18:59:21.151, 32.24 W
2026/07/17 18:59:22.151, 27.66 W
2026/07/17 18:59:23.151, 32.73 W
2026/07/17 18:59:24.151, 35.10 W
2026/07/17 18:59:25.151, 30.76 W
2026/07/17 18:59:26.152, 33.31 W
2026/07/17 18:59:27.152, 31.30 W
2026/07/17 18:59:28.152, 29.91 W
2026/07/17 18:59:29.152, 30.16 W
2026/07/17 18:59:30.152, 29.42 W
2026/07/17 18:59:31.152, 32.34 W
2026/07/17 18:59:32.152, 33.20 W
2026/07/17 18:59:33.153, 28.26 W
2026/07/17 18:59:34.153, 29.36 W
2026/07/17 18:59:35.153, 31.21 W
2026/07/17 18:59:36.153, 29.00 W
2026/07/17 18:59:37.153, 29.96 W
2026/07/17 18:59:38.153, 31.99 W
2026/07/17 18:59:39.153, 34.88 W
2026/07/17 18:59:40.153, 28.91 W
2026/07/17 18:59:41.154, 30.60 W
2026/07/17 18:59:42.154, 30.49 W
2026/07/17 18:59:43.154, 35.46 W
2026/07/17 18:59:44.154, 30.26 W
2026/07/17 18:59:45.154, 29.43 W
2026/07/17 18:59:46.154, 34.87 W
2026/07/17 18:59:47.154, 30.58 W
2026/07/17 18:59:48.154, 33.86 W
2026/07/17 18:59:49.155, 32.98 W
2026/07/17 18:59:50.155, 29.49 W
2026/07/17 18:59:51.155, 30.40 W
2026/07/17 18:59:52.155, 28.33 W
2026/07/17 18:59:53.155, 34.70 W
2026/07/17 18:59:54.155, 31.08 W
2026/07/17 18:59:55.155, 35.63 W
2026/07/17 18:59:56.155, 30.91 W
2026/07/17 18:59:57.155, 32.38 W
2026/07/17 18:59:58.156, 34.27 W
2026/07/17 18:59:59.156, 35.74 W
2026/07/17 19:00:00.156, 35.66 W
2026/07/17 19:00:01.156, 35.31 W
2026/07/17 19:00:02.156, 31.62 W
2026/07/17 19:00:03.156, 35.08 W
2026/07/17 19:00:04.156, 33.42 W
2026/07/17 19:00:05.156, 29.87 W
2026/07/17 19:00:06.156, 34.47 W
2026/07/17 19:00:07.157, 29.75 W
2026/07/17 19:00:08.157, 34.25 W
2026/07/17 19:00:09.157, 30.32 W
2026/07/17 19:00:10.157, 30.73 W
2026/07/17 19:00:11.157, 30.42 W
2026/07/17 19:00:12.157, 29.40 W
2026/07/17 19:00:13.157, 30.24 W
2026/07/17 19:00:14.157, 30.23 W
2026/07/17 19:00:15.157, 33.62 W
2026/07/17 19:00:16.158, 34.00 W
2026/07/17 19:00:17.158, 28.74 W
2026/07/17 19:00:18.158, 33.76 W
2026/07/17 19:00:19.158, 30.37 W
2026/07/17 19:00:20.158, 35.46 W
2026/07/17 19:00:21.158, 30.77 W
2026/07/17 19:00:22.158, 32.08 W
2026/07/17 19:00:23.158, 30.57 W
2026/07/17 19:00:24.159, 28.42 W
2026/07/17 19:00:25.159, 33.93 W
2026/07/17 19:00:26.159, 34.72 W
2026/07/17 19:00:27.159, 34.10 W
2026/07/17 19:00:28.159, 30.27 W
2026/07/17 19:00:29.159, 30.18 W
2026/07/17 19:00:30.159, 31.76 W
2026/07/17 19:00:31.159, 34.88 W
2026/07/17 19:00:32.159, 30.88 W
2026/07/17 19:00:33.160, 32.62 W
2026/07/17 19:00:34.160, 29.17 W
2026/07/17 19:00:35.160, 34.76 W
2026/07/17 19:00:36.160, 35.13 W
2026/07/17 19:00:37.160, 30.20 W
2026/07/17 19:00:38.161, 34.44 W
2026/07/17 19:00:39.161, 30.93 W
2026/07/17 19:00:40.161, 27.68 W
2026/07/17 19:00:41.161, 33.59 W
2026/07/17 19:00:42.161, 29.73 W
2026/07/17 19:00:43.161, 33.85 W
2026/07/17 19:00:44.161, 35.06 W
2026/07/17 19:00:45.161, 29.62 W
2026/07/17 19:00:46.162, 33.70 W
2026/07/17 19:00:47.162, 29.66 W
2026/07/17 19:00:48.162, 33.59 W
2026/07/17 19:00:49.162, 29.74 W
2026/07/17 19:00:50.162, 33.64 W
2026/07/17 19:00:51.162, 29.65 W
2026/07/17 19:00:52.162, 33.63 W
2026/07/17 19:00:53.162, 29.64 W
2026/07/17 19:00:54.163, 34.16 W
2026/07/17 19:00:55.163, 29.95 W
2026/07/17 19:00:56.163, 35.19 W
2026/07/17 19:00:57.163, 29.17 W
2026/07/17 19:00:58.163, 29.77 W
2026/07/17 19:00:59.163, 35.18 W
2026/07/17 19:01:00.164, 30.63 W
2026/07/17 19:01:01.164, 36.02 W
2026/07/17 19:01:02.164, 26.79 W
2026/07/17 19:01:03.164, 30.32 W
2026/07/17 19:01:04.164, 33.56 W
2026/07/17 19:01:05.164, 29.55 W
2026/07/17 19:01:06.164, 30.16 W
2026/07/17 19:01:07.165, 34.84 W
2026/07/17 19:01:08.165, 28.50 W
2026/07/17 19:01:09.165, 32.19 W
2026/07/17 19:01:10.165, 31.33 W
2026/07/17 19:01:11.165, 31.12 W
2026/07/17 19:01:12.165, 30.97 W
2026/07/17 19:01:13.165, 31.38 W
2026/07/17 19:01:14.166, 29.61 W
2026/07/17 19:01:15.166, 30.22 W
2026/07/17 19:01:16.166, 34.37 W
2026/07/17 19:01:17.166, 26.38 W
2026/07/17 19:01:18.166, 34.53 W
2026/07/17 19:01:19.166, 34.30 W
2026/07/17 19:01:20.166, 30.04 W
2026/07/17 19:01:21.166, 35.67 W
2026/07/17 19:01:22.167, 31.13 W
2026/07/17 19:01:23.167, 35.70 W
2026/07/17 19:01:24.167, 31.18 W
2026/07/17 19:01:25.167, 35.04 W
2026/07/17 19:01:26.167, 29.44 W
2026/07/17 19:01:27.167, 33.08 W
2026/07/17 19:01:28.168, 35.77 W
2026/07/17 19:01:29.168, 28.59 W
2026/07/17 19:01:30.168, 33.83 W
2026/07/17 19:01:31.168, 30.75 W
2026/07/17 19:01:32.168, 33.36 W
2026/07/17 19:01:33.168, 30.09 W
2026/07/17 19:01:34.169, 28.70 W
2026/07/17 19:01:35.169, 35.31 W
2026/07/17 19:01:36.169, 30.41 W
2026/07/17 19:01:37.169, 31.19 W
2026/07/17 19:01:38.169, 30.40 W
2026/07/17 19:01:39.169, 35.52 W
2026/07/17 19:01:40.169, 30.29 W
2026/07/17 19:01:41.170, 31.86 W
2026/07/17 19:01:42.170, 33.13 W
2026/07/17 19:01:43.170, 34.59 W
2026/07/17 19:01:44.170, 35.81 W
2026/07/17 19:01:45.170, 35.66 W
2026/07/17 19:01:46.170, 35.46 W
2026/07/17 19:01:47.170, 29.85 W
2026/07/17 19:01:48.170, 34.43 W
2026/07/17 19:01:49.171, 28.30 W
2026/07/17 19:01:50.171, 32.77 W
2026/07/17 19:01:51.171, 32.88 W
2026/07/17 19:01:52.171, 30.72 W
2026/07/17 19:01:53.171, 34.00 W
2026/07/17 19:01:54.171, 36.14 W
2026/07/17 19:01:55.172, 34.13 W
2026/07/17 19:01:56.172, 33.79 W
2026/07/17 19:01:57.172, 27.60 W
2026/07/17 19:01:58.172, 34.48 W
2026/07/17 19:01:59.172, 32.15 W
2026/07/17 19:02:00.172, 29.73 W
2026/07/17 19:02:01.172, 33.92 W
2026/07/17 19:02:02.172, 29.91 W
2026/07/17 19:02:03.173, 35.28 W
2026/07/17 19:02:04.173, 31.34 W
2026/07/17 19:02:05.173, 32.12 W
2026/07/17 19:02:06.173, 35.36 W
2026/07/17 19:02:07.173, 33.66 W
2026/07/17 19:02:08.173, 32.43 W
2026/07/17 19:02:09.173, 30.84 W
2026/07/17 19:02:10.173, 34.95 W
2026/07/17 19:02:11.174, 33.60 W
2026/07/17 19:02:12.174, 34.13 W
2026/07/17 19:02:13.174, 32.22 W
2026/07/17 19:02:14.174, 29.62 W
2026/07/17 19:02:15.174, 33.33 W
2026/07/17 19:02:16.174, 31.20 W
2026/07/17 19:02:17.175, 32.97 W
2026/07/17 19:02:18.175, 35.34 W
2026/07/17 19:02:19.175, 29.16 W
2026/07/17 19:02:20.175, 34.94 W
2026/07/17 19:02:21.175, 31.58 W
2026/07/17 19:02:22.175, 29.98 W
2026/07/17 19:02:23.175, 34.97 W
2026/07/17 19:02:24.176, 30.82 W
2026/07/17 19:02:25.176, 34.04 W
2026/07/17 19:02:26.176, 34.08 W
2026/07/17 19:02:27.177, 30.28 W
2026/07/17 19:02:28.179, 27.36 W
2026/07/17 19:02:29.181, 34.75 W
2026/07/17 19:02:30.181, 34.27 W
2026/07/17 19:02:31.181, 32.54 W
2026/07/17 19:02:32.181, 35.60 W
2026/07/17 19:02:33.181, 26.12 W
2026/07/17 19:02:34.181, 33.45 W
2026/07/17 19:02:35.181, 34.29 W
2026/07/17 19:02:36.182, 28.34 W
2026/07/17 19:02:37.182, 34.76 W
2026/07/17 19:02:38.182, 28.12 W
2026/07/17 19:02:39.182, 31.34 W
2026/07/17 19:02:40.182, 35.42 W
2026/07/17 19:02:41.182, 30.62 W
2026/07/17 19:02:42.182, 34.78 W
2026/07/17 19:02:43.182, 31.73 W
2026/07/17 19:02:44.182, 28.97 W
2026/07/17 19:02:45.183, 34.83 W
2026/07/17 19:02:46.183, 31.87 W
2026/07/17 19:02:47.183, 35.09 W
2026/07/17 19:02:48.183, 30.25 W
2026/07/17 19:02:49.183, 31.82 W
2026/07/17 19:02:50.183, 30.76 W
2026/07/17 19:02:51.183, 33.27 W
2026/07/17 19:02:52.183, 33.34 W
2026/07/17 19:02:53.183, 34.65 W
2026/07/17 19:02:54.184, 31.89 W
2026/07/17 19:02:55.184, 33.46 W
2026/07/17 19:02:56.184, 49.52 W
2026/07/17 19:02:57.184, 50.86 W
2026/07/17 19:02:58.184, 50.99 W
2026/07/17 19:02:59.184, 50.31 W
2026/07/17 19:03:00.184, 50.49 W
2026/07/17 19:03:01.184, 51.59 W
2026/07/17 19:03:02.184, 59.64 W
2026/07/17 19:03:03.184, 53.15 W
2026/07/17 19:03:04.185, 30.93 W
2026/07/17 19:03:05.185, 35.36 W
2026/07/17 19:03:06.185, 31.28 W
2026/07/17 19:03:07.185, 35.05 W
2026/07/17 19:03:08.185, 35.57 W
2026/07/17 19:03:09.185, 33.81 W
2026/07/17 19:03:10.185, 32.06 W
2026/07/17 19:03:11.186, 28.15 W
2026/07/17 19:03:12.186, 35.61 W
2026/07/17 19:03:13.186, 34.02 W
2026/07/17 19:03:14.186, 30.03 W
2026/07/17 19:03:15.186, 32.06 W
2026/07/17 19:03:16.186, 29.16 W
2026/07/17 19:03:17.187, 30.81 W
2026/07/17 19:03:18.187, 30.80 W
2026/07/17 19:03:19.187, 34.28 W
2026/07/17 19:03:20.187, 36.14 W
2026/07/17 19:03:21.187, 30.10 W
2026/07/17 19:03:22.187, 34.02 W
2026/07/17 19:03:23.187, 29.95 W
2026/07/17 19:03:24.187, 33.64 W
2026/07/17 19:03:25.187, 30.20 W
2026/07/17 19:03:26.188, 31.74 W
2026/07/17 19:03:27.188, 32.81 W
2026/07/17 19:03:28.188, 33.47 W
2026/07/17 19:03:29.188, 35.93 W
2026/07/17 19:03:30.188, 35.64 W
2026/07/17 19:03:31.188, 34.12 W
2026/07/17 19:03:32.188, 31.62 W
2026/07/17 19:03:33.189, 34.71 W
2026/07/17 19:03:34.189, 34.50 W
2026/07/17 19:03:35.189, 30.07 W
2026/07/17 19:03:36.189, 35.84 W
2026/07/17 19:03:37.189, 31.20 W
2026/07/17 19:03:38.189, 34.58 W
2026/07/17 19:03:39.189, 33.53 W
2026/07/17 19:03:40.189, 35.02 W
2026/07/17 19:03:41.189, 33.32 W
2026/07/17 19:03:42.190, 29.49 W
2026/07/17 19:03:43.190, 33.53 W
2026/07/17 19:03:44.190, 29.66 W
2026/07/17 19:03:45.190, 34.08 W
2026/07/17 19:03:46.190, 30.96 W
2026/07/17 19:03:47.190, 34.37 W
2026/07/17 19:03:48.190, 31.12 W
2026/07/17 19:03:49.190, 29.74 W
2026/07/17 19:03:50.190, 34.48 W
2026/07/17 19:03:51.191, 31.32 W
2026/07/17 19:03:52.191, 30.96 W
2026/07/17 19:03:53.191, 30.54 W
2026/07/17 19:03:54.191, 33.66 W
2026/07/17 19:03:55.191, 30.33 W
2026/07/17 19:03:56.191, 34.58 W
2026/07/17 19:03:57.191, 30.94 W
2026/07/17 19:03:58.191, 28.82 W
2026/07/17 19:03:59.192, 30.52 W
2026/07/17 19:04:00.192, 29.95 W
2026/07/17 19:04:01.192, 35.22 W
2026/07/17 19:04:02.192, 30.72 W
2026/07/17 19:04:03.192, 31.72 W
2026/07/17 19:04:04.192, 31.25 W
2026/07/17 19:04:05.192, 34.18 W
2026/07/17 19:04:06.192, 34.40 W
2026/07/17 19:04:07.193, 34.09 W
2026/07/17 19:04:08.193, 34.12 W
2026/07/17 19:04:09.193, 34.68 W
2026/07/17 19:04:10.193, 35.74 W
2026/07/17 19:04:11.193, 35.94 W
2026/07/17 19:04:12.193, 35.55 W
2026/07/17 19:04:13.193, 35.21 W
2026/07/17 19:04:14.193, 34.16 W
2026/07/17 19:04:15.194, 30.21 W
2026/07/17 19:04:16.194, 33.95 W
2026/07/17 19:04:17.194, 32.57 W
2026/07/17 19:04:18.194, 33.75 W
2026/07/17 19:04:19.194, 33.78 W
2026/07/17 19:04:20.194, 30.40 W
2026/07/17 19:04:21.194, 31.99 W
2026/07/17 19:04:22.195, 30.17 W
2026/07/17 19:04:23.195, 35.66 W
2026/07/17 19:04:24.195, 31.19 W
2026/07/17 19:04:25.195, 34.07 W
2026/07/17 19:04:26.195, 31.47 W
2026/07/17 19:04:27.195, 30.42 W
2026/07/17 19:04:28.195, 34.63 W
2026/07/17 19:04:29.195, 31.56 W
2026/07/17 19:04:30.196, 35.35 W
2026/07/17 19:04:31.196, 32.48 W
2026/07/17 19:04:32.196, 29.82 W
2026/07/17 19:04:33.196, 33.40 W
2026/07/17 19:04:34.196, 31.24 W
2026/07/17 19:04:35.196, 34.75 W
2026/07/17 19:04:36.196, 34.25 W
2026/07/17 19:04:37.197, 28.24 W
2026/07/17 19:04:38.197, 34.50 W
2026/07/17 19:04:39.197, 36.21 W
2026/07/17 19:04:40.197, 28.26 W
2026/07/17 19:04:41.197, 34.02 W
2026/07/17 19:04:42.197, 30.00 W
2026/07/17 19:04:43.197, 34.10 W
2026/07/17 19:04:44.197, 30.01 W
2026/07/17 19:04:45.198, 36.49 W
2026/07/17 19:04:46.198, 31.48 W
2026/07/17 19:04:47.198, 31.70 W
2026/07/17 19:04:48.198, 29.75 W
2026/07/17 19:04:49.198, 33.52 W
2026/07/17 19:04:50.198, 34.87 W
2026/07/17 19:04:51.198, 31.58 W
2026/07/17 19:04:52.198, 33.12 W
2026/07/17 19:04:53.198, 31.17 W
2026/07/17 19:04:54.198, 32.13 W
2026/07/17 19:04:55.199, 31.39 W
2026/07/17 19:04:56.199, 30.59 W
2026/07/17 19:04:57.199, 35.49 W
2026/07/17 19:04:58.199, 35.03 W
2026/07/17 19:04:59.199, 30.18 W
2026/07/17 19:05:00.199, 32.78 W
2026/07/17 19:05:01.199, 28.21 W
2026/07/17 19:05:02.199, 34.30 W
2026/07/17 19:05:03.200, 34.92 W
2026/07/17 19:05:04.200, 30.90 W
2026/07/17 19:05:05.200, 35.71 W
2026/07/17 19:05:06.200, 28.45 W
2026/07/17 19:05:07.200, 32.03 W
2026/07/17 19:05:08.200, 31.87 W
2026/07/17 19:05:09.200, 29.25 W
2026/07/17 19:05:10.201, 28.51 W
2026/07/17 19:05:11.201, 31.83 W
2026/07/17 19:05:12.201, 31.04 W
2026/07/17 19:05:13.201, 35.36 W
2026/07/17 19:05:14.201, 34.03 W
2026/07/17 19:05:15.201, 30.26 W
2026/07/17 19:05:16.201, 34.69 W
2026/07/17 19:05:17.201, 33.66 W
2026/07/17 19:05:18.202, 31.03 W
2026/07/17 19:05:19.202, 35.71 W
2026/07/17 19:05:20.202, 30.72 W
2026/07/17 19:05:21.202, 33.47 W
2026/07/17 19:05:22.202, 33.47 W
2026/07/17 19:05:23.202, 33.99 W
2026/07/17 19:05:24.202, 35.02 W
2026/07/17 19:05:25.202, 36.23 W
2026/07/17 19:05:26.203, 35.97 W
2026/07/17 19:05:27.203, 28.38 W
2026/07/17 19:05:28.203, 33.88 W
2026/07/17 19:05:29.203, 30.76 W
2026/07/17 19:05:30.203, 35.73 W
2026/07/17 19:05:31.203, 31.00 W
2026/07/17 19:05:32.203, 35.82 W
2026/07/17 19:05:33.204, 34.51 W
2026/07/17 19:05:34.204, 31.23 W
2026/07/17 19:05:35.204, 30.55 W
2026/07/17 19:05:36.204, 33.16 W
2026/07/17 19:05:37.204, 34.14 W
2026/07/17 19:05:38.204, 30.75 W
2026/07/17 19:05:39.205, 31.83 W
2026/07/17 19:05:40.205, 30.32 W
2026/07/17 19:05:41.205, 35.14 W
2026/07/17 19:05:42.205, 29.82 W
2026/07/17 19:05:43.205, 35.26 W
2026/07/17 19:05:44.205, 33.71 W
2026/07/17 19:05:45.205, 29.17 W
2026/07/17 19:05:46.206, 36.30 W
2026/07/17 19:05:47.206, 30.03 W
2026/07/17 19:05:48.206, 35.31 W
2026/07/17 19:05:49.206, 35.74 W
2026/07/17 19:05:50.206, 33.31 W
2026/07/17 19:05:51.206, 31.63 W
2026/07/17 19:05:52.206, 27.13 W
2026/07/17 19:05:53.206, 33.66 W
2026/07/17 19:05:54.207, 30.08 W
2026/07/17 19:05:55.207, 26.90 W
2026/07/17 19:05:56.207, 35.21 W
2026/07/17 19:05:57.208, 30.77 W
2026/07/17 19:05:58.208, 32.04 W
2026/07/17 19:05:59.208, 31.61 W
2026/07/17 19:06:00.210, 35.82 W
2026/07/17 19:06:01.210, 30.10 W
2026/07/17 19:06:02.213, 32.42 W
2026/07/17 19:06:03.213, 35.47 W
2026/07/17 19:06:04.213, 31.60 W
2026/07/17 19:06:05.213, 33.61 W
2026/07/17 19:06:06.213, 32.30 W
2026/07/17 19:06:07.214, 31.80 W
2026/07/17 19:06:08.214, 31.83 W
2026/07/17 19:06:09.214, 29.02 W
2026/07/17 19:06:10.214, 29.85 W
2026/07/17 19:06:11.214, 30.97 W
2026/07/17 19:06:12.214, 33.59 W
2026/07/17 19:06:13.214, 30.95 W
2026/07/17 19:06:14.214, 36.00 W
2026/07/17 19:06:15.215, 29.49 W
2026/07/17 19:06:16.215, 33.54 W
2026/07/17 19:06:17.215, 31.19 W
2026/07/17 19:06:18.215, 35.80 W
2026/07/17 19:06:19.215, 31.07 W
2026/07/17 19:06:20.215, 28.29 W
2026/07/17 19:06:21.215, 33.77 W
2026/07/17 19:06:22.215, 34.84 W
2026/07/17 19:06:23.216, 31.45 W
2026/07/17 19:06:24.217, 33.62 W
2026/07/17 19:06:25.217, 29.47 W
2026/07/17 19:06:26.217, 31.79 W
2026/07/17 19:06:27.217, 34.85 W
2026/07/17 19:06:28.217, 33.86 W
2026/07/17 19:06:29.217, 28.20 W
2026/07/17 19:06:30.217, 34.28 W
2026/07/17 19:06:31.218, 30.50 W
2026/07/17 19:06:32.218, 33.61 W
2026/07/17 19:06:33.218, 30.85 W
2026/07/17 19:06:34.218, 30.83 W
2026/07/17 19:06:35.218, 34.17 W
2026/07/17 19:06:36.218, 31.15 W
2026/07/17 19:06:37.218, 31.00 W
2026/07/17 19:06:38.218, 30.64 W
2026/07/17 19:06:39.218, 34.16 W
2026/07/17 19:06:40.219, 31.35 W
2026/07/17 19:06:41.219, 33.84 W
2026/07/17 19:06:42.219, 33.82 W
2026/07/17 19:06:43.219, 28.42 W
2026/07/17 19:06:44.219, 34.89 W
2026/07/17 19:06:45.219, 31.73 W
2026/07/17 19:06:46.219, 30.70 W
2026/07/17 19:06:47.220, 35.49 W
2026/07/17 19:06:48.220, 28.01 W
2026/07/17 19:06:49.220, 33.22 W
2026/07/17 19:06:50.220, 34.33 W
2026/07/17 19:06:51.220, 35.43 W
2026/07/17 19:06:52.220, 33.63 W
2026/07/17 19:06:53.220, 30.78 W
2026/07/17 19:06:54.220, 34.88 W
2026/07/17 19:06:55.220, 32.25 W
2026/07/17 19:06:56.221, 30.52 W
2026/07/17 19:06:57.221, 28.21 W
2026/07/17 19:06:58.221, 35.14 W
2026/07/17 19:06:59.221, 29.68 W
2026/07/17 19:07:00.221, 33.62 W
2026/07/17 19:07:01.221, 34.27 W
2026/07/17 19:07:02.221, 30.44 W
2026/07/17 19:07:03.221, 30.98 W
2026/07/17 19:07:04.222, 30.87 W
2026/07/17 19:07:05.222, 35.65 W
2026/07/17 19:07:06.222, 35.98 W
2026/07/17 19:07:07.222, 32.69 W
2026/07/17 19:07:08.222, 31.79 W
2026/07/17 19:07:09.222, 29.83 W
2026/07/17 19:07:10.222, 35.83 W
2026/07/17 19:07:11.222, 29.34 W
2026/07/17 19:07:12.222, 32.76 W
2026/07/17 19:07:13.223, 34.07 W
2026/07/17 19:07:14.223, 29.93 W
2026/07/17 19:07:15.223, 34.87 W
2026/07/17 19:07:16.223, 30.35 W
2026/07/17 19:07:17.223, 33.79 W
2026/07/17 19:07:18.223, 32.90 W
2026/07/17 19:07:19.223, 29.89 W
2026/07/17 19:07:20.223, 35.40 W
2026/07/17 19:07:21.223, 31.39 W
2026/07/17 19:07:22.224, 34.35 W
2026/07/17 19:07:23.224, 33.59 W
2026/07/17 19:07:24.224, 30.30 W
2026/07/17 19:07:25.224, 34.02 W
2026/07/17 19:07:26.224, 33.88 W
2026/07/17 19:07:27.224, 30.00 W
2026/07/17 19:07:28.224, 34.17 W
2026/07/17 19:07:29.224, 32.07 W
2026/07/17 19:07:30.224, 29.05 W
2026/07/17 19:07:31.225, 34.51 W
2026/07/17 19:07:32.225, 34.05 W
2026/07/17 19:07:33.225, 31.13 W
2026/07/17 19:07:34.225, 34.39 W
2026/07/17 19:07:35.225, 32.79 W
2026/07/17 19:07:36.225, 30.04 W
2026/07/17 19:07:37.225, 34.68 W
2026/07/17 19:07:38.225, 35.33 W
2026/07/17 19:07:39.226, 31.46 W
2026/07/17 19:07:40.226, 35.59 W
2026/07/17 19:07:41.226, 31.33 W
2026/07/17 19:07:42.226, 30.49 W
2026/07/17 19:07:43.226, 34.50 W
2026/07/17 19:07:44.226, 34.83 W
2026/07/17 19:07:45.226, 28.22 W
2026/07/17 19:07:46.226, 34.56 W
2026/07/17 19:07:47.227, 31.38 W
2026/07/17 19:07:48.227, 32.52 W
2026/07/17 19:07:49.227, 34.10 W
2026/07/17 19:07:50.227, 35.35 W
2026/07/17 19:07:51.227, 34.25 W
2026/07/17 19:07:52.227, 28.38 W
2026/07/17 19:07:53.227, 35.41 W
2026/07/17 19:07:54.228, 31.07 W
2026/07/17 19:07:55.228, 34.66 W
2026/07/17 19:07:56.228, 34.71 W
2026/07/17 19:07:57.228, 29.66 W
2026/07/17 19:07:58.228, 35.35 W
2026/07/17 19:07:59.228, 29.23 W
2026/07/17 19:08:00.228, 34.49 W
2026/07/17 19:08:01.229, 35.79 W
2026/07/17 19:08:02.229, 28.32 W
2026/07/17 19:08:03.229, 34.60 W
2026/07/17 19:08:04.229, 30.54 W
2026/07/17 19:08:05.229, 35.25 W
2026/07/17 19:08:06.229, 35.90 W
2026/07/17 19:08:07.229, 31.50 W
2026/07/17 19:08:08.230, 29.23 W
2026/07/17 19:08:09.230, 33.05 W
2026/07/17 19:08:10.230, 33.77 W
2026/07/17 19:08:11.230, 30.11 W
2026/07/17 19:08:12.230, 33.66 W
2026/07/17 19:08:13.230, 31.21 W
2026/07/17 19:08:14.230, 33.18 W
2026/07/17 19:08:15.230, 34.88 W
2026/07/17 19:08:16.231, 30.33 W
2026/07/17 19:08:17.231, 30.25 W
2026/07/17 19:08:18.231, 33.80 W
2026/07/17 19:08:19.231, 30.88 W
2026/07/17 19:08:20.231, 30.69 W
2026/07/17 19:08:21.231, 35.28 W
2026/07/17 19:08:22.231, 30.86 W
2026/07/17 19:08:23.231, 30.50 W
2026/07/17 19:08:24.232, 31.82 W
2026/07/17 19:08:25.232, 31.44 W
2026/07/17 19:08:26.232, 30.36 W
2026/07/17 19:08:27.232, 34.34 W
2026/07/17 19:08:28.232, 31.07 W
2026/07/17 19:08:29.232, 33.29 W
2026/07/17 19:08:30.232, 33.29 W
2026/07/17 19:08:31.232, 29.76 W
2026/07/17 19:08:32.233, 34.16 W
2026/07/17 19:08:33.233, 31.71 W
2026/07/17 19:08:34.233, 30.46 W
2026/07/17 19:08:35.233, 34.77 W
2026/07/17 19:08:36.233, 30.13 W
2026/07/17 19:08:37.233, 33.65 W
2026/07/17 19:08:38.233, 34.52 W
2026/07/17 19:08:39.234, 31.33 W
2026/07/17 19:08:40.234, 29.59 W
2026/07/17 19:08:41.234, 34.86 W
2026/07/17 19:08:42.234, 32.79 W
2026/07/17 19:08:43.234, 30.01 W
2026/07/17 19:08:44.234, 33.21 W
2026/07/17 19:08:45.234, 34.00 W
2026/07/17 19:08:46.235, 34.89 W
2026/07/17 19:08:47.235, 32.63 W
2026/07/17 19:08:48.235, 30.13 W
2026/07/17 19:08:49.235, 33.39 W
2026/07/17 19:08:50.235, 34.74 W
2026/07/17 19:08:51.235, 31.30 W
2026/07/17 19:08:52.235, 34.49 W
2026/07/17 19:08:53.235, 31.28 W
2026/07/17 19:08:54.235, 32.59 W
2026/07/17 19:08:55.236, 34.55 W
2026/07/17 19:08:56.236, 30.72 W
2026/07/17 19:08:57.236, 34.15 W
2026/07/17 19:08:58.236, 35.09 W
2026/07/17 19:08:59.236, 28.51 W
2026/07/17 19:09:00.236, 34.85 W
2026/07/17 19:09:01.236, 31.31 W
2026/07/17 19:09:02.236, 30.41 W
2026/07/17 19:09:03.237, 33.72 W
2026/07/17 19:09:04.237, 30.95 W
2026/07/17 19:09:05.237, 33.47 W
2026/07/17 19:09:06.237, 32.87 W
2026/07/17 19:09:07.237, 29.94 W
2026/07/17 19:09:08.237, 34.53 W
2026/07/17 19:09:09.237, 31.95 W
2026/07/17 19:09:10.237, 28.78 W
2026/07/17 19:09:11.237, 34.89 W
2026/07/17 19:09:12.238, 45.92 W
2026/07/17 19:09:13.238, 48.01 W
2026/07/17 19:09:14.238, 46.71 W
2026/07/17 19:09:15.238, 50.16 W
2026/07/17 19:09:16.238, 47.20 W
2026/07/17 19:09:17.238, 56.23 W
2026/07/17 19:09:18.238, 53.45 W
2026/07/17 19:09:19.238, 28.55 W
2026/07/17 19:09:20.239, 32.62 W
2026/07/17 19:09:21.239, 32.44 W
2026/07/17 19:09:22.239, 35.34 W
2026/07/17 19:09:23.239, 35.27 W
2026/07/17 19:09:24.239, 29.11 W
2026/07/17 19:09:25.239, 31.41 W
2026/07/17 19:09:26.239, 29.71 W
2026/07/17 19:09:27.239, 33.87 W
2026/07/17 19:09:28.239, 29.74 W
2026/07/17 19:09:29.240, 31.13 W
2026/07/17 19:09:30.240, 29.58 W
2026/07/17 19:09:31.240, 33.50 W
2026/07/17 19:09:32.240, 28.32 W
2026/07/17 19:09:33.240, 35.38 W
2026/07/17 19:09:34.240, 30.27 W
2026/07/17 19:09:35.240, 34.50 W
2026/07/17 19:09:36.240, 34.12 W
2026/07/17 19:09:37.240, 35.92 W
2026/07/17 19:09:38.240, 35.72 W
2026/07/17 19:09:39.240, 34.50 W
2026/07/17 19:09:40.241, 33.05 W
2026/07/17 19:09:41.241, 30.95 W
2026/07/17 19:09:42.241, 34.51 W
2026/07/17 19:09:43.241, 31.70 W
2026/07/17 19:09:44.241, 33.38 W
2026/07/17 19:09:45.241, 33.97 W
2026/07/17 19:09:46.241, 29.89 W
2026/07/17 19:09:47.242, 34.47 W
2026/07/17 19:09:48.242, 29.86 W
2026/07/17 19:09:49.242, 33.50 W
2026/07/17 19:09:50.242, 30.31 W
2026/07/17 19:09:51.242, 28.78 W
2026/07/17 19:09:52.242, 31.77 W
2026/07/17 19:09:53.242, 30.77 W
2026/07/17 19:09:54.242, 35.03 W
2026/07/17 19:09:55.243, 36.02 W
2026/07/17 19:09:56.243, 35.67 W
2026/07/17 19:09:57.243, 36.21 W
2026/07/17 19:09:58.243, 35.15 W
2026/07/17 19:09:59.243, 34.28 W
2026/07/17 19:10:00.243, 33.98 W
2026/07/17 19:10:01.243, 33.95 W
2026/07/17 19:10:02.243, 33.87 W
2026/07/17 19:10:03.243, 33.97 W
2026/07/17 19:10:04.244, 34.60 W
2026/07/17 19:10:05.244, 35.77 W
2026/07/17 19:10:06.244, 31.88 W
2026/07/17 19:10:07.244, 33.08 W
2026/07/17 19:10:08.244, 29.83 W
2026/07/17 19:10:09.244, 35.97 W
2026/07/17 19:10:10.244, 31.39 W
2026/07/17 19:10:11.244, 35.68 W
2026/07/17 19:10:12.245, 30.84 W
2026/07/17 19:10:13.245, 30.30 W
2026/07/17 19:10:14.245, 29.98 W
2026/07/17 19:10:15.245, 28.90 W
2026/07/17 19:10:16.245, 28.17 W
2026/07/17 19:10:17.245, 33.65 W
2026/07/17 19:10:18.245, 33.61 W
2026/07/17 19:10:19.246, 31.44 W
2026/07/17 19:10:20.246, 29.29 W
2026/07/17 19:10:21.246, 31.27 W
2026/07/17 19:10:22.246, 30.77 W
2026/07/17 19:10:23.246, 34.26 W
2026/07/17 19:10:24.246, 34.21 W
2026/07/17 19:10:25.246, 34.82 W
2026/07/17 19:10:26.246, 33.66 W
2026/07/17 19:10:27.247, 35.16 W
2026/07/17 19:10:28.247, 35.74 W
2026/07/17 19:10:29.247, 35.74 W
2026/07/17 19:10:30.247, 35.80 W
2026/07/17 19:10:31.247, 29.52 W
2026/07/17 19:10:32.247, 34.53 W
2026/07/17 19:10:33.248, 29.55 W
2026/07/17 19:10:34.248, 32.71 W
2026/07/17 19:10:35.248, 35.29 W
2026/07/17 19:10:36.248, 36.17 W
2026/07/17 19:10:37.248, 33.59 W
2026/07/17 19:10:38.248, 28.94 W
2026/07/17 19:10:39.249, 33.94 W
2026/07/17 19:10:40.249, 29.97 W
2026/07/17 19:10:41.249, 34.76 W
2026/07/17 19:10:42.249, 30.30 W
2026/07/17 19:10:43.249, 31.22 W
2026/07/17 19:10:44.249, 34.29 W
2026/07/17 19:10:45.249, 35.07 W
2026/07/17 19:10:46.249, 35.86 W
2026/07/17 19:10:47.249, 36.32 W
2026/07/17 19:10:48.250, 34.20 W
2026/07/17 19:10:49.250, 30.41 W
2026/07/17 19:10:50.250, 31.39 W
2026/07/17 19:10:51.250, 29.77 W
2026/07/17 19:10:52.250, 31.14 W
2026/07/17 19:10:53.250, 30.42 W
2026/07/17 19:10:54.250, 33.18 W
2026/07/17 19:10:55.250, 33.16 W
2026/07/17 19:10:56.251, 34.92 W
2026/07/17 19:10:57.251, 35.10 W
2026/07/17 19:10:58.251, 28.77 W
2026/07/17 19:10:59.251, 33.89 W
2026/07/17 19:11:00.251, 31.01 W
2026/07/17 19:11:01.251, 33.72 W
2026/07/17 19:11:02.251, 34.85 W
2026/07/17 19:11:03.251, 35.72 W
2026/07/17 19:11:04.252, 36.09 W
2026/07/17 19:11:05.252, 33.58 W
2026/07/17 19:11:06.252, 31.50 W
2026/07/17 19:11:07.252, 29.09 W
2026/07/17 19:11:08.252, 33.46 W
2026/07/17 19:11:09.252, 29.68 W
2026/07/17 19:11:10.252, 34.28 W
2026/07/17 19:11:11.252, 30.59 W
2026/07/17 19:11:12.254, 33.13 W
2026/07/17 19:11:13.254, 28.42 W
2026/07/17 19:11:14.254, 31.74 W
2026/07/17 19:11:15.254, 35.35 W
2026/07/17 19:11:16.254, 33.24 W
2026/07/17 19:11:17.255, 30.70 W
2026/07/17 19:11:18.255, 35.40 W
2026/07/17 19:11:19.255, 36.13 W
2026/07/17 19:11:20.255, 31.18 W
2026/07/17 19:11:21.255, 34.24 W
2026/07/17 19:11:22.255, 34.35 W
2026/07/17 19:11:23.255, 28.27 W
2026/07/17 19:11:24.255, 35.56 W
2026/07/17 19:11:25.255, 30.76 W
2026/07/17 19:11:26.255, 34.55 W
2026/07/17 19:11:27.256, 33.26 W
2026/07/17 19:11:28.256, 30.13 W
2026/07/17 19:11:29.256, 33.21 W
2026/07/17 19:11:30.256, 32.25 W
2026/07/17 19:11:31.256, 31.29 W
2026/07/17 19:11:32.256, 34.04 W
2026/07/17 19:11:33.256, 33.76 W
2026/07/17 19:11:34.256, 34.49 W
2026/07/17 19:11:35.256, 34.58 W
2026/07/17 19:11:36.256, 34.98 W
2026/07/17 19:11:37.257, 25.90 W
2026/07/17 19:11:38.257, 29.58 W
2026/07/17 19:11:39.257, 34.62 W
2026/07/17 19:11:40.257, 33.99 W
2026/07/17 19:11:41.258, 35.25 W
2026/07/17 19:11:42.258, 33.00 W
2026/07/17 19:11:43.258, 32.41 W
2026/07/17 19:11:44.258, 33.33 W
2026/07/17 19:11:45.260, 34.03 W
2026/07/17 19:11:46.260, 34.76 W
2026/07/17 19:11:47.260, 32.10 W
2026/07/17 19:11:48.260, 31.70 W
2026/07/17 19:11:49.260, 29.89 W
2026/07/17 19:11:50.260, 35.10 W
2026/07/17 19:11:51.261, 30.48 W
2026/07/17 19:11:52.261, 30.75 W
2026/07/17 19:11:53.261, 30.12 W
2026/07/17 19:11:54.261, 34.81 W
2026/07/17 19:11:55.261, 30.42 W
2026/07/17 19:11:56.261, 34.76 W
2026/07/17 19:11:57.261, 30.93 W
2026/07/17 19:11:58.262, 35.40 W
2026/07/17 19:11:59.262, 31.15 W
2026/07/17 19:12:00.262, 35.32 W
2026/07/17 19:12:01.262, 30.32 W
2026/07/17 19:12:02.262, 33.90 W
2026/07/17 19:12:03.262, 33.97 W
2026/07/17 19:12:04.262, 34.07 W
2026/07/17 19:12:05.262, 34.14 W
2026/07/17 19:12:06.262, 34.35 W
2026/07/17 19:12:07.263, 34.38 W
2026/07/17 19:12:08.263, 34.97 W
2026/07/17 19:12:09.263, 35.30 W
2026/07/17 19:12:10.263, 35.72 W
2026/07/17 19:12:11.263, 36.02 W
2026/07/17 19:12:12.263, 30.91 W
2026/07/17 19:12:13.263, 34.40 W
2026/07/17 19:12:14.263, 31.00 W
2026/07/17 19:12:15.263, 35.87 W
2026/07/17 19:12:16.264, 31.14 W
2026/07/17 19:12:17.264, 33.39 W
2026/07/17 19:12:18.264, 33.81 W
2026/07/17 19:12:19.264, 29.41 W
2026/07/17 19:12:20.264, 33.51 W
2026/07/17 19:12:21.264, 29.97 W
2026/07/17 19:12:22.264, 32.41 W
2026/07/17 19:12:23.264, 34.90 W
2026/07/17 19:12:24.265, 35.11 W
2026/07/17 19:12:25.265, 35.44 W
2026/07/17 19:12:26.265, 29.59 W
2026/07/17 19:12:27.265, 30.12 W
2026/07/17 19:12:28.265, 29.57 W
2026/07/17 19:12:29.265, 35.24 W
2026/07/17 19:12:30.265, 31.32 W
2026/07/17 19:12:31.265, 32.97 W
2026/07/17 19:12:32.266, 35.20 W
2026/07/17 19:12:33.266, 32.42 W
2026/07/17 19:12:34.266, 29.59 W
2026/07/17 19:12:35.266, 29.15 W
2026/07/17 19:12:36.266, 33.65 W
2026/07/17 19:12:37.266, 30.12 W
2026/07/17 19:12:38.266, 35.23 W
2026/07/17 19:12:39.267, 30.24 W
2026/07/17 19:12:40.267, 35.38 W
2026/07/17 19:12:41.267, 35.94 W
2026/07/17 19:12:42.267, 28.53 W
2026/07/17 19:12:43.267, 35.22 W
2026/07/17 19:12:44.267, 31.62 W
2026/07/17 19:12:45.267, 35.31 W
2026/07/17 19:12:46.267, 29.89 W
2026/07/17 19:12:47.268, 34.55 W
2026/07/17 19:12:48.268, 36.09 W
2026/07/17 19:12:49.268, 34.05 W
2026/07/17 19:12:50.268, 33.00 W
2026/07/17 19:12:51.268, 28.51 W
2026/07/17 19:12:52.268, 33.52 W
2026/07/17 19:12:53.268, 30.09 W
2026/07/17 19:12:54.268, 35.35 W
2026/07/17 19:12:55.269, 29.46 W
2026/07/17 19:12:56.269, 30.75 W
2026/07/17 19:12:57.269, 33.14 W
2026/07/17 19:12:58.269, 34.12 W
2026/07/17 19:12:59.269, 32.69 W
2026/07/17 19:13:00.269, 29.55 W
2026/07/17 19:13:01.269, 35.52 W
2026/07/17 19:13:02.269, 30.49 W
2026/07/17 19:13:03.269, 34.37 W
2026/07/17 19:13:04.270, 36.03 W
2026/07/17 19:13:05.270, 32.05 W
2026/07/17 19:13:06.270, 32.17 W
2026/07/17 19:13:07.270, 29.78 W
2026/07/17 19:13:08.270, 35.03 W
2026/07/17 19:13:09.270, 29.68 W
2026/07/17 19:13:10.270, 35.53 W
2026/07/17 19:13:11.270, 35.98 W
2026/07/17 19:13:12.270, 29.37 W
2026/07/17 19:13:13.271, 33.34 W
2026/07/17 19:13:14.271, 34.07 W
2026/07/17 19:13:15.271, 29.65 W
2026/07/17 19:13:16.271, 35.07 W
2026/07/17 19:13:17.271, 31.62 W
2026/07/17 19:13:18.271, 35.66 W
2026/07/17 19:13:19.271, 30.17 W
2026/07/17 19:13:20.271, 33.69 W
2026/07/17 19:13:21.271, 30.94 W
2026/07/17 19:13:22.272, 35.74 W
2026/07/17 19:13:23.272, 30.52 W
2026/07/17 19:13:24.272, 33.76 W
2026/07/17 19:13:25.272, 33.18 W
2026/07/17 19:13:26.272, 30.30 W
2026/07/17 19:13:27.272, 34.10 W
2026/07/17 19:13:28.272, 35.45 W
2026/07/17 19:13:29.272, 31.60 W
2026/07/17 19:13:30.273, 29.86 W
2026/07/17 19:13:31.273, 32.76 W
2026/07/17 19:13:32.273, 34.09 W
2026/07/17 19:13:33.273, 33.50 W
2026/07/17 19:13:34.273, 29.11 W
2026/07/17 19:13:35.273, 34.15 W
2026/07/17 19:13:36.273, 29.50 W
2026/07/17 19:13:37.273, 30.99 W
2026/07/17 19:13:38.274, 29.38 W
2026/07/17 19:13:39.274, 34.94 W
2026/07/17 19:13:40.274, 30.30 W
2026/07/17 19:13:41.274, 29.85 W
2026/07/17 19:13:42.274, 34.73 W
2026/07/17 19:13:43.274, 30.20 W
2026/07/17 19:13:44.274, 34.78 W
2026/07/17 19:13:45.275, 34.73 W
2026/07/17 19:13:46.275, 29.92 W
2026/07/17 19:13:47.275, 34.77 W
2026/07/17 19:13:48.275, 34.48 W
2026/07/17 19:13:49.275, 30.26 W
2026/07/17 19:13:50.275, 35.54 W
2026/07/17 19:13:51.275, 30.28 W
2026/07/17 19:13:52.275, 32.09 W
2026/07/17 19:13:53.276, 35.16 W
2026/07/17 19:13:54.276, 28.68 W
2026/07/17 19:13:55.276, 33.53 W
2026/07/17 19:13:56.276, 30.72 W
2026/07/17 19:13:57.276, 31.12 W
2026/07/17 19:13:58.276, 33.72 W
2026/07/17 19:13:59.276, 30.67 W
2026/07/17 19:14:00.276, 34.70 W
2026/07/17 19:14:01.277, 34.34 W
2026/07/17 19:14:02.277, 29.02 W
2026/07/17 19:14:03.277, 34.14 W
2026/07/17 19:14:04.277, 32.26 W
2026/07/17 19:14:05.277, 29.86 W
2026/07/17 19:14:06.277, 33.78 W
2026/07/17 19:14:07.277, 30.59 W
2026/07/17 19:14:08.277, 30.32 W
2026/07/17 19:14:09.277, 33.91 W
2026/07/17 19:14:10.278, 31.00 W
2026/07/17 19:14:11.278, 34.78 W
2026/07/17 19:14:12.278, 35.23 W
2026/07/17 19:14:13.278, 29.44 W
2026/07/17 19:14:14.278, 34.85 W
2026/07/17 19:14:15.278, 28.49 W
2026/07/17 19:14:16.278, 33.31 W
2026/07/17 19:14:17.278, 34.96 W
2026/07/17 19:14:18.278, 35.63 W
2026/07/17 19:14:19.279, 34.39 W
2026/07/17 19:14:20.279, 30.44 W
2026/07/17 19:14:21.279, 35.37 W
2026/07/17 19:14:22.279, 28.07 W
2026/07/17 19:14:23.279, 33.59 W
2026/07/17 19:14:24.279, 34.46 W
2026/07/17 19:14:25.279, 34.52 W
2026/07/17 19:14:26.279, 33.68 W
2026/07/17 19:14:27.279, 29.81 W
2026/07/17 19:14:28.280, 34.99 W
2026/07/17 19:14:29.280, 31.22 W
2026/07/17 19:14:30.280, 31.87 W
2026/07/17 19:14:31.280, 33.60 W
2026/07/17 19:14:32.280, 34.94 W
2026/07/17 19:14:33.280, 35.57 W
2026/07/17 19:14:34.280, 28.90 W
2026/07/17 19:14:35.280, 34.94 W
2026/07/17 19:14:36.280, 29.58 W
2026/07/17 19:14:37.280, 32.77 W
2026/07/17 19:14:38.281, 35.53 W
2026/07/17 19:14:39.281, 28.81 W
2026/07/17 19:14:40.281, 35.03 W
2026/07/17 19:14:41.281, 31.32 W
2026/07/17 19:14:42.281, 34.37 W
2026/07/17 19:14:43.281, 35.77 W
2026/07/17 19:14:44.281, 29.67 W
2026/07/17 19:14:45.281, 33.69 W
2026/07/17 19:14:46.281, 28.86 W
2026/07/17 19:14:47.282, 29.63 W
2026/07/17 19:14:48.282, 41.77 W
2026/07/17 19:14:49.282, 42.01 W
2026/07/17 19:14:50.282, 41.53 W
2026/07/17 19:14:51.282, 44.18 W
2026/07/17 19:14:52.282, 45.74 W
2026/07/17 19:14:53.282, 54.77 W
2026/07/17 19:14:54.282, 35.05 W
2026/07/17 19:14:55.283, 32.66 W
2026/07/17 19:14:56.283, 34.19 W
2026/07/17 19:14:57.283, 31.50 W
2026/07/17 19:14:58.283, 34.72 W
2026/07/17 19:14:59.283, 29.88 W
2026/07/17 19:15:00.283, 34.01 W
2026/07/17 19:15:01.283, 29.83 W
2026/07/17 19:15:02.283, 33.66 W
2026/07/17 19:15:03.283, 30.01 W
2026/07/17 19:15:04.284, 34.48 W
2026/07/17 19:15:05.284, 28.25 W
2026/07/17 19:15:06.284, 36.08 W
2026/07/17 19:15:07.284, 31.54 W
2026/07/17 19:15:08.284, 34.96 W
2026/07/17 19:15:09.284, 30.19 W
2026/07/17 19:15:10.284, 35.56 W
2026/07/17 19:15:11.285, 30.82 W
2026/07/17 19:15:12.285, 34.28 W
2026/07/17 19:15:13.285, 30.75 W
2026/07/17 19:15:14.285, 36.11 W
2026/07/17 19:15:15.285, 31.48 W
2026/07/17 19:15:16.285, 34.75 W
2026/07/17 19:15:17.285, 30.20 W
2026/07/17 19:15:18.285, 35.43 W
2026/07/17 19:15:19.286, 30.45 W
2026/07/17 19:15:20.286, 36.06 W
2026/07/17 19:15:21.286, 31.54 W
2026/07/17 19:15:22.286, 34.51 W
2026/07/17 19:15:23.286, 30.07 W
2026/07/17 19:15:24.286, 33.76 W
2026/07/17 19:15:25.286, 31.68 W
2026/07/17 19:15:26.287, 35.58 W
2026/07/17 19:15:27.287, 36.19 W
2026/07/17 19:15:28.287, 36.15 W
2026/07/17 19:15:29.287, 34.87 W
2026/07/17 19:15:30.287, 34.23 W
2026/07/17 19:15:31.287, 33.99 W
2026/07/17 19:15:32.287, 34.12 W
2026/07/17 19:15:33.287, 33.50 W
2026/07/17 19:15:34.288, 32.20 W
2026/07/17 19:15:35.288, 30.96 W
2026/07/17 19:15:36.288, 31.34 W
2026/07/17 19:15:37.288, 34.22 W
2026/07/17 19:15:38.288, 33.76 W
2026/07/17 19:15:39.288, 31.91 W
2026/07/17 19:15:40.289, 33.13 W
2026/07/17 19:15:41.289, 32.73 W
2026/07/17 19:15:42.289, 35.04 W
2026/07/17 19:15:43.289, 31.27 W
2026/07/17 19:15:44.289, 30.54 W
2026/07/17 19:15:45.289, 29.87 W
2026/07/17 19:15:46.290, 33.51 W
2026/07/17 19:15:47.290, 30.96 W
2026/07/17 19:15:48.290, 34.14 W
2026/07/17 19:15:49.290, 35.94 W
2026/07/17 19:15:50.290, 35.20 W
2026/07/17 19:15:51.290, 34.09 W
2026/07/17 19:15:52.290, 33.69 W
2026/07/17 19:15:53.291, 33.42 W
2026/07/17 19:15:54.291, 34.59 W
2026/07/17 19:15:55.291, 30.69 W
2026/07/17 19:15:56.291, 32.38 W
2026/07/17 19:15:57.291, 30.16 W
2026/07/17 19:15:58.291, 32.76 W
2026/07/17 19:15:59.291, 29.67 W
2026/07/17 19:16:00.292, 33.16 W
2026/07/17 19:16:01.292, 30.14 W
2026/07/17 19:16:02.292, 36.03 W
2026/07/17 19:16:03.292, 30.89 W
2026/07/17 19:16:04.292, 35.46 W
2026/07/17 19:16:05.292, 31.13 W
2026/07/17 19:16:06.292, 36.20 W
2026/07/17 19:16:07.293, 31.08 W
2026/07/17 19:16:08.293, 35.15 W
2026/07/17 19:16:09.293, 35.93 W
2026/07/17 19:16:10.293, 35.32 W
2026/07/17 19:16:11.293, 34.90 W
2026/07/17 19:16:12.293, 34.01 W
2026/07/17 19:16:13.293, 33.69 W
2026/07/17 19:16:14.294, 34.09 W
2026/07/17 19:16:15.294, 33.57 W
2026/07/17 19:16:16.294, 30.68 W
2026/07/17 19:16:17.294, 30.88 W
2026/07/17 19:16:18.294, 32.76 W
2026/07/17 19:16:19.294, 34.09 W
2026/07/17 19:16:20.295, 35.76 W
2026/07/17 19:16:21.295, 36.11 W
2026/07/17 19:16:22.295, 35.68 W
2026/07/17 19:16:23.295, 35.44 W
2026/07/17 19:16:24.295, 35.94 W
2026/07/17 19:16:25.295, 35.26 W
2026/07/17 19:16:26.295, 30.82 W
2026/07/17 19:16:27.296, 33.73 W
2026/07/17 19:16:28.296, 33.76 W
2026/07/17 19:16:29.296, 29.53 W
2026/07/17 19:16:30.296, 32.38 W
2026/07/17 19:16:31.296, 29.69 W
2026/07/17 19:16:32.296, 35.72 W
2026/07/17 19:16:33.296, 31.56 W
2026/07/17 19:16:34.297, 36.25 W
2026/07/17 19:16:35.297, 31.53 W
2026/07/17 19:16:36.297, 36.08 W
2026/07/17 19:16:37.297, 27.85 W
2026/07/17 19:16:38.297, 34.60 W
2026/07/17 19:16:39.297, 35.51 W
2026/07/17 19:16:40.297, 35.50 W
2026/07/17 19:16:41.298, 36.19 W
2026/07/17 19:16:42.298, 35.60 W
2026/07/17 19:16:43.298, 35.52 W
2026/07/17 19:16:44.298, 31.82 W
2026/07/17 19:16:45.298, 32.11 W
2026/07/17 19:16:46.298, 27.35 W
2026/07/17 19:16:47.298, 34.22 W
2026/07/17 19:16:48.298, 30.78 W
2026/07/17 19:16:49.298, 31.02 W
2026/07/17 19:16:50.299, 30.31 W
2026/07/17 19:16:51.299, 34.92 W
2026/07/17 19:16:52.299, 35.72 W
2026/07/17 19:16:53.299, 35.76 W
2026/07/17 19:16:54.299, 30.76 W
2026/07/17 19:16:55.299, 35.57 W
2026/07/17 19:16:56.299, 35.61 W
2026/07/17 19:16:57.300, 35.12 W
2026/07/17 19:16:58.300, 34.75 W
2026/07/17 19:16:59.300, 34.72 W
2026/07/17 19:17:00.300, 34.46 W
2026/07/17 19:17:01.300, 35.38 W
2026/07/17 19:17:02.300, 35.83 W
2026/07/17 19:17:03.300, 35.94 W
2026/07/17 19:17:04.301, 35.64 W
2026/07/17 19:17:05.301, 29.77 W
2026/07/17 19:17:06.301, 34.99 W
2026/07/17 19:17:07.301, 31.31 W
2026/07/17 19:17:08.301, 35.74 W
2026/07/17 19:17:09.301, 31.19 W
2026/07/17 19:17:10.301, 34.69 W
2026/07/17 19:17:11.302, 28.30 W
2026/07/17 19:17:12.302, 31.15 W
2026/07/17 19:17:13.302, 33.50 W
2026/07/17 19:17:14.302, 34.86 W
2026/07/17 19:17:15.302, 31.88 W
2026/07/17 19:17:16.302, 27.29 W
2026/07/17 19:17:17.302, 34.09 W
2026/07/17 19:17:18.302, 31.56 W
2026/07/17 19:17:19.303, 35.84 W
2026/07/17 19:17:20.303, 31.24 W
2026/07/17 19:17:21.303, 35.86 W
2026/07/17 19:17:22.303, 29.65 W
2026/07/17 19:17:23.303, 35.54 W
2026/07/17 19:17:24.303, 35.88 W
2026/07/17 19:17:25.303, 36.10 W
2026/07/17 19:17:26.304, 36.33 W
2026/07/17 19:17:27.304, 32.90 W
2026/07/17 19:17:28.304, 33.23 W
2026/07/17 19:17:29.304, 30.59 W
2026/07/17 19:17:30.304, 34.56 W
2026/07/17 19:17:31.304, 34.68 W
2026/07/17 19:17:32.304, 30.35 W
2026/07/17 19:17:33.304, 34.16 W
2026/07/17 19:17:34.305, 30.00 W
2026/07/17 19:17:35.305, 33.91 W
2026/07/17 19:17:36.305, 30.12 W
2026/07/17 19:17:37.305, 35.62 W
2026/07/17 19:17:38.305, 31.37 W
2026/07/17 19:17:39.305, 35.70 W
2026/07/17 19:17:40.305, 31.29 W
2026/07/17 19:17:41.306, 35.86 W
2026/07/17 19:17:42.306, 31.42 W
2026/07/17 19:17:43.306, 35.38 W
2026/07/17 19:17:44.306, 29.58 W
2026/07/17 19:17:45.306, 33.53 W
2026/07/17 19:17:46.306, 33.53 W
2026/07/17 19:17:47.306, 33.56 W
2026/07/17 19:17:48.306, 34.86 W
2026/07/17 19:17:49.307, 35.54 W
2026/07/17 19:17:50.307, 35.58 W
2026/07/17 19:17:51.307, 26.97 W
2026/07/17 19:17:52.307, 33.47 W
2026/07/17 19:17:53.307, 30.78 W
2026/07/17 19:17:54.307, 31.04 W
2026/07/17 19:17:55.307, 35.47 W
2026/07/17 19:17:56.307, 30.68 W
2026/07/17 19:17:57.307, 33.15 W
2026/07/17 19:17:58.308, 33.44 W
2026/07/17 19:17:59.308, 33.44 W
2026/07/17 19:18:00.308, 33.69 W
2026/07/17 19:18:01.308, 34.17 W
2026/07/17 19:18:02.308, 35.57 W
2026/07/17 19:18:03.308, 28.36 W
2026/07/17 19:18:04.308, 32.52 W
2026/07/17 19:18:05.308, 29.85 W
2026/07/17 19:18:06.308, 34.68 W
2026/07/17 19:18:07.309, 31.30 W
2026/07/17 19:18:08.309, 35.49 W
2026/07/17 19:18:09.309, 29.24 W
2026/07/17 19:18:10.309, 35.60 W
2026/07/17 19:18:11.309, 36.57 W
2026/07/17 19:18:12.309, 31.77 W
2026/07/17 19:18:13.309, 31.96 W
2026/07/17 19:18:14.310, 30.84 W
2026/07/17 19:18:15.310, 31.64 W
2026/07/17 19:18:16.310, 34.92 W
2026/07/17 19:18:17.310, 35.83 W
2026/07/17 19:18:18.310, 35.09 W
2026/07/17 19:18:19.310, 30.07 W
2026/07/17 19:18:20.310, 35.40 W
2026/07/17 19:18:21.310, 30.55 W
2026/07/17 19:18:22.311, 34.71 W
2026/07/17 19:18:23.311, 35.77 W
2026/07/17 19:18:24.311, 36.00 W
2026/07/17 19:18:25.311, 35.73 W
2026/07/17 19:18:26.311, 30.91 W
2026/07/17 19:18:27.311, 32.18 W
2026/07/17 19:18:28.312, 34.37 W
2026/07/17 19:18:29.312, 29.74 W
2026/07/17 19:18:30.312, 34.20 W
2026/07/17 19:18:31.312, 30.93 W
2026/07/17 19:18:32.312, 35.80 W
2026/07/17 19:18:33.312, 28.95 W
2026/07/17 19:18:34.312, 33.44 W
2026/07/17 19:18:35.312, 33.58 W
2026/07/17 19:18:36.313, 33.84 W
2026/07/17 19:18:37.313, 33.77 W
2026/07/17 19:18:38.313, 35.42 W
2026/07/17 19:18:39.313, 34.83 W
2026/07/17 19:18:40.313, 29.68 W
2026/07/17 19:18:41.313, 34.26 W
2026/07/17 19:18:42.313, 30.91 W
2026/07/17 19:18:43.313, 35.71 W
2026/07/17 19:18:44.314, 33.15 W
2026/07/17 19:18:45.314, 28.74 W
2026/07/17 19:18:46.314, 34.30 W
2026/07/17 19:18:47.314, 34.01 W
2026/07/17 19:18:48.314, 30.62 W
2026/07/17 19:18:49.314, 35.41 W
2026/07/17 19:18:50.314, 31.45 W
2026/07/17 19:18:51.314, 35.13 W
2026/07/17 19:18:52.315, 29.72 W
2026/07/17 19:18:53.315, 30.48 W
2026/07/17 19:18:54.315, 34.78 W
2026/07/17 19:18:55.315, 31.43 W
2026/07/17 19:18:56.315, 35.03 W
2026/07/17 19:18:57.315, 27.86 W
2026/07/17 19:18:58.315, 29.46 W
2026/07/17 19:18:59.315, 32.32 W
2026/07/17 19:19:00.316, 29.81 W
2026/07/17 19:19:01.316, 34.72 W
2026/07/17 19:19:02.316, 35.26 W
2026/07/17 19:19:03.316, 35.00 W
2026/07/17 19:19:04.316, 31.44 W
2026/07/17 19:19:05.316, 29.66 W
2026/07/17 19:19:06.316, 33.53 W
2026/07/17 19:19:07.317, 29.88 W
2026/07/17 19:19:08.317, 34.50 W
2026/07/17 19:19:09.317, 29.90 W
2026/07/17 19:19:10.317, 33.78 W
2026/07/17 19:19:11.317, 35.13 W
2026/07/17 19:19:12.317, 35.99 W
2026/07/17 19:19:13.317, 36.42 W
2026/07/17 19:19:14.318, 28.29 W
2026/07/17 19:19:15.318, 34.64 W
2026/07/17 19:19:16.318, 31.26 W
2026/07/17 19:19:17.318, 35.71 W
2026/07/17 19:19:18.318, 29.90 W
2026/07/17 19:19:19.318, 31.69 W
2026/07/17 19:19:20.318, 34.13 W
2026/07/17 19:19:21.319, 35.35 W
2026/07/17 19:19:22.319, 35.92 W
2026/07/17 19:19:23.319, 30.50 W
2026/07/17 19:19:24.319, 31.21 W
2026/07/17 19:19:25.319, 31.26 W
2026/07/17 19:19:26.319, 47.95 W
2026/07/17 19:19:27.319, 48.03 W
2026/07/17 19:19:28.319, 46.74 W
2026/07/17 19:19:29.320, 47.50 W
2026/07/17 19:19:30.320, 49.35 W
2026/07/17 19:19:31.320, 52.57 W
2026/07/17 19:19:32.320, 60.37 W
2026/07/17 19:19:33.320, 31.78 W
2026/07/17 19:19:34.320, 35.21 W
2026/07/17 19:19:35.320, 36.15 W
2026/07/17 19:19:36.320, 36.03 W
2026/07/17 19:19:37.320, 36.23 W
2026/07/17 19:19:38.321, 35.81 W
2026/07/17 19:19:39.321, 35.91 W
2026/07/17 19:19:40.321, 35.46 W
2026/07/17 19:19:41.321, 35.61 W
2026/07/17 19:19:42.321, 35.88 W
2026/07/17 19:19:43.321, 33.57 W
2026/07/17 19:19:44.321, 31.70 W
2026/07/17 19:19:45.322, 33.05 W
2026/07/17 19:19:46.322, 29.88 W
2026/07/17 19:19:47.322, 33.85 W
2026/07/17 19:19:48.322, 29.92 W
2026/07/17 19:19:49.322, 33.28 W
2026/07/17 19:19:50.322, 31.08 W
2026/07/17 19:19:51.322, 35.15 W
2026/07/17 19:19:52.322, 31.77 W
2026/07/17 19:19:53.322, 33.40 W
2026/07/17 19:19:54.323, 31.72 W
2026/07/17 19:19:55.323, 33.22 W
2026/07/17 19:19:56.323, 31.68 W
2026/07/17 19:19:57.323, 36.13 W
2026/07/17 19:19:58.323, 31.19 W
2026/07/17 19:19:59.323, 36.17 W
2026/07/17 19:20:00.323, 31.40 W
2026/07/17 19:20:01.323, 35.27 W
2026/07/17 19:20:02.324, 30.60 W
2026/07/17 19:20:03.324, 32.11 W
2026/07/17 19:20:04.324, 30.34 W
2026/07/17 19:20:05.324, 33.00 W
2026/07/17 19:20:06.324, 34.82 W
2026/07/17 19:20:07.324, 35.67 W
2026/07/17 19:20:08.324, 34.74 W
2026/07/17 19:20:09.325, 29.81 W
2026/07/17 19:20:10.325, 33.71 W
2026/07/17 19:20:11.325, 30.61 W
2026/07/17 19:20:12.325, 33.41 W
2026/07/17 19:20:13.325, 34.68 W
2026/07/17 19:20:14.325, 29.89 W
2026/07/17 19:20:15.325, 34.68 W
2026/07/17 19:20:16.326, 35.92 W
2026/07/17 19:20:17.326, 35.72 W
2026/07/17 19:20:18.326, 35.74 W
2026/07/17 19:20:19.326, 34.48 W
2026/07/17 19:20:20.326, 31.36 W
2026/07/17 19:20:21.326, 29.83 W
2026/07/17 19:20:22.327, 36.07 W
2026/07/17 19:20:23.327, 29.41 W
2026/07/17 19:20:24.327, 32.42 W
2026/07/17 19:20:25.327, 29.30 W
2026/07/17 19:20:26.327, 34.84 W
2026/07/17 19:20:27.327, 31.59 W
2026/07/17 19:20:28.327, 35.70 W
2026/07/17 19:20:29.327, 31.08 W
2026/07/17 19:20:30.327, 33.82 W
2026/07/17 19:20:31.328, 31.16 W
2026/07/17 19:20:32.328, 34.45 W
2026/07/17 19:20:33.328, 33.28 W
2026/07/17 19:20:34.328, 29.42 W
2026/07/17 19:20:35.328, 29.00 W
2026/07/17 19:20:36.328, 27.78 W
2026/07/17 19:20:37.328, 32.17 W
2026/07/17 19:20:38.328, 28.97 W
2026/07/17 19:20:39.329, 32.86 W
2026/07/17 19:20:40.329, 29.90 W
2026/07/17 19:20:41.329, 33.40 W
2026/07/17 19:20:42.329, 29.76 W
2026/07/17 19:20:43.329, 33.68 W
2026/07/17 19:20:44.329, 30.41 W
2026/07/17 19:20:45.329, 34.64 W
2026/07/17 19:20:46.329, 29.86 W
2026/07/17 19:20:47.330, 34.39 W
2026/07/17 19:20:48.330, 31.48 W
2026/07/17 19:20:49.330, 35.88 W
2026/07/17 19:20:50.330, 30.84 W
2026/07/17 19:20:51.330, 34.44 W
2026/07/17 19:20:52.330, 31.44 W
2026/07/17 19:20:53.330, 36.10 W
2026/07/17 19:20:54.330, 30.70 W
2026/07/17 19:20:55.331, 33.87 W
2026/07/17 19:20:56.331, 33.46 W
2026/07/17 19:20:57.331, 33.27 W
2026/07/17 19:20:58.331, 33.35 W
2026/07/17 19:20:59.331, 32.92 W
2026/07/17 19:21:00.331, 31.89 W
2026/07/17 19:21:01.331, 31.81 W
2026/07/17 19:21:02.331, 33.37 W
2026/07/17 19:21:03.332, 33.68 W
2026/07/17 19:21:04.332, 34.57 W
2026/07/17 19:21:05.332, 30.15 W
2026/07/17 19:21:06.332, 34.56 W
2026/07/17 19:21:07.332, 31.31 W
2026/07/17 19:21:08.333, 35.63 W
2026/07/17 19:21:09.333, 31.17 W
2026/07/17 19:21:10.333, 35.05 W
2026/07/17 19:21:11.333, 28.89 W
2026/07/17 19:21:12.333, 34.42 W
2026/07/17 19:21:13.333, 31.05 W
2026/07/17 19:21:14.333, 30.83 W
2026/07/17 19:21:15.333, 32.13 W
2026/07/17 19:21:16.333, 33.23 W
2026/07/17 19:21:17.334, 33.29 W
2026/07/17 19:21:18.334, 33.07 W
2026/07/17 19:21:19.334, 31.76 W
2026/07/17 19:21:20.334, 27.21 W
2026/07/17 19:21:21.334, 33.31 W
2026/07/17 19:21:22.334, 30.63 W
2026/07/17 19:21:23.334, 33.03 W
2026/07/17 19:21:24.334, 33.13 W
2026/07/17 19:21:25.334, 33.61 W
2026/07/17 19:21:26.335, 34.35 W
2026/07/17 19:21:27.335, 28.76 W
2026/07/17 19:21:28.335, 33.35 W
2026/07/17 19:21:29.335, 29.59 W
2026/07/17 19:21:30.335, 33.65 W
2026/07/17 19:21:31.335, 30.78 W
2026/07/17 19:21:32.335, 35.54 W
2026/07/17 19:21:33.335, 29.16 W
2026/07/17 19:21:34.335, 30.22 W
2026/07/17 19:21:35.336, 35.62 W
2026/07/17 19:21:36.336, 31.53 W
2026/07/17 19:21:37.336, 34.50 W
2026/07/17 19:21:38.336, 33.66 W
2026/07/17 19:21:39.336, 34.44 W
2026/07/17 19:21:40.336, 35.98 W
2026/07/17 19:21:41.336, 31.13 W
2026/07/17 19:21:42.337, 34.16 W
2026/07/17 19:21:43.337, 32.53 W
2026/07/17 19:21:44.337, 34.37 W
2026/07/17 19:21:45.337, 34.71 W
2026/07/17 19:21:46.337, 28.35 W
2026/07/17 19:21:47.337, 33.34 W
2026/07/17 19:21:48.337, 29.87 W
2026/07/17 19:21:49.337, 33.71 W
2026/07/17 19:21:50.338, 29.81 W
2026/07/17 19:21:51.338, 34.85 W
2026/07/17 19:21:52.338, 30.82 W
2026/07/17 19:21:53.338, 35.46 W
2026/07/17 19:21:54.338, 28.78 W
2026/07/17 19:21:55.338, 29.07 W
2026/07/17 19:21:56.338, 32.05 W
2026/07/17 19:21:57.339, 34.50 W
2026/07/17 19:21:58.339, 35.56 W
2026/07/17 19:21:59.339, 29.67 W
2026/07/17 19:22:00.339, 32.08 W
2026/07/17 19:22:01.339, 29.76 W
2026/07/17 19:22:02.339, 33.57 W
2026/07/17 19:22:03.339, 29.97 W
2026/07/17 19:22:04.339, 34.63 W
2026/07/17 19:22:05.340, 34.39 W
2026/07/17 19:22:06.340, 29.59 W
2026/07/17 19:22:07.340, 35.29 W
2026/07/17 19:22:08.340, 34.05 W
2026/07/17 19:22:09.340, 29.72 W
2026/07/17 19:22:10.340, 26.72 W
2026/07/17 19:22:11.340, 35.42 W
2026/07/17 19:22:12.340, 30.97 W
2026/07/17 19:22:13.341, 33.82 W
2026/07/17 19:22:14.341, 30.45 W
2026/07/17 19:22:15.341, 35.22 W
2026/07/17 19:22:16.341, 29.97 W
2026/07/17 19:22:17.341, 33.03 W
2026/07/17 19:22:18.341, 33.41 W
2026/07/17 19:22:19.342, 34.10 W
2026/07/17 19:22:20.342, 32.94 W
2026/07/17 19:22:21.342, 29.78 W
2026/07/17 19:22:22.342, 34.74 W
2026/07/17 19:22:23.342, 29.06 W
2026/07/17 19:22:24.342, 33.62 W
2026/07/17 19:22:25.342, 34.28 W
2026/07/17 19:22:26.343, 35.56 W
2026/07/17 19:22:27.343, 36.12 W
2026/07/17 19:22:28.343, 29.13 W
2026/07/17 19:22:29.343, 34.61 W
2026/07/17 19:22:30.343, 28.79 W
2026/07/17 19:22:31.343, 32.23 W
2026/07/17 19:22:32.344, 33.34 W
2026/07/17 19:22:33.344, 33.40 W
2026/07/17 19:22:34.344, 33.50 W
2026/07/17 19:22:35.344, 33.96 W
2026/07/17 19:22:36.344, 33.95 W
2026/07/17 19:22:37.344, 35.04 W
2026/07/17 19:22:38.345, 35.51 W
2026/07/17 19:22:39.345, 30.57 W
2026/07/17 19:22:40.345, 34.02 W
2026/07/17 19:22:41.345, 30.55 W
2026/07/17 19:22:42.345, 35.19 W
2026/07/17 19:22:43.345, 30.75 W
2026/07/17 19:22:44.347, 28.83 W
2026/07/17 19:22:45.347, 30.42 W
2026/07/17 19:22:46.347, 30.04 W
2026/07/17 19:22:47.347, 33.45 W
2026/07/17 19:22:48.347, 34.06 W
2026/07/17 19:22:49.347, 35.53 W
2026/07/17 19:22:50.347, 35.94 W
2026/07/17 19:22:51.347, 31.18 W
2026/07/17 19:22:52.347, 31.00 W
2026/07/17 19:22:53.348, 29.85 W
2026/07/17 19:22:54.348, 34.44 W
2026/07/17 19:22:55.348, 30.66 W
2026/07/17 19:22:56.348, 34.49 W
2026/07/17 19:22:57.348, 32.79 W
2026/07/17 19:22:58.348, 30.99 W
2026/07/17 19:22:59.348, 35.02 W
2026/07/17 19:23:00.348, 29.88 W
2026/07/17 19:23:01.349, 34.15 W
2026/07/17 19:23:02.349, 34.97 W
2026/07/17 19:23:03.349, 28.67 W
2026/07/17 19:23:04.349, 34.90 W
2026/07/17 19:23:05.349, 30.34 W
2026/07/17 19:23:06.349, 32.59 W
2026/07/17 19:23:07.349, 33.39 W
2026/07/17 19:23:08.350, 29.51 W
2026/07/17 19:23:09.350, 33.41 W
2026/07/17 19:23:10.350, 30.61 W
2026/07/17 19:23:11.350, 34.32 W
2026/07/17 19:23:12.350, 30.10 W
2026/07/17 19:23:13.350, 34.63 W
2026/07/17 19:23:14.351, 32.55 W
2026/07/17 19:23:15.351, 29.61 W
2026/07/17 19:23:16.351, 33.90 W
2026/07/17 19:23:17.351, 31.07 W
2026/07/17 19:23:18.351, 34.13 W
2026/07/17 19:23:19.351, 35.22 W
2026/07/17 19:23:20.351, 33.76 W
2026/07/17 19:23:21.351, 32.61 W
2026/07/17 19:23:22.351, 30.16 W
2026/07/17 19:23:23.352, 33.24 W
2026/07/17 19:23:24.352, 33.43 W
2026/07/17 19:23:25.352, 27.80 W
2026/07/17 19:23:26.352, 34.45 W
2026/07/17 19:23:27.352, 30.71 W
2026/07/17 19:23:28.352, 29.93 W
2026/07/17 19:23:29.352, 33.56 W
2026/07/17 19:23:30.352, 34.87 W
2026/07/17 19:23:31.353, 35.71 W
2026/07/17 19:23:32.353, 35.64 W
2026/07/17 19:23:33.353, 29.80 W
2026/07/17 19:23:34.353, 34.35 W
2026/07/17 19:23:35.353, 29.55 W
2026/07/17 19:23:36.353, 33.54 W
2026/07/17 19:23:37.353, 33.88 W
2026/07/17 19:23:38.353, 34.58 W
2026/07/17 19:23:39.353, 35.69 W
2026/07/17 19:23:40.354, 28.59 W
2026/07/17 19:23:41.354, 33.79 W
2026/07/17 19:23:42.354, 30.70 W
2026/07/17 19:23:43.354, 33.78 W
2026/07/17 19:23:44.354, 32.69 W
2026/07/17 19:23:45.354, 29.56 W
2026/07/17 19:23:46.354, 34.11 W
2026/07/17 19:23:47.354, 28.25 W
2026/07/17 19:23:48.355, 33.53 W
2026/07/17 19:23:49.355, 34.42 W
2026/07/17 19:23:50.355, 30.73 W
2026/07/17 19:23:51.355, 35.12 W
2026/07/17 19:23:52.355, 34.45 W
2026/07/17 19:23:53.355, 30.29 W
2026/07/17 19:23:54.356, 32.69 W
2026/07/17 19:23:55.356, 33.85 W
2026/07/17 19:23:56.356, 34.95 W
2026/07/17 19:23:57.356, 34.35 W
2026/07/17 19:23:58.356, 29.60 W
2026/07/17 19:23:59.356, 34.48 W
2026/07/17 19:24:00.357, 28.57 W
2026/07/17 19:24:01.357, 33.34 W
2026/07/17 19:24:02.357, 34.15 W
2026/07/17 19:24:03.357, 34.67 W
2026/07/17 19:24:04.357, 33.81 W
2026/07/17 19:24:05.357, 29.94 W
2026/07/17 19:24:06.357, 34.69 W
2026/07/17 19:24:07.357, 28.37 W
2026/07/17 19:24:08.358, 34.37 W
2026/07/17 19:24:09.358, 32.54 W
2026/07/17 19:24:10.358, 29.19 W
2026/07/17 19:24:11.358, 35.08 W
2026/07/17 19:24:12.358, 29.64 W
2026/07/17 19:24:13.358, 32.67 W
2026/07/17 19:24:14.358, 31.75 W
2026/07/17 19:24:15.358, 29.38 W
2026/07/17 19:24:16.359, 34.53 W
2026/07/17 19:24:17.359, 31.01 W
2026/07/17 19:24:18.359, 32.60 W
2026/07/17 19:24:19.359, 35.11 W
2026/07/17 19:24:20.359, 28.41 W
2026/07/17 19:24:21.359, 33.38 W
2026/07/17 19:24:22.359, 31.01 W
2026/07/17 19:24:23.359, 35.88 W
2026/07/17 19:24:24.360, 29.07 W
2026/07/17 19:24:25.360, 34.15 W
2026/07/17 19:24:26.360, 35.08 W
2026/07/17 19:24:27.360, 29.98 W
2026/07/17 19:24:28.360, 33.78 W
2026/07/17 19:24:29.360, 34.47 W
2026/07/17 19:24:30.360, 30.48 W
2026/07/17 19:24:31.360, 33.48 W
2026/07/17 19:24:32.361, 34.71 W
2026/07/17 19:24:33.361, 29.56 W
2026/07/17 19:24:34.361, 34.15 W
2026/07/17 19:24:35.361, 31.01 W
2026/07/17 19:24:36.361, 33.45 W
2026/07/17 19:24:37.361, 33.54 W
2026/07/17 19:24:38.361, 34.95 W
2026/07/17 19:24:39.361, 35.51 W
2026/07/17 19:24:40.362, 28.01 W
2026/07/17 19:24:41.362, 33.67 W
2026/07/17 19:24:42.362, 29.98 W
2026/07/17 19:24:43.362, 33.81 W
2026/07/17 19:24:44.362, 35.06 W
2026/07/17 19:24:45.362, 27.18 W
2026/07/17 19:24:46.362, 33.69 W
2026/07/17 19:24:47.362, 30.93 W
2026/07/17 19:24:48.363, 34.98 W
2026/07/17 19:24:49.363, 34.37 W
2026/07/17 19:24:50.363, 33.85 W
2026/07/17 19:24:51.363, 31.02 W
2026/07/17 19:24:52.363, 29.68 W
2026/07/17 19:24:53.363, 34.41 W
2026/07/17 19:24:54.363, 30.89 W
2026/07/17 19:24:55.363, 33.70 W
2026/07/17 19:24:56.363, 31.70 W
2026/07/17 19:24:57.364, 34.84 W
2026/07/17 19:24:58.364, 35.10 W
2026/07/17 19:24:59.364, 27.47 W
2026/07/17 19:25:00.364, 33.46 W
2026/07/17 19:25:01.364, 30.15 W
2026/07/17 19:25:02.364, 35.33 W
2026/07/17 19:25:03.364, 28.85 W
2026/07/17 19:25:04.365, 34.34 W
2026/07/17 19:25:05.365, 33.64 W
2026/07/17 19:25:06.365, 29.57 W
2026/07/17 19:25:07.365, 34.59 W
2026/07/17 19:25:08.365, 30.31 W
2026/07/17 19:25:09.365, 32.40 W
2026/07/17 19:25:10.365, 34.29 W
2026/07/17 19:25:11.365, 22.08 W
2026/07/17 19:25:12.365, 34.47 W
2026/07/17 19:25:13.366, 28.27 W
2026/07/17 19:25:14.366, 29.98 W
2026/07/17 19:25:15.366, 32.52 W
2026/07/17 19:25:16.366, 30.14 W
2026/07/17 19:25:17.366, 34.55 W
2026/07/17 19:25:18.366, 32.97 W
2026/07/17 19:25:19.366, 29.92 W
2026/07/17 19:25:20.366, 34.15 W
2026/07/17 19:25:21.367, 33.63 W
2026/07/17 19:25:22.367, 29.87 W
2026/07/17 19:25:23.367, 34.33 W
2026/07/17 19:25:24.367, 29.24 W
2026/07/17 19:25:25.367, 34.67 W
2026/07/17 19:25:26.367, 35.05 W
2026/07/17 19:25:27.367, 31.19 W
2026/07/17 19:25:28.367, 34.43 W
2026/07/17 19:25:29.368, 35.67 W
2026/07/17 19:25:30.368, 31.56 W
2026/07/17 19:25:31.368, 31.94 W
2026/07/17 19:25:32.368, 29.99 W
2026/07/17 19:25:33.368, 32.65 W
2026/07/17 19:25:34.368, 32.69 W
2026/07/17 19:25:35.368, 29.96 W
2026/07/17 19:25:36.368, 32.80 W
2026/07/17 19:25:37.369, 35.53 W
2026/07/17 19:25:38.369, 31.29 W
2026/07/17 19:25:39.369, 32.31 W
2026/07/17 19:25:40.369, 34.24 W
2026/07/17 19:25:41.369, 35.06 W
2026/07/17 19:25:42.369, 29.63 W
2026/07/17 19:25:43.369, 34.43 W
2026/07/17 19:25:44.369, 33.67 W
2026/07/17 19:25:45.369, 35.17 W
2026/07/17 19:25:46.369, 32.94 W
2026/07/17 19:25:47.370, 30.72 W
2026/07/17 19:25:48.370, 32.13 W
2026/07/17 19:25:49.370, 34.83 W
2026/07/17 19:25:50.370, 28.81 W
2026/07/17 19:25:51.370, 34.87 W
2026/07/17 19:25:52.370, 29.91 W
2026/07/17 19:25:53.370, 33.11 W
2026/07/17 19:25:54.370, 33.83 W
2026/07/17 19:25:55.371, 30.07 W
2026/07/17 19:25:56.371, 35.14 W
2026/07/17 19:25:57.371, 34.62 W
2026/07/17 19:25:58.371, 29.25 W
2026/07/17 19:25:59.371, 34.99 W
2026/07/17 19:26:00.371, 33.48 W
2026/07/17 19:26:01.371, 31.05 W
2026/07/17 19:26:02.372, 33.38 W
2026/07/17 19:26:03.372, 31.64 W
2026/07/17 19:26:04.372, 32.49 W
2026/07/17 19:26:05.372, 32.79 W
2026/07/17 19:26:06.372, 28.72 W
2026/07/17 19:26:07.372, 32.80 W
2026/07/17 19:26:08.372, 33.57 W
2026/07/17 19:26:09.372, 29.63 W
2026/07/17 19:26:10.373, 34.26 W
2026/07/17 19:26:11.373, 31.29 W
2026/07/17 19:26:12.373, 33.76 W
2026/07/17 19:26:13.373, 29.06 W
2026/07/17 19:26:14.373, 30.65 W
2026/07/17 19:26:15.373, 33.59 W
2026/07/17 19:26:16.373, 29.64 W
2026/07/17 19:26:17.373, 35.02 W
2026/07/17 19:26:18.374, 34.99 W
2026/07/17 19:26:19.374, 30.35 W
2026/07/17 19:26:20.374, 30.08 W
2026/07/17 19:26:21.374, 29.40 W
2026/07/17 19:26:22.374, 35.09 W
2026/07/17 19:26:23.374, 28.98 W
2026/07/17 19:26:24.374, 28.66 W
2026/07/17 19:26:25.375, 35.30 W
2026/07/17 19:26:26.375, 34.74 W
2026/07/17 19:26:27.375, 27.96 W
2026/07/17 19:26:28.375, 33.35 W
2026/07/17 19:26:29.375, 31.44 W
2026/07/17 19:26:30.375, 31.12 W
2026/07/17 19:26:31.376, 33.94 W
2026/07/17 19:26:32.376, 34.85 W
2026/07/17 19:26:33.376, 30.70 W
2026/07/17 19:26:34.376, 30.52 W
2026/07/17 19:26:35.376, 47.22 W
2026/07/17 19:26:36.376, 52.65 W
2026/07/17 19:26:37.377, 52.53 W
2026/07/17 19:26:38.377, 50.76 W
2026/07/17 19:26:39.377, 50.56 W
2026/07/17 19:26:40.377, 50.02 W
2026/07/17 19:26:41.377, 52.61 W
2026/07/17 19:26:42.377, 61.09 W
2026/07/17 19:26:43.377, 53.23 W
2026/07/17 19:26:44.378, 30.18 W
2026/07/17 19:26:45.378, 35.39 W
2026/07/17 19:26:46.378, 36.07 W
2026/07/17 19:26:47.378, 35.67 W
2026/07/17 19:26:48.378, 35.32 W
2026/07/17 19:26:49.378, 35.78 W
2026/07/17 19:26:50.378, 36.22 W
2026/07/17 19:26:51.379, 36.13 W
2026/07/17 19:26:52.379, 36.17 W
2026/07/17 19:26:53.379, 35.73 W
2026/07/17 19:26:54.379, 35.12 W
2026/07/17 19:26:55.379, 34.75 W
2026/07/17 19:26:56.379, 35.53 W
2026/07/17 19:26:57.379, 35.06 W
2026/07/17 19:26:58.379, 34.51 W
2026/07/17 19:26:59.379, 34.13 W
2026/07/17 19:27:00.380, 33.97 W
2026/07/17 19:27:01.380, 31.91 W
2026/07/17 19:27:02.380, 32.52 W
2026/07/17 19:27:03.380, 29.90 W
2026/07/17 19:27:04.380, 34.97 W
2026/07/17 19:27:05.380, 35.33 W
2026/07/17 19:27:06.380, 27.06 W
2026/07/17 19:27:07.380, 33.69 W
2026/07/17 19:27:08.381, 29.86 W
2026/07/17 19:27:09.381, 35.42 W
2026/07/17 19:27:10.381, 30.50 W
2026/07/17 19:27:11.381, 29.96 W
2026/07/17 19:27:12.381, 35.55 W
2026/07/17 19:27:13.381, 31.70 W
2026/07/17 19:27:14.381, 36.18 W
2026/07/17 19:27:15.382, 30.71 W
2026/07/17 19:27:16.382, 30.26 W
2026/07/17 19:27:17.382, 35.31 W
2026/07/17 19:27:18.382, 30.30 W
2026/07/17 19:27:19.382, 34.73 W
2026/07/17 19:27:20.382, 34.96 W
2026/07/17 19:27:21.382, 32.86 W
2026/07/17 19:27:22.383, 33.78 W
2026/07/17 19:27:23.383, 33.35 W
2026/07/17 19:27:24.383, 33.50 W
2026/07/17 19:27:25.383, 33.83 W
2026/07/17 19:27:26.383, 33.80 W
2026/07/17 19:27:27.383, 30.03 W
2026/07/17 19:27:28.383, 34.85 W
2026/07/17 19:27:29.383, 30.18 W
2026/07/17 19:27:30.383, 34.35 W
2026/07/17 19:27:31.384, 29.90 W
2026/07/17 19:27:32.384, 33.61 W
2026/07/17 19:27:33.384, 29.87 W
2026/07/17 19:27:34.384, 34.58 W
2026/07/17 19:27:35.384, 30.26 W
2026/07/17 19:27:36.384, 35.10 W
2026/07/17 19:27:37.384, 31.38 W
2026/07/17 19:27:38.384, 35.86 W
2026/07/17 19:27:39.384, 31.03 W
2026/07/17 19:27:40.385, 35.59 W
2026/07/17 19:27:41.385, 28.94 W
2026/07/17 19:27:42.385, 33.69 W
2026/07/17 19:27:43.385, 33.85 W
2026/07/17 19:27:44.385, 34.08 W
2026/07/17 19:27:45.385, 34.17 W
2026/07/17 19:27:46.385, 34.47 W
2026/07/17 19:27:47.385, 34.45 W
2026/07/17 19:27:48.386, 29.52 W
2026/07/17 19:27:49.386, 33.58 W
2026/07/17 19:27:50.386, 35.40 W
2026/07/17 19:27:51.386, 33.04 W
2026/07/17 19:27:52.386, 33.19 W
2026/07/17 19:27:53.386, 31.00 W
2026/07/17 19:27:54.386, 34.74 W
2026/07/17 19:27:55.386, 30.24 W
2026/07/17 19:27:56.387, 32.78 W
2026/07/17 19:27:57.387, 30.31 W
2026/07/17 19:27:58.387, 33.17 W
2026/07/17 19:27:59.387, 33.41 W
2026/07/17 19:28:00.387, 34.26 W
2026/07/17 19:28:01.387, 34.62 W
2026/07/17 19:28:02.387, 30.52 W
2026/07/17 19:28:03.387, 29.93 W
2026/07/17 19:28:04.388, 29.12 W
2026/07/17 19:28:05.388, 34.20 W
2026/07/17 19:28:06.388, 30.21 W
2026/07/17 19:28:07.388, 33.42 W
2026/07/17 19:28:08.388, 33.45 W
2026/07/17 19:28:09.388, 34.38 W
2026/07/17 19:28:10.388, 33.96 W
2026/07/17 19:28:11.388, 27.94 W
2026/07/17 19:28:12.389, 34.00 W
2026/07/17 19:28:13.389, 35.47 W
2026/07/17 19:28:14.389, 31.49 W
2026/07/17 19:28:15.389, 31.29 W
2026/07/17 19:28:16.389, 29.33 W
2026/07/17 19:28:17.389, 34.47 W
2026/07/17 19:28:18.389, 30.74 W
2026/07/17 19:28:19.390, 32.83 W
2026/07/17 19:28:20.390, 32.09 W
2026/07/17 19:28:21.390, 29.58 W
2026/07/17 19:28:22.390, 33.53 W
2026/07/17 19:28:23.390, 29.93 W
2026/07/17 19:28:24.390, 34.31 W
2026/07/17 19:28:25.390, 33.52 W
2026/07/17 19:28:26.390, 29.89 W
2026/07/17 19:28:27.391, 33.33 W
2026/07/17 19:28:28.391, 35.54 W
2026/07/17 19:28:29.391, 35.70 W
2026/07/17 19:28:30.391, 35.96 W
2026/07/17 19:28:31.391, 29.20 W
2026/07/17 19:28:32.391, 34.67 W
2026/07/17 19:28:33.392, 35.35 W
2026/07/17 19:28:34.392, 35.90 W
2026/07/17 19:28:35.392, 33.68 W
2026/07/17 19:28:36.392, 32.26 W
2026/07/17 19:28:37.392, 32.12 W
2026/07/17 19:28:38.392, 32.14 W
2026/07/17 19:28:39.392, 29.73 W
2026/07/17 19:28:40.393, 34.92 W
2026/07/17 19:28:41.393, 31.58 W
2026/07/17 19:28:42.393, 33.46 W
2026/07/17 19:28:43.393, 29.20 W
2026/07/17 19:28:44.393, 31.61 W
2026/07/17 19:28:45.393, 33.48 W
2026/07/17 19:28:46.394, 34.44 W
2026/07/17 19:28:47.394, 35.64 W
2026/07/17 19:28:48.394, 30.40 W
2026/07/17 19:28:49.394, 28.91 W
2026/07/17 19:28:50.394, 29.58 W
2026/07/17 19:28:51.394, 33.74 W
2026/07/17 19:28:52.394, 30.32 W
2026/07/17 19:28:53.394, 33.29 W
2026/07/17 19:28:54.395, 34.26 W
2026/07/17 19:28:55.395, 35.32 W
2026/07/17 19:28:56.395, 35.72 W
2026/07/17 19:28:57.395, 33.48 W
2026/07/17 19:28:58.395, 33.31 W
2026/07/17 19:28:59.395, 30.88 W
2026/07/17 19:29:00.395, 35.53 W
2026/07/17 19:29:01.395, 29.17 W
2026/07/17 19:29:02.396, 30.35 W
2026/07/17 19:29:03.396, 33.37 W
2026/07/17 19:29:04.396, 34.21 W
2026/07/17 19:29:05.396, 34.96 W
2026/07/17 19:29:06.396, 30.37 W
2026/07/17 19:29:07.396, 33.20 W
2026/07/17 19:29:08.396, 33.60 W
2026/07/17 19:29:09.397, 29.62 W
2026/07/17 19:29:10.397, 34.22 W
2026/07/17 19:29:11.397, 34.66 W
2026/07/17 19:29:12.397, 34.72 W
2026/07/17 19:29:13.397, 32.68 W
2026/07/17 19:29:14.397, 30.08 W
2026/07/17 19:29:15.398, 32.82 W
2026/07/17 19:29:16.398, 29.26 W
2026/07/17 19:29:17.398, 33.58 W
2026/07/17 19:29:18.398, 34.62 W
2026/07/17 19:29:19.398, 34.37 W
2026/07/17 19:29:20.398, 32.98 W
2026/07/17 19:29:21.398, 29.75 W
2026/07/17 19:29:22.398, 34.82 W
2026/07/17 19:29:23.399, 31.42 W
2026/07/17 19:29:24.399, 34.20 W
2026/07/17 19:29:25.399, 29.88 W
2026/07/17 19:29:26.399, 33.67 W
2026/07/17 19:29:27.399, 35.19 W
2026/07/17 19:29:28.399, 31.75 W
2026/07/17 19:29:29.400, 30.75 W
2026/07/17 19:29:30.400, 29.67 W
2026/07/17 19:29:31.400, 34.47 W
2026/07/17 19:29:32.400, 27.88 W
2026/07/17 19:29:33.400, 29.33 W
2026/07/17 19:29:34.401, 32.64 W
2026/07/17 19:29:35.401, 30.03 W
2026/07/17 19:29:36.401, 33.15 W
2026/07/17 19:29:37.401, 33.50 W
2026/07/17 19:29:38.401, 28.95 W
2026/07/17 19:29:39.401, 35.10 W
2026/07/17 19:29:40.401, 30.78 W
2026/07/17 19:29:41.402, 32.31 W
2026/07/17 19:29:42.402, 31.52 W
2026/07/17 19:29:43.402, 34.34 W
2026/07/17 19:29:44.402, 35.58 W
2026/07/17 19:29:45.402, 33.39 W
2026/07/17 19:29:46.402, 31.71 W
2026/07/17 19:29:47.402, 28.92 W
2026/07/17 19:29:48.402, 33.60 W
2026/07/17 19:29:49.403, 31.74 W
2026/07/17 19:29:50.403, 51.12 W
2026/07/17 19:29:51.403, 49.74 W
2026/07/17 19:29:52.403, 52.15 W
2026/07/17 19:29:53.403, 50.20 W
2026/07/17 19:29:54.403, 51.12 W
2026/07/17 19:29:55.403, 50.44 W
2026/07/17 19:29:56.403, 54.65 W
2026/07/17 19:29:57.403, 60.53 W
2026/07/17 19:29:58.404, 54.24 W
2026/07/17 19:29:59.404, 55.40 W
2026/07/17 19:30:00.404, 51.35 W
2026/07/17 19:30:01.404, 51.89 W
2026/07/17 19:30:02.404, 51.99 W
2026/07/17 19:30:03.404, 53.18 W
2026/07/17 19:30:04.404, 51.74 W
2026/07/17 19:30:05.404, 57.69 W
2026/07/17 19:30:06.404, 60.56 W
2026/07/17 19:30:07.405, 47.83 W
2026/07/17 19:30:08.405, 37.61 W
2026/07/17 19:30:09.405, 35.77 W
2026/07/17 19:30:10.405, 33.97 W
2026/07/17 19:30:11.405, 47.44 W
2026/07/17 19:30:12.405, 34.41 W
2026/07/17 19:30:13.405, 31.41 W
2026/07/17 19:30:14.405, 34.45 W
2026/07/17 19:30:15.406, 34.84 W
2026/07/17 19:30:16.406, 33.51 W
2026/07/17 19:30:17.406, 32.46 W
2026/07/17 19:30:18.406, 30.94 W
2026/07/17 19:30:19.406, 34.47 W
2026/07/17 19:30:20.406, 35.28 W
2026/07/17 19:30:21.406, 28.30 W
2026/07/17 19:30:22.406, 35.37 W
2026/07/17 19:30:23.406, 28.66 W
2026/07/17 19:30:24.407, 34.55 W
2026/07/17 19:30:25.407, 34.92 W
2026/07/17 19:30:26.407, 34.62 W
2026/07/17 19:30:27.407, 35.92 W
2026/07/17 19:30:28.407, 35.44 W
2026/07/17 19:30:29.407, 30.89 W
2026/07/17 19:30:30.407, 34.85 W
2026/07/17 19:30:31.407, 35.01 W
2026/07/17 19:30:32.408, 30.86 W
2026/07/17 19:30:33.408, 33.88 W
2026/07/17 19:30:34.408, 35.82 W
2026/07/17 19:30:35.408, 30.38 W
2026/07/17 19:30:36.408, 35.21 W
2026/07/17 19:30:37.408, 29.40 W
2026/07/17 19:30:38.408, 32.90 W
2026/07/17 19:30:39.408, 34.70 W
2026/07/17 19:30:40.409, 31.33 W
2026/07/17 19:30:41.409, 33.90 W
2026/07/17 19:30:42.409, 31.53 W
2026/07/17 19:30:43.409, 32.96 W
2026/07/17 19:30:44.409, 35.10 W
2026/07/17 19:30:45.409, 33.50 W
2026/07/17 19:30:46.409, 31.72 W
2026/07/17 19:30:47.409, 30.81 W
2026/07/17 19:30:48.410, 32.06 W
2026/07/17 19:30:49.410, 33.29 W
2026/07/17 19:30:50.410, 30.92 W
2026/07/17 19:30:51.410, 30.36 W
2026/07/17 19:30:52.410, 33.26 W
2026/07/17 19:30:53.410, 31.24 W
2026/07/17 19:30:54.410, 32.70 W
2026/07/17 19:30:55.410, 35.14 W
2026/07/17 19:30:56.411, 30.33 W
2026/07/17 19:30:57.411, 32.15 W
2026/07/17 19:30:58.411, 31.11 W
2026/07/17 19:30:59.411, 32.31 W
2026/07/17 19:31:00.411, 30.55 W
2026/07/17 19:31:01.411, 33.69 W
2026/07/17 19:31:02.411, 31.61 W
2026/07/17 19:31:03.411, 34.63 W
2026/07/17 19:31:04.411, 35.77 W
2026/07/17 19:31:05.412, 27.96 W
2026/07/17 19:31:06.412, 34.10 W
2026/07/17 19:31:07.412, 30.28 W
2026/07/17 19:31:08.412, 32.54 W
2026/07/17 19:31:09.412, 33.97 W
2026/07/17 19:31:10.412, 29.72 W
2026/07/17 19:31:11.412, 34.77 W
2026/07/17 19:31:12.413, 28.41 W
2026/07/17 19:31:13.413, 30.16 W
2026/07/17 19:31:14.413, 34.49 W
2026/07/17 19:31:15.413, 34.81 W
2026/07/17 19:31:16.413, 28.74 W
2026/07/17 19:31:17.413, 29.90 W
2026/07/17 19:31:18.414, 30.49 W
2026/07/17 19:31:19.414, 30.30 W
2026/07/17 19:31:20.414, 33.91 W
2026/07/17 19:31:21.414, 34.61 W
2026/07/17 19:31:22.414, 30.50 W
2026/07/17 19:31:23.415, 34.08 W
2026/07/17 19:31:24.415, 34.16 W
2026/07/17 19:31:25.415, 30.52 W
2026/07/17 19:31:26.415, 33.88 W
2026/07/17 19:31:27.415, 31.59 W
2026/07/17 19:31:28.416, 29.02 W
2026/07/17 19:31:29.416, 34.35 W
2026/07/17 19:31:30.416, 33.66 W
2026/07/17 19:31:31.416, 29.75 W
2026/07/17 19:31:32.416, 35.26 W
2026/07/17 19:31:33.416, 28.51 W
2026/07/17 19:31:34.417, 34.49 W
2026/07/17 19:31:35.417, 33.41 W
2026/07/17 19:31:36.417, 31.04 W
2026/07/17 19:31:37.417, 32.97 W
2026/07/17 19:31:38.417, 34.47 W
2026/07/17 19:31:39.417, 30.98 W
2026/07/17 19:31:40.418, 35.41 W
2026/07/17 19:31:41.418, 29.12 W
2026/07/17 19:31:42.418, 34.43 W
2026/07/17 19:31:43.418, 33.60 W
2026/07/17 19:31:44.418, 28.94 W
2026/07/17 19:31:45.418, 30.20 W
2026/07/17 19:31:46.418, 34.57 W
2026/07/17 19:31:47.418, 35.42 W
2026/07/17 19:31:48.419, 29.06 W
2026/07/17 19:31:49.419, 34.39 W
2026/07/17 19:31:50.419, 31.22 W
2026/07/17 19:31:51.419, 32.65 W
2026/07/17 19:31:52.419, 34.37 W
2026/07/17 19:31:53.419, 28.65 W
2026/07/17 19:31:54.419, 30.45 W
2026/07/17 19:31:55.419, 34.53 W
2026/07/17 19:31:56.419, 33.08 W
2026/07/17 19:31:57.420, 29.75 W
2026/07/17 19:31:58.420, 34.71 W
2026/07/17 19:31:59.420, 34.10 W
2026/07/17 19:32:00.420, 30.19 W
2026/07/17 19:32:01.420, 35.17 W
2026/07/17 19:32:02.420, 33.74 W
2026/07/17 19:32:03.420, 29.84 W
2026/07/17 19:32:04.420, 34.66 W
2026/07/17 19:32:05.420, 34.08 W
2026/07/17 19:32:06.421, 30.84 W
2026/07/17 19:32:07.421, 34.47 W
2026/07/17 19:32:08.421, 34.93 W
2026/07/17 19:32:09.421, 29.00 W
2026/07/17 19:32:10.421, 34.93 W
2026/07/17 19:32:11.421, 28.75 W
2026/07/17 19:32:12.421, 30.30 W
2026/07/17 19:32:13.421, 34.48 W
2026/07/17 19:32:14.421, 33.78 W
2026/07/17 19:32:15.422, 30.02 W
2026/07/17 19:32:16.422, 33.84 W
2026/07/17 19:32:17.422, 33.08 W
2026/07/17 19:32:18.422, 31.20 W
2026/07/17 19:32:19.422, 33.01 W
2026/07/17 19:32:20.422, 32.04 W
2026/07/17 19:32:21.422, 31.20 W
2026/07/17 19:32:22.422, 34.38 W
2026/07/17 19:32:23.423, 30.20 W
2026/07/17 19:32:24.423, 31.00 W
2026/07/17 19:32:25.423, 33.19 W
2026/07/17 19:32:26.423, 29.84 W
2026/07/17 19:32:27.423, 30.77 W
2026/07/17 19:32:28.423, 32.28 W
2026/07/17 19:32:29.423, 30.97 W
2026/07/17 19:32:30.423, 34.76 W
2026/07/17 19:32:31.424, 34.32 W
2026/07/17 19:32:32.424, 29.40 W
2026/07/17 19:32:33.424, 31.11 W
2026/07/17 19:32:34.424, 34.36 W
2026/07/17 19:32:35.424, 30.40 W
2026/07/17 19:32:36.424, 33.89 W
2026/07/17 19:32:37.424, 32.72 W
2026/07/17 19:32:38.424, 31.27 W
2026/07/17 19:32:39.424, 32.19 W
2026/07/17 19:32:40.425, 34.21 W
2026/07/17 19:32:41.425, 30.10 W
2026/07/17 19:32:42.425, 33.97 W
2026/07/17 19:32:43.425, 31.47 W
2026/07/17 19:32:44.425, 30.30 W
2026/07/17 19:32:45.425, 34.85 W
2026/07/17 19:32:46.425, 34.58 W
2026/07/17 19:32:47.425, 31.38 W
2026/07/17 19:32:48.426, 30.38 W
2026/07/17 19:32:49.426, 29.32 W
2026/07/17 19:32:50.426, 33.26 W
2026/07/17 19:32:51.426, 33.04 W
2026/07/17 19:32:52.426, 29.77 W
2026/07/17 19:32:53.426, 35.17 W
2026/07/17 19:32:54.426, 29.40 W
2026/07/17 19:32:55.426, 30.94 W
2026/07/17 19:32:56.427, 34.60 W
2026/07/17 19:32:57.427, 29.03 W
2026/07/17 19:32:58.427, 34.02 W
2026/07/17 19:32:59.427, 32.98 W
2026/07/17 19:33:00.427, 30.68 W
2026/07/17 19:33:01.427, 33.51 W
2026/07/17 19:33:02.427, 32.97 W
2026/07/17 19:33:03.428, 30.43 W
2026/07/17 19:33:04.428, 34.12 W
2026/07/17 19:33:05.428, 34.41 W
2026/07/17 19:33:06.428, 29.78 W
2026/07/17 19:33:07.428, 33.20 W
2026/07/17 19:33:08.428, 34.20 W
2026/07/17 19:33:09.428, 30.17 W
2026/07/17 19:33:10.428, 33.04 W
2026/07/17 19:33:11.428, 34.90 W
2026/07/17 19:33:12.429, 28.51 W
2026/07/17 19:33:13.429, 34.28 W
2026/07/17 19:33:14.429, 34.23 W
2026/07/17 19:33:15.429, 30.10 W
2026/07/17 19:33:16.429, 34.08 W
2026/07/17 19:33:17.429, 34.89 W
2026/07/17 19:33:18.429, 29.25 W
2026/07/17 19:33:19.429, 34.33 W
2026/07/17 19:33:20.430, 34.10 W
2026/07/17 19:33:21.430, 30.46 W
2026/07/17 19:33:22.430, 32.93 W
2026/07/17 19:33:23.430, 34.16 W
2026/07/17 19:33:24.430, 29.88 W
2026/07/17 19:33:25.430, 34.06 W
2026/07/17 19:33:26.430, 33.99 W
2026/07/17 19:33:27.430, 29.83 W
2026/07/17 19:33:28.430, 34.22 W
2026/07/17 19:33:29.431, 34.64 W
2026/07/17 19:33:30.431, 30.27 W
2026/07/17 19:33:31.431, 33.47 W
2026/07/17 19:33:32.431, 33.85 W
2026/07/17 19:33:33.431, 29.66 W
2026/07/17 19:33:34.431, 34.71 W
2026/07/17 19:33:35.431, 32.76 W
2026/07/17 19:33:36.431, 30.50 W
2026/07/17 19:33:37.432, 34.31 W
2026/07/17 19:33:38.432, 34.33 W
2026/07/17 19:33:39.432, 30.86 W
2026/07/17 19:33:40.432, 33.09 W
2026/07/17 19:33:41.432, 34.52 W
2026/07/17 19:33:42.432, 30.65 W
2026/07/17 19:33:43.432, 33.61 W
2026/07/17 19:33:44.433, 34.69 W
2026/07/17 19:33:45.433, 30.49 W
2026/07/17 19:33:46.433, 31.14 W
2026/07/17 19:33:47.433, 33.50 W
2026/07/17 19:33:48.433, 34.60 W
2026/07/17 19:33:49.433, 28.71 W
2026/07/17 19:33:50.433, 34.28 W
2026/07/17 19:33:51.433, 34.03 W
2026/07/17 19:33:52.433, 30.95 W
2026/07/17 19:33:53.434, 34.24 W
2026/07/17 19:33:54.434, 30.51 W
2026/07/17 19:33:55.434, 29.74 W
2026/07/17 19:33:56.434, 34.70 W
2026/07/17 19:33:57.434, 34.44 W
2026/07/17 19:33:58.434, 30.35 W
2026/07/17 19:33:59.434, 34.81 W
2026/07/17 19:34:00.434, 34.76 W
2026/07/17 19:34:01.434, 29.84 W
2026/07/17 19:34:02.435, 33.35 W
2026/07/17 19:34:03.435, 31.83 W
2026/07/17 19:34:04.435, 30.81 W
2026/07/17 19:34:05.435, 34.37 W
2026/07/17 19:34:06.435, 34.34 W
2026/07/17 19:34:07.435, 29.65 W
2026/07/17 19:34:08.435, 33.51 W
2026/07/17 19:34:09.435, 34.46 W
2026/07/17 19:34:10.435, 30.03 W
2026/07/17 19:34:11.436, 34.54 W
2026/07/17 19:34:12.436, 32.72 W
2026/07/17 19:34:13.436, 31.00 W
2026/07/17 19:34:14.436, 29.96 W
2026/07/17 19:34:15.436, 34.33 W
2026/07/17 19:34:16.436, 34.42 W
2026/07/17 19:34:17.436, 30.44 W
2026/07/17 19:34:18.436, 30.52 W
2026/07/17 19:34:19.436, 32.90 W
2026/07/17 19:34:20.436, 34.15 W
2026/07/17 19:34:21.437, 33.19 W
2026/07/17 19:34:22.437, 28.58 W
2026/07/17 19:34:23.437, 30.14 W
2026/07/17 19:34:24.437, 35.72 W
2026/07/17 19:34:25.437, 32.93 W
2026/07/17 19:34:26.437, 30.88 W
2026/07/17 19:34:27.437, 33.39 W
2026/07/17 19:34:28.438, 34.22 W
2026/07/17 19:34:29.438, 29.84 W
2026/07/17 19:34:30.438, 34.10 W
2026/07/17 19:34:31.438, 30.80 W
2026/07/17 19:34:32.438, 33.18 W
2026/07/17 19:34:33.438, 34.59 W
2026/07/17 19:34:34.438, 30.48 W
2026/07/17 19:34:35.438, 33.93 W
2026/07/17 19:34:36.438, 34.54 W
2026/07/17 19:34:37.438, 30.17 W
2026/07/17 19:34:38.439, 30.36 W
2026/07/17 19:34:39.439, 34.11 W
2026/07/17 19:34:40.439, 33.99 W
2026/07/17 19:34:41.439, 30.27 W
2026/07/17 19:34:42.439, 28.98 W
2026/07/17 19:34:43.439, 35.05 W
2026/07/17 19:34:44.439, 34.65 W
2026/07/17 19:34:45.439, 30.94 W
2026/07/17 19:34:46.440, 33.70 W
2026/07/17 19:34:47.440, 34.45 W
2026/07/17 19:34:48.440, 30.72 W
2026/07/17 19:34:49.440, 33.18 W
2026/07/17 19:34:50.440, 34.38 W
2026/07/17 19:34:51.440, 33.18 W
2026/07/17 19:34:52.440, 30.33 W
2026/07/17 19:34:53.440, 31.19 W
2026/07/17 19:34:54.441, 30.14 W
2026/07/17 19:34:55.441, 34.79 W
2026/07/17 19:34:56.441, 29.04 W
2026/07/17 19:34:57.441, 28.68 W
2026/07/17 19:34:58.441, 33.62 W
2026/07/17 19:34:59.441, 31.84 W
2026/07/17 19:35:00.441, 30.52 W
2026/07/17 19:35:01.441, 33.01 W
2026/07/17 19:35:02.441, 32.12 W
2026/07/17 19:35:03.442, 28.87 W
2026/07/17 19:35:04.442, 34.69 W
2026/07/17 19:35:05.442, 31.79 W
2026/07/17 19:35:06.442, 28.71 W
2026/07/17 19:35:07.442, 29.94 W
2026/07/17 19:35:08.442, 35.05 W
2026/07/17 19:35:09.443, 34.22 W
2026/07/17 19:35:10.443, 33.89 W
2026/07/17 19:35:11.443, 33.31 W
2026/07/17 19:35:12.443, 34.60 W
2026/07/17 19:35:13.443, 29.67 W
2026/07/17 19:35:14.443, 30.68 W
2026/07/17 19:35:15.443, 28.80 W
2026/07/17 19:35:16.443, 34.44 W
2026/07/17 19:35:17.444, 34.42 W
2026/07/17 19:35:18.444, 29.74 W
2026/07/17 19:35:19.444, 34.96 W
2026/07/17 19:35:20.444, 34.33 W
2026/07/17 19:35:21.444, 34.67 W
2026/07/17 19:35:22.444, 28.84 W
2026/07/17 19:35:23.445, 34.00 W
2026/07/17 19:35:24.445, 31.61 W
2026/07/17 19:35:25.445, 28.88 W
2026/07/17 19:35:26.445, 34.83 W
2026/07/17 19:35:27.445, 30.69 W
2026/07/17 19:35:28.445, 30.30 W
2026/07/17 19:35:29.445, 34.03 W
2026/07/17 19:35:30.445, 34.99 W
2026/07/17 19:35:31.445, 29.92 W
2026/07/17 19:35:32.446, 30.83 W
2026/07/17 19:35:33.446, 34.00 W
2026/07/17 19:35:34.446, 33.89 W
2026/07/17 19:35:35.446, 29.54 W
2026/07/17 19:35:36.446, 34.92 W
2026/07/17 19:35:37.446, 34.39 W
2026/07/17 19:35:38.446, 30.68 W
2026/07/17 19:35:39.447, 34.46 W
2026/07/17 19:35:40.447, 34.67 W
2026/07/17 19:35:41.447, 29.07 W
2026/07/17 19:35:42.447, 34.04 W
2026/07/17 19:35:43.447, 34.09 W
2026/07/17 19:35:44.447, 30.73 W
2026/07/17 19:35:45.447, 34.46 W
2026/07/17 19:35:46.447, 33.06 W
2026/07/17 19:35:47.448, 29.56 W
2026/07/17 19:35:48.448, 30.58 W
2026/07/17 19:35:49.448, 33.31 W
2026/07/17 19:35:50.448, 32.58 W
2026/07/17 19:35:51.448, 29.51 W
2026/07/17 19:35:52.448, 34.27 W
2026/07/17 19:35:53.448, 34.24 W
2026/07/17 19:35:54.449, 30.46 W
2026/07/17 19:35:55.449, 31.03 W
2026/07/17 19:35:56.449, 34.16 W
2026/07/17 19:35:57.449, 34.76 W
2026/07/17 19:35:58.449, 34.08 W
2026/07/17 19:35:59.449, 30.26 W
2026/07/17 19:36:00.449, 30.81 W
2026/07/17 19:36:01.449, 30.32 W
2026/07/17 19:36:02.450, 29.55 W
2026/07/17 19:36:03.450, 34.23 W
2026/07/17 19:36:04.450, 34.81 W
2026/07/17 19:36:05.450, 30.11 W
2026/07/17 19:36:06.450, 29.66 W
2026/07/17 19:36:07.450, 34.31 W
2026/07/17 19:36:08.450, 30.10 W
2026/07/17 19:36:09.450, 30.60 W
2026/07/17 19:36:10.451, 29.64 W
2026/07/17 19:36:11.451, 34.49 W
2026/07/17 19:36:12.451, 34.84 W
2026/07/17 19:36:13.451, 35.25 W
2026/07/17 19:36:14.451, 29.30 W
2026/07/17 19:36:15.451, 30.79 W
2026/07/17 19:36:16.451, 33.23 W
2026/07/17 19:36:17.451, 33.24 W
2026/07/17 19:36:18.452, 30.39 W
2026/07/17 19:36:19.452, 29.56 W
2026/07/17 19:36:20.452, 29.98 W
2026/07/17 19:36:21.452, 29.29 W
2026/07/17 19:36:22.452, 34.35 W
2026/07/17 19:36:23.452, 34.31 W
2026/07/17 19:36:24.452, 30.81 W
2026/07/17 19:36:25.452, 30.59 W
2026/07/17 19:36:26.453, 34.07 W
2026/07/17 19:36:27.453, 30.72 W
2026/07/17 19:36:28.453, 30.33 W
2026/07/17 19:36:29.453, 30.62 W
2026/07/17 19:36:30.453, 30.05 W
2026/07/17 19:36:31.453, 29.62 W
2026/07/17 19:36:32.453, 34.19 W
2026/07/17 19:36:33.453, 34.40 W
2026/07/17 19:36:34.454, 29.79 W
2026/07/17 19:36:35.454, 33.14 W
2026/07/17 19:36:36.454, 33.06 W
2026/07/17 19:36:37.454, 30.61 W
2026/07/17 19:36:38.454, 33.55 W
2026/07/17 19:36:39.454, 34.12 W
2026/07/17 19:36:40.455, 30.15 W
2026/07/17 19:36:41.455, 33.65 W
2026/07/17 19:36:42.455, 34.43 W
2026/07/17 19:36:43.455, 29.85 W
2026/07/17 19:36:44.455, 29.91 W
2026/07/17 19:36:45.455, 34.46 W
2026/07/17 19:36:46.455, 34.62 W
2026/07/17 19:36:47.455, 29.06 W
2026/07/17 19:36:48.456, 30.01 W
2026/07/17 19:36:49.456, 34.48 W
2026/07/17 19:36:50.456, 32.91 W
2026/07/17 19:36:51.456, 33.00 W
2026/07/17 19:36:52.456, 30.74 W
2026/07/17 19:36:53.456, 30.14 W
2026/07/17 19:36:54.456, 28.48 W
2026/07/17 19:36:55.456, 33.97 W
2026/07/17 19:36:56.457, 32.89 W
2026/07/17 19:36:57.457, 30.74 W
2026/07/17 19:36:58.457, 29.05 W
2026/07/17 19:36:59.457, 30.53 W
2026/07/17 19:37:00.457, 34.98 W
2026/07/17 19:37:01.457, 34.47 W
2026/07/17 19:37:02.457, 30.83 W
2026/07/17 19:37:03.457, 33.15 W
2026/07/17 19:37:04.458, 33.94 W
2026/07/17 19:37:05.458, 29.55 W
2026/07/17 19:37:06.458, 29.34 W
2026/07/17 19:37:07.458, 34.15 W
2026/07/17 19:37:08.458, 33.73 W
2026/07/17 19:37:09.458, 29.91 W
2026/07/17 19:37:10.458, 33.26 W
2026/07/17 19:37:11.458, 34.24 W
2026/07/17 19:37:12.458, 30.15 W
2026/07/17 19:37:13.459, 34.90 W
2026/07/17 19:37:14.459, 32.85 W
2026/07/17 19:37:15.459, 32.29 W
2026/07/17 19:37:16.459, 30.37 W
2026/07/17 19:37:17.459, 32.58 W
2026/07/17 19:37:18.459, 34.87 W
2026/07/17 19:37:19.459, 30.13 W
2026/07/17 19:37:20.459, 30.24 W
2026/07/17 19:37:21.459, 34.78 W
2026/07/17 19:37:22.460, 34.70 W
2026/07/17 19:37:23.460, 30.40 W
2026/07/17 19:37:24.460, 30.24 W
2026/07/17 19:37:25.460, 33.74 W
2026/07/17 19:37:26.460, 34.15 W
2026/07/17 19:37:27.460, 29.67 W
2026/07/17 19:37:28.460, 30.64 W
2026/07/17 19:37:29.460, 34.44 W
2026/07/17 19:37:30.461, 30.81 W
2026/07/17 19:37:31.461, 29.33 W
2026/07/17 19:37:32.461, 33.81 W
2026/07/17 19:37:33.461, 34.52 W
2026/07/17 19:37:34.461, 30.83 W
2026/07/17 19:37:35.461, 30.34 W
2026/07/17 19:37:36.462, 34.65 W
2026/07/17 19:37:37.462, 34.63 W
2026/07/17 19:37:38.462, 29.09 W
2026/07/17 19:37:39.462, 29.78 W
2026/07/17 19:37:40.462, 34.85 W
2026/07/17 19:37:41.462, 34.64 W
2026/07/17 19:37:42.462, 30.76 W
2026/07/17 19:37:43.463, 33.59 W
2026/07/17 19:37:44.463, 34.64 W
2026/07/17 19:37:45.463, 30.23 W
2026/07/17 19:37:46.463, 30.07 W
2026/07/17 19:37:47.463, 33.40 W
2026/07/17 19:37:48.463, 34.33 W
2026/07/17 19:37:49.463, 28.42 W
2026/07/17 19:37:50.464, 30.34 W
2026/07/17 19:37:51.464, 32.70 W
2026/07/17 19:37:52.464, 33.87 W
2026/07/17 19:37:53.464, 30.38 W
2026/07/17 19:37:54.464, 28.85 W
2026/07/17 19:37:55.464, 29.82 W
2026/07/17 19:37:56.464, 25.13 W
2026/07/17 19:37:57.464, 21.91 W
2026/07/17 19:37:58.465, 21.86 W
2026/07/17 19:37:59.465, 21.86 W
2026/07/17 19:38:00.465, 21.90 W
2026/07/17 19:38:01.465, 21.86 W
2026/07/17 19:38:02.465, 21.81 W
2026/07/17 19:38:03.465, 21.81 W
2026/07/17 19:38:04.465, 21.81 W
2026/07/17 19:38:05.466, 21.81 W
2026/07/17 19:38:06.466, 21.81 W
2026/07/17 19:38:07.466, 21.81 W
2026/07/17 19:38:08.466, 21.76 W
2026/07/17 19:38:09.466, 21.72 W
2026/07/17 19:38:10.466, 21.72 W
2026/07/17 19:38:11.466, 21.72 W
2026/07/17 19:38:12.466, 21.72 W
2026/07/17 19:38:13.467, 21.72 W
2026/07/17 19:38:14.467, 21.72 W
2026/07/17 19:38:15.467, 21.72 W
2026/07/17 19:38:16.467, 21.67 W
2026/07/17 19:38:17.467, 21.62 W
2026/07/17 19:38:18.467, 21.62 W
2026/07/17 19:38:19.467, 21.62 W
2026/07/17 19:38:20.467, 21.57 W
2026/07/17 19:38:21.467, 21.52 W
2026/07/17 19:38:22.468, 21.57 W
2026/07/17 19:38:23.468, 21.57 W
2026/07/17 19:38:24.468, 21.52 W
2026/07/17 19:38:25.468, 21.52 W
2026/07/17 19:38:26.468, 21.52 W
2026/07/17 19:38:27.468, 21.52 W
2026/07/17 19:38:28.468, 21.52 W
2026/07/17 19:38:29.468, 21.52 W
2026/07/17 19:38:30.468, 21.52 W
2026/07/17 19:38:31.469, 21.52 W
2026/07/17 19:38:32.469, 21.47 W
2026/07/17 19:38:33.469, 21.47 W
2026/07/17 19:38:34.469, 21.52 W
2026/07/17 19:38:35.469, 21.52 W
2026/07/17 19:38:36.469, 21.47 W
2026/07/17 19:38:37.469, 21.42 W
2026/07/17 19:38:38.470, 21.42 W
2026/07/17 19:38:39.470, 21.42 W
2026/07/17 19:38:40.470, 21.42 W
2026/07/17 19:38:41.470, 21.42 W
2026/07/17 19:38:42.470, 21.42 W
2026/07/17 19:38:43.470, 21.42 W
2026/07/17 19:38:44.470, 21.42 W
2026/07/17 19:38:45.470, 21.42 W
2026/07/17 19:38:46.470, 21.42 W
2026/07/17 19:38:47.471, 21.42 W
2026/07/17 19:38:48.471, 21.42 W
2026/07/17 19:38:49.471, 21.42 W
2026/07/17 19:38:50.471, 21.42 W
2026/07/17 19:38:51.471, 21.38 W
2026/07/17 19:38:52.471, 21.38 W
2026/07/17 19:38:53.471, 21.38 W
2026/07/17 19:38:54.471, 21.38 W
2026/07/17 19:38:55.472, 21.38 W
2026/07/17 19:38:56.472, 21.33 W
2026/07/17 19:38:57.472, 21.33 W
2026/07/17 19:38:58.472, 21.33 W
2026/07/17 19:38:59.472, 21.33 W
2026/07/17 19:39:00.472, 21.33 W
2026/07/17 19:39:01.472, 21.33 W
2026/07/17 19:39:02.472, 21.33 W
2026/07/17 19:39:03.473, 21.33 W
2026/07/17 19:39:04.473, 21.33 W
2026/07/17 19:39:05.473, 21.33 W
2026/07/17 19:39:06.473, 21.33 W
2026/07/17 19:39:07.473, 21.33 W
2026/07/17 19:39:08.473, 21.33 W
2026/07/17 19:39:09.473, 21.33 W
2026/07/17 19:39:10.473, 21.33 W
2026/07/17 19:39:11.474, 21.33 W
2026/07/17 19:39:12.474, 21.33 W
2026/07/17 19:39:13.474, 21.33 W
2026/07/17 19:39:14.474, 21.33 W
2026/07/17 19:39:15.474, 21.33 W
2026/07/17 19:39:16.474, 21.28 W
2026/07/17 19:39:17.474, 21.23 W
2026/07/17 19:39:18.475, 21.28 W
2026/07/17 19:39:19.475, 21.28 W
2026/07/17 19:39:20.475, 21.23 W
2026/07/17 19:39:21.475, 21.23 W
2026/07/17 19:39:22.475, 21.23 W
2026/07/17 19:39:23.475, 21.23 W
2026/07/17 19:39:24.475, 21.23 W
2026/07/17 19:39:25.475, 21.23 W
2026/07/17 19:39:26.475, 21.23 W
2026/07/17 19:39:27.475, 21.23 W
2026/07/17 19:39:28.476, 21.23 W
2026/07/17 19:39:29.476, 21.23 W
2026/07/17 19:39:30.476, 21.23 W
2026/07/17 19:39:31.476, 21.23 W
2026/07/17 19:39:32.476, 21.23 W
2026/07/17 19:39:33.476, 21.23 W
2026/07/17 19:39:34.476, 21.23 W
2026/07/17 19:39:35.476, 21.18 W
2026/07/17 19:39:36.477, 21.18 W
2026/07/17 19:39:37.477, 21.23 W
2026/07/17 19:39:38.477, 21.23 W
2026/07/17 19:39:39.477, 21.23 W
2026/07/17 19:39:40.477, 21.23 W
2026/07/17 19:39:41.477, 21.23 W
2026/07/17 19:39:42.477, 21.18 W
2026/07/17 19:39:43.477, 21.18 W
2026/07/17 19:39:44.478, 21.23 W
2026/07/17 19:39:45.478, 21.23 W
2026/07/17 19:39:46.478, 21.23 W
2026/07/17 19:39:47.478, 21.18 W
2026/07/17 19:39:48.478, 21.18 W
2026/07/17 19:39:49.478, 21.18 W
2026/07/17 19:39:50.478, 21.13 W
2026/07/17 19:39:51.478, 21.13 W
2026/07/17 19:39:52.478, 21.18 W
2026/07/17 19:39:53.479, 21.23 W
2026/07/17 19:39:54.479, 21.23 W
2026/07/17 19:39:55.479, 21.23 W
2026/07/17 19:39:56.479, 21.18 W
2026/07/17 19:39:57.479, 21.13 W
2026/07/17 19:39:58.479, 21.13 W
2026/07/17 19:39:59.479, 21.13 W
2026/07/17 19:40:00.479, 21.13 W
2026/07/17 19:40:01.479, 21.13 W
2026/07/17 19:40:02.480, 21.13 W
2026/07/17 19:40:03.480, 21.13 W
2026/07/17 19:40:04.480, 21.13 W
2026/07/17 19:40:05.480, 21.13 W
2026/07/17 19:40:06.480, 21.13 W
2026/07/17 19:40:07.480, 21.13 W
2026/07/17 19:40:08.480, 21.13 W
2026/07/17 19:40:09.480, 21.13 W
2026/07/17 19:40:10.481, 21.13 W
2026/07/17 19:40:11.481, 21.13 W
2026/07/17 19:40:12.481, 21.13 W
2026/07/17 19:40:13.481, 21.13 W
2026/07/17 19:40:14.481, 21.13 W
2026/07/17 19:40:15.481, 21.13 W
2026/07/17 19:40:16.481, 21.13 W
2026/07/17 19:40:17.482, 21.13 W
2026/07/17 19:40:18.482, 21.13 W
2026/07/17 19:40:19.482, 21.13 W
2026/07/17 19:40:20.482, 21.13 W
2026/07/17 19:40:21.482, 21.13 W
2026/07/17 19:40:22.482, 21.13 W
2026/07/17 19:40:23.483, 21.13 W
2026/07/17 19:40:24.483, 21.13 W
2026/07/17 19:40:25.483, 21.08 W
2026/07/17 19:40:26.483, 21.08 W
2026/07/17 19:40:27.483, 21.13 W
2026/07/17 19:40:28.483, 21.13 W
2026/07/17 19:40:29.483, 21.13 W
2026/07/17 19:40:30.484, 21.13 W
2026/07/17 19:40:31.484, 21.13 W
2026/07/17 19:40:32.484, 21.13 W
2026/07/17 19:40:33.484, 21.13 W
2026/07/17 19:40:34.484, 21.13 W
2026/07/17 19:40:35.484, 21.13 W
2026/07/17 19:40:36.484, 21.13 W
2026/07/17 19:40:37.484, 21.13 W
2026/07/17 19:40:38.485, 21.13 W
2026/07/17 19:40:39.485, 21.08 W
2026/07/17 19:40:40.485, 21.03 W
2026/07/17 19:40:41.485, 21.08 W
2026/07/17 19:40:42.485, 21.13 W
2026/07/17 19:40:43.485, 21.13 W
2026/07/17 19:40:44.485, 21.08 W
2026/07/17 19:40:45.486, 21.08 W
2026/07/17 19:40:46.486, 21.08 W
2026/07/17 19:40:47.486, 21.08 W
2026/07/17 19:40:48.486, 21.08 W
2026/07/17 19:40:49.486, 21.08 W
2026/07/17 19:40:50.486, 21.08 W
2026/07/17 19:40:51.486, 21.03 W
2026/07/17 19:40:52.486, 21.03 W
2026/07/17 19:40:53.487, 21.03 W
2026/07/17 19:40:54.487, 21.03 W
2026/07/17 19:40:55.487, 21.03 W
2026/07/17 19:40:56.487, 21.03 W
2026/07/17 19:40:57.487, 21.03 W
2026/07/17 19:40:58.487, 21.03 W
2026/07/17 19:40:59.487, 21.03 W
2026/07/17 19:41:00.487, 21.03 W
2026/07/17 19:41:01.488, 21.03 W
2026/07/17 19:41:02.488, 21.03 W
2026/07/17 19:41:03.488, 21.03 W
2026/07/17 19:41:04.488, 21.03 W
2026/07/17 19:41:05.488, 21.03 W
2026/07/17 19:41:06.488, 21.03 W
2026/07/17 19:41:07.488, 21.03 W
2026/07/17 19:41:08.488, 21.03 W
2026/07/17 19:41:09.489, 21.03 W
2026/07/17 19:41:10.489, 21.03 W
2026/07/17 19:41:11.489, 21.03 W
2026/07/17 19:41:12.489, 21.03 W
2026/07/17 19:41:13.489, 21.03 W
2026/07/17 19:41:14.489, 21.03 W
2026/07/17 19:41:15.489, 21.03 W
2026/07/17 19:41:16.489, 21.03 W
2026/07/17 19:41:17.489, 21.03 W
2026/07/17 19:41:18.490, 20.99 W
2026/07/17 19:41:19.490, 20.99 W
2026/07/17 19:41:20.490, 21.03 W
2026/07/17 19:41:21.490, 21.03 W
2026/07/17 19:41:22.490, 21.03 W
2026/07/17 19:41:23.490, 21.03 W
2026/07/17 19:41:24.490, 21.03 W
2026/07/17 19:41:25.490, 21.03 W
2026/07/17 19:41:26.491, 21.03 W
2026/07/17 19:41:27.491, 21.03 W
2026/07/17 19:41:28.491, 21.03 W
2026/07/17 19:41:29.491, 21.03 W
2026/07/17 19:41:30.491, 21.03 W
2026/07/17 19:41:31.491, 21.03 W
2026/07/17 19:41:32.491, 21.03 W
2026/07/17 19:41:33.492, 21.03 W
2026/07/17 19:41:34.492, 21.03 W
2026/07/17 19:41:35.492, 21.03 W
2026/07/17 19:41:36.492, 21.03 W
2026/07/17 19:41:37.492, 21.03 W
2026/07/17 19:41:38.492, 21.03 W
2026/07/17 19:41:39.492, 20.99 W
2026/07/17 19:41:40.493, 20.99 W
2026/07/17 19:41:41.493, 21.03 W
2026/07/17 19:41:42.493, 21.03 W
2026/07/17 19:41:43.493, 20.94 W
2026/07/17 19:41:44.493, 20.84 W
2026/07/17 19:41:45.493, 20.84 W
2026/07/17 19:41:46.493, 20.84 W
2026/07/17 19:41:47.493, 20.84 W
2026/07/17 19:41:48.494, 20.84 W
2026/07/17 19:41:49.494, 20.84 W
2026/07/17 19:41:50.494, 20.84 W
2026/07/17 19:41:51.494, 20.84 W
2026/07/17 19:41:52.494, 20.84 W
2026/07/17 19:41:53.494, 20.84 W
2026/07/17 19:41:54.494, 20.84 W
2026/07/17 19:41:55.494, 20.84 W
2026/07/17 19:41:56.494, 20.84 W
2026/07/17 19:41:57.495, 20.84 W
2026/07/17 19:41:58.495, 20.84 W
2026/07/17 19:41:59.495, 20.79 W
2026/07/17 19:42:00.495, 20.79 W
2026/07/17 19:42:01.495, 20.79 W
2026/07/17 19:42:02.495, 20.79 W
2026/07/17 19:42:03.495, 20.84 W
2026/07/17 19:42:04.496, 20.79 W
2026/07/17 19:42:05.496, 20.79 W
2026/07/17 19:42:06.496, 20.84 W
2026/07/17 19:42:07.496, 20.84 W
2026/07/17 19:42:08.496, 20.84 W
2026/07/17 19:42:09.496, 20.84 W
2026/07/17 19:42:10.496, 20.84 W
2026/07/17 19:42:11.496, 20.84 W
2026/07/17 19:42:12.496, 20.84 W
2026/07/17 19:42:13.497, 20.84 W
2026/07/17 19:42:14.497, 20.84 W
2026/07/17 19:42:15.497, 20.84 W
2026/07/17 19:42:16.497, 20.84 W
2026/07/17 19:42:17.497, 20.84 W
2026/07/17 19:42:18.497, 20.79 W
2026/07/17 19:42:19.497, 20.79 W
2026/07/17 19:42:20.497, 20.84 W
2026/07/17 19:42:21.498, 20.79 W
2026/07/17 19:42:22.498, 20.79 W
2026/07/17 19:42:23.498, 20.79 W
2026/07/17 19:42:24.498, 20.79 W
2026/07/17 19:42:25.498, 20.79 W
2026/07/17 19:42:26.498, 20.74 W
2026/07/17 19:42:27.498, 20.79 W
2026/07/17 19:42:28.499, 20.79 W
2026/07/17 19:42:29.499, 20.74 W
2026/07/17 19:42:30.499, 20.74 W
2026/07/17 19:42:31.499, 20.74 W
2026/07/17 19:42:32.499, 20.74 W
2026/07/17 19:42:33.499, 20.74 W
2026/07/17 19:42:34.499, 20.79 W
2026/07/17 19:42:35.499, 20.84 W
2026/07/17 19:42:36.500, 20.84 W
2026/07/17 19:42:37.500, 20.84 W
2026/07/17 19:42:38.500, 20.84 W
2026/07/17 19:42:39.500, 20.79 W
2026/07/17 19:42:40.500, 20.79 W
2026/07/17 19:42:41.500, 20.84 W
2026/07/17 19:42:42.500, 20.79 W
2026/07/17 19:42:43.500, 20.74 W
2026/07/17 19:42:44.501, 20.74 W
2026/07/17 19:42:45.501, 20.79 W
2026/07/17 19:42:46.501, 20.79 W
2026/07/17 19:42:47.501, 20.79 W
2026/07/17 19:42:48.501, 20.84 W
2026/07/17 19:42:49.501, 20.84 W
2026/07/17 19:42:50.501, 20.84 W
2026/07/17 19:42:51.501, 20.84 W
2026/07/17 19:42:52.502, 20.79 W
2026/07/17 19:42:53.502, 20.74 W
2026/07/17 19:42:54.502, 20.74 W
2026/07/17 19:42:55.502, 21.11 W
2026/07/17 19:42:56.502, 23.13 W
2026/07/17 19:42:57.503, 21.45 W
2026/07/17 19:42:58.503, 15.99 W
2026/07/17 19:42:59.503, 15.50 W
2026/07/17 19:43:00.503, 15.50 W
2026/07/17 19:43:01.503, 15.50 W
2026/07/17 19:43:02.503, 15.45 W
2026/07/17 19:43:03.503, 12.27 W
2026/07/17 19:43:04.503, 9.05 W
2026/07/17 19:43:05.504, 8.95 W
2026/07/17 19:43:06.504, 8.95 W
2026/07/17 19:43:07.504, 8.95 W
2026/07/17 19:43:08.504, 8.95 W
2026/07/17 19:43:09.504, 8.95 W
2026/07/17 19:43:10.504, 8.95 W
2026/07/17 19:43:11.504, 8.95 W
2026/07/17 19:43:12.505, 8.95 W
2026/07/17 19:43:13.505, 8.90 W
2026/07/17 19:43:14.505, 8.86 W
2026/07/17 19:43:15.505, 8.86 W
2026/07/17 19:43:16.505, 8.86 W
2026/07/17 19:43:17.505, 8.86 W
2026/07/17 19:43:18.505, 8.86 W
2026/07/17 19:43:19.505, 8.86 W
2026/07/17 19:43:20.506, 8.86 W
2026/07/17 19:43:21.506, 8.86 W
2026/07/17 19:43:22.506, 8.86 W
2026/07/17 19:43:23.506, 8.86 W
2026/07/17 19:43:24.506, 8.86 W
2026/07/17 19:43:25.506, 8.86 W
2026/07/17 19:43:26.506, 8.86 W
